region_key,region_order,marker,q_left,q_right,effective_phase_lag_rad,phase_rad,left_force_normalized,right_force_normalized
left_dominant,1,s,0.35,0.85,1.6002818202429294,0.0,5.456824009797054e-07,0.6637541949843208
left_dominant,1,s,0.35,0.85,1.6002818202429294,0.01308996938995747,5.12538590482181e-07,0.6726630314825676
left_dominant,1,s,0.35,0.85,1.6002818202429294,0.02617993877991494,4.814123216970274e-07,0.681495287788819
left_dominant,1,s,0.35,0.85,1.6002818202429294,0.039269908169872414,4.521712960851355e-07,0.6902486510611692
left_dominant,1,s,0.35,0.85,1.6002818202429294,0.05235987755982988,4.2471182408972413e-07,0.6989205378958473
left_dominant,1,s,0.35,0.85,1.6002818202429294,0.06544984694978735,3.98915226476803e-07,0.7075085733694764
left_dominant,1,s,0.35,0.85,1.6002818202429294,0.07853981633974483,3.746893924161474e-07,0.7160103990461393
left_dominant,1,s,0.35,0.85,1.6002818202429294,0.09162978572970229,3.519316991092499e-07,0.724423559303067
left_dominant,1,s,0.35,0.85,1.6002818202429294,0.10471975511965977,3.3055850852424204e-07,0.7327459372362447
left_dominant,1,s,0.35,0.85,1.6002818202429294,0.11780972450961724,3.104817343260207e-07,0.7409749788107358
left_dominant,1,s,0.35,0.85,1.6002818202429294,0.1308996938995747,2.9162528608335357e-07,0.7491088244626521
left_dominant,1,s,0.35,0.85,1.6002818202429294,0.14398966328953217,2.7391361614565757e-07,0.7571448049205488
left_dominant,1,s,0.35,0.85,1.6002818202429294,0.15707963267948966,2.57277561882008e-07,0.7650813179385487
left_dominant,1,s,0.35,0.85,1.6002818202429294,0.17016960206944712,2.416523838591747e-07,0.7729156082950537
left_dominant,1,s,0.35,0.85,1.6002818202429294,0.18325957145940458,2.2697526951248021e-07,0.7806462175489465
left_dominant,1,s,0.35,0.85,1.6002818202429294,0.19634954084936207,2.1319079124141445e-07,0.788270552271979
left_dominant,1,s,0.35,0.85,1.6002818202429294,0.20943951023931953,2.002419492463123e-07,0.7957870563809379
left_dominant,1,s,0.35,0.85,1.6002818202429294,0.222529479629277,1.880813337276096e-07,0.8031933883488113
left_dominant,1,s,0.35,0.85,1.6002818202429294,0.23561944901923448,1.7665725740822297e-07,0.8104878786463221
left_dominant,1,s,0.35,0.85,1.6002818202429294,0.24870941840919195,1.6592921039244646e-07,0.8176684520716139
left_dominant,1,s,0.35,0.85,1.6002818202429294,0.2617993877991494,1.5585082600921467e-07,0.8247333106878323
left_dominant,1,s,0.35,0.85,1.6002818202429294,0.2748893571891069,1.4638611766659608e-07,0.8316806592902866
left_dominant,1,s,0.35,0.85,1.6002818202429294,0.28797932657906433,1.3749499223012924e-07,0.8385085574042122
left_dominant,1,s,0.35,0.85,1.6002818202429294,0.3010692959690218,1.2914477340732073e-07,0.8452155027443
left_dominant,1,s,0.35,0.85,1.6002818202429294,0.3141592653589793,1.2130104730101544e-07,0.8517993989883914
left_dominant,1,s,0.35,0.85,1.6002818202429294,0.32724923474893675,1.1393408594100356e-07,0.8582590489446167
left_dominant,1,s,0.35,0.85,1.6002818202429294,0.34033920413889424,1.0701437402682671e-07,0.8645921879453111
left_dominant,1,s,0.35,0.85,1.6002818202429294,0.3534291735288517,1.005148908515277e-07,0.8707979161722139
left_dominant,1,s,0.35,0.85,1.6002818202429294,0.36651914291880916,9.441034323425016e-08,0.8768738463575536
left_dominant,1,s,0.35,0.85,1.6002818202429294,0.37960911230876665,8.867619172456956e-08,0.8828192267575747
left_dominant,1,s,0.35,0.85,1.6002818202429294,0.39269908169872414,8.329078094830078e-08,0.8886318633684711
left_dominant,1,s,0.35,0.85,1.6002818202429294,0.4057890510886816,7.823184214482485e-08,0.8943108495388187
left_dominant,1,s,0.35,0.85,1.6002818202429294,0.41887902047863906,7.348085282707139e-08,0.8998542928539738
left_dominant,1,s,0.35,0.85,1.6002818202429294,0.43196898986859655,6.901761945824232e-08,0.9052611201286187
left_dominant,1,s,0.35,0.85,1.6002818202429294,0.445058959258554,6.482631538874028e-08,0.9105297512555431
left_dominant,1,s,0.35,0.85,1.6002818202429294,0.4581489286485115,6.088882580408651e-08,0.9156589356730371
left_dominant,1,s,0.35,0.85,1.6002818202429294,0.47123889803846897,0.00028414140749247657,0.920647415548385
left_dominant,1,s,0.35,0.85,1.6002818202429294,0.4843288674284264,0.0013510789570553424,0.9254937528779479
left_dominant,1,s,0.35,0.85,1.6002818202429294,0.4974188368183839,0.003166370742474231,0.9301970213199411
left_dominant,1,s,0.35,0.85,1.6002818202429294,0.5105088062083414,0.0056820795256903025,0.9347555861338649
left_dominant,1,s,0.35,0.85,1.6002818202429294,0.5235987755982988,0.008856631673911918,0.9391688609352055
left_dominant,1,s,0.35,0.85,1.6002818202429294,0.5366887449882562,0.012648636255701456,0.9434350057162378
left_dominant,1,s,0.35,0.85,1.6002818202429294,0.5497787143782138,0.01702004832178438,0.9475537597312038
left_dominant,1,s,0.35,0.85,1.6002818202429294,0.5628686837681712,0.02193511251839326,0.9515231360394352
left_dominant,1,s,0.35,0.85,1.6002818202429294,0.5759586531581287,0.02735903074187637,0.9553430239842627
left_dominant,1,s,0.35,0.85,1.6002818202429294,0.5890486225480862,0.033260893264002264,0.9590116539437544
left_dominant,1,s,0.35,0.85,1.6002818202429294,0.6021385919380436,0.039608887949019456,0.9625287189347247
left_dominant,1,s,0.35,0.85,1.6002818202429294,0.6152285613280011,0.04637626551451311,0.9658927869958813
left_dominant,1,s,0.35,0.85,1.6002818202429294,0.6283185307179586,0.05353395907694102,0.9691033470616827
left_dominant,1,s,0.35,0.85,1.6002818202429294,0.6414085001079161,0.061058785484884,0.9721593117842438
left_dominant,1,s,0.35,0.85,1.6002818202429294,0.6544984694978735,0.06892444661538871,0.9750599590054352
left_dominant,1,s,0.35,0.85,1.6002818202429294,0.667588438887831,0.07711007501839226,0.9778045521917148
left_dominant,1,s,0.35,0.85,1.6002818202429294,0.6806784082777885,0.08559265013765519,0.980392151822563
left_dominant,1,s,0.35,0.85,1.6002818202429294,0.6937683776677459,0.09435299677057415,0.9828223776290628
left_dominant,1,s,0.35,0.85,1.6002818202429294,0.7068583470577035,0.10337105229959138,0.9850940671937878
left_dominant,1,s,0.35,0.85,1.6002818202429294,0.7199483164476609,0.11262916353022474,0.9872072012134769
left_dominant,1,s,0.35,0.85,1.6002818202429294,0.7330382858376183,0.12210980644644202,0.9891603895693939
left_dominant,1,s,0.35,0.85,1.6002818202429294,0.7461282552275759,0.13179674231873786,0.9909539541018556
left_dominant,1,s,0.35,0.85,1.6002818202429294,0.7592182246175333,0.14167462082923452,0.9925863442378537
left_dominant,1,s,0.35,0.85,1.6002818202429294,0.7723081940074907,0.15172851854328506,0.9940580304863993
left_dominant,1,s,0.35,0.85,1.6002818202429294,0.7853981633974483,0.1619449411910008,0.9953676953041437
left_dominant,1,s,0.35,0.85,1.6002818202429294,0.7984881327874057,0.17231018956779245,0.996515585718206
left_dominant,1,s,0.35,0.85,1.6002818202429294,0.8115781021773631,0.18281234881500988,0.9975007435650309
left_dominant,1,s,0.35,0.85,1.6002818202429294,0.8246680715673207,0.19343886067266358,0.9983231882903065
left_dominant,1,s,0.35,0.85,1.6002818202429294,0.8377580409572781,0.20417914864934905,0.998982324269413
left_dominant,1,s,0.35,0.85,1.6002818202429294,0.8508480103472356,0.2150217905308535,0.999477939980351
left_dominant,1,s,0.35,0.85,1.6002818202429294,0.8639379797371931,0.22595712511083071,0.9998098047525186
left_dominant,1,s,0.35,0.85,1.6002818202429294,0.8770279491271505,0.23697499213048379,0.9999774734177052
left_dominant,1,s,0.35,0.85,1.6002818202429294,0.890117918517108,0.24806644580789122,0.9999810819335249
left_dominant,1,s,0.35,0.85,1.6002818202429294,0.9032078879070655,0.25922244097003766,0.999819949508994
left_dominant,1,s,0.35,0.85,1.6002818202429294,0.916297857297023,0.2704346957483157,0.9994945796668412
left_dominant,1,s,0.35,0.85,1.6002818202429294,0.9293878266869804,0.28169510746917326,0.9990040547126812
left_dominant,1,s,0.35,0.85,1.6002818202429294,0.9424777960769379,0.29299602664988106,0.9983492215404914
left_dominant,1,s,0.35,0.85,1.6002818202429294,0.9555677654668954,0.30433014192180635,0.9975289981539366
left_dominant,1,s,0.35,0.85,1.6002818202429294,0.9686577348568528,0.315690407782572,0.9965443745662689
left_dominant,1,s,0.35,0.85,1.6002818202429294,0.9817477042468103,0.3270701715726583,0.9953945085716952
left_dominant,1,s,0.35,0.85,1.6002818202429294,0.9948376736367678,0.3384629663683781,0.9940801526971416
left_dominant,1,s,0.35,0.85,1.6002818202429294,1.0079276430267252,0.34986268179661134,0.9926008310904217
left_dominant,1,s,0.35,0.85,1.6002818202429294,1.0210176124166828,0.36126340697393244,0.9909570581586495
left_dominant,1,s,0.35,0.85,1.6002818202429294,1.03410758180664,0.37265947145821204,0.989148723809708
left_dominant,1,s,0.35,0.85,1.6002818202429294,1.0471975511965976,0.38404548884989337,0.9871761043743591
left_dominant,1,s,0.35,0.85,1.6002818202429294,1.0602875205865552,0.39541617369633303,0.9850394542054017
left_dominant,1,s,0.35,0.85,1.6002818202429294,1.0733774899765125,0.40676659285089883,0.9827388122704677
left_dominant,1,s,0.35,0.85,1.6002818202429294,1.08646745936647,0.41809183440918607,0.980274795336539
left_dominant,1,s,0.35,0.85,1.6002818202429294,1.0995574287564276,0.42938733115375444,0.9776472063835389
left_dominant,1,s,0.35,0.85,1.6002818202429294,1.112647398146385,0.4406485416237461,0.9748570218528817
left_dominant,1,s,0.35,0.85,1.6002818202429294,1.1257373675363425,0.4518711890745657,0.971903810766459
left_dominant,1,s,0.35,0.85,1.6002818202429294,1.1388273369263,0.46305109973548986,0.968788881855497
left_dominant,1,s,0.35,0.85,1.6002818202429294,1.1519173063162573,0.47418422042720076,0.9655116446882025
left_dominant,1,s,0.35,0.85,1.6002818202429294,1.1650072757062149,0.4852667433117885,0.9620735411415011
left_dominant,1,s,0.35,0.85,1.6002818202429294,1.1780972450961724,0.4962947793364038,0.9584742181235092
left_dominant,1,s,0.35,0.85,1.6002818202429294,1.1911872144861297,0.5072648857764397,0.9547148782453316
left_dominant,1,s,0.35,0.85,1.6002818202429294,1.2042771838760873,0.5181732847987336,0.9507955270290744
left_dominant,1,s,0.35,0.85,1.6002818202429294,1.2173671532660448,0.5290168988434533,0.9467171304407501
left_dominant,1,s,0.35,0.85,1.6002818202429294,1.2304571226560022,0.5397920141103486,0.9424800484032994
left_dominant,1,s,0.35,0.85,1.6002818202429294,1.2435470920459597,0.5504958618131055,0.938085013488855
left_dominant,1,s,0.35,0.85,1.6002818202429294,1.2566370614359172,0.5611249217369166,0.9335327351271392
left_dominant,1,s,0.35,0.85,1.6002818202429294,1.2697270308258746,0.571676542697551,0.9288237163685574
left_dominant,1,s,0.35,0.85,1.6002818202429294,1.2828170002158321,0.5821474806035029,0.9239590105840072
left_dominant,1,s,0.35,0.85,1.6002818202429294,1.2959069696057897,0.5925351310149096,0.9189388957852613
left_dominant,1,s,0.35,0.85,1.6002818202429294,1.308996938995747,0.602836543137442,0.9137647630571331
left_dominant,1,s,0.35,0.85,1.6002818202429294,1.3220869083857045,0.6130491228029197,0.9084366704563597
left_dominant,1,s,0.35,0.85,1.6002818202429294,1.335176877775662,0.6231702197105721,0.9029563174293087
left_dominant,1,s,0.35,0.85,1.6002818202429294,1.3482668471656194,0.6331972170811417,0.8973236151725562
left_dominant,1,s,0.35,0.85,1.6002818202429294,1.361356816555577,0.643127772403669,0.8915403819184752
left_dominant,1,s,0.35,0.85,1.6002818202429294,1.3744467859455345,0.6529592165826354,0.8856067546344536
left_dominant,1,s,0.35,0.85,1.6002818202429294,1.3875367553354918,0.6626895222598643,0.8795243218065515
left_dominant,1,s,0.35,0.85,1.6002818202429294,1.4006267247254494,0.6723159411392886,0.8732935570641999
left_dominant,1,s,0.35,0.85,1.6002818202429294,1.413716694115407,0.6818367684090428,0.8669158247609858
left_dominant,1,s,0.35,0.85,1.6002818202429294,1.4268066635053642,0.6912491522008684,0.8603919275923864
left_dominant,1,s,0.35,0.85,1.6002818202429294,1.4398966328953218,0.700551631428492,0.8537230119639395
left_dominant,1,s,0.35,0.85,1.6002818202429294,1.4529866022852793,0.7097414871462274,0.846910201420745
left_dominant,1,s,0.35,0.85,1.6002818202429294,1.4660765716752366,0.7188172273196717,0.8399544311630796
left_dominant,1,s,0.35,0.85,1.6002818202429294,1.4791665410651942,0.7277764022024654,0.8328571367615533
left_dominant,1,s,0.35,0.85,1.6002818202429294,1.4922565104551517,0.736617419001604,0.8256190494996521
left_dominant,1,s,0.35,0.85,1.6002818202429294,1.505346479845109,0.745338122926724,0.8182419075549837
left_dominant,1,s,0.35,0.85,1.6002818202429294,1.5184364492350666,0.7539368004889447,0.8107262461152595
left_dominant,1,s,0.35,0.85,1.6002818202429294,1.5315264186250241,0.762411601327809,0.8030740758888643
left_dominant,1,s,0.35,0.85,1.6002818202429294,1.5446163880149815,0.7707606730229741,0.7952858045390807
left_dominant,1,s,0.35,0.85,1.6002818202429294,1.557706357404939,0.7789824788129601,0.7873635431318673
left_dominant,1,s,0.35,0.85,1.6002818202429294,1.5707963267948966,0.7870750106586191,0.7793079048575943
left_dominant,1,s,0.35,0.85,1.6002818202429294,1.5838862961848539,0.7950370542405099,0.7711207908133482
left_dominant,1,s,0.35,0.85,1.6002818202429294,1.5969762655748114,0.8028664306295251,0.7628031156691752
left_dominant,1,s,0.35,0.85,1.6002818202429294,1.610066234964769,0.81056225644336,0.7543565788355885
left_dominant,1,s,0.35,0.85,1.6002818202429294,1.6231562043547263,0.8181221678944799,0.7457823858262255
left_dominant,1,s,0.35,0.85,1.6002818202429294,1.6362461737446838,0.825545514409683,0.7370820431434052
left_dominant,1,s,0.35,0.85,1.6002818202429294,1.6493361431346414,0.832830053338286,0.728257035967799
left_dominant,1,s,0.35,0.85,1.6002818202429294,1.6624261125245987,0.8399750306614302,0.719308687153108
left_dominant,1,s,0.35,0.85,1.6002818202429294,1.6755160819145563,0.8469784951617954,0.7102387498459566
left_dominant,1,s,0.35,0.85,1.6002818202429294,1.6886060513045138,0.8538395162066568,0.7010483729768905
left_dominant,1,s,0.35,0.85,1.6002818202429294,1.7016960206944711,0.8605564630501709,0.6917395654493438
left_dominant,1,s,0.35,0.85,1.6002818202429294,1.7147859900844287,0.8671282164922355,0.6823133124463173
left_dominant,1,s,0.35,0.85,1.6002818202429294,1.7278759594743862,0.873553474756442,0.6727718490624807
left_dominant,1,s,0.35,0.85,1.6002818202429294,1.7409659288643435,0.8798309191234039,0.6631160579387864
left_dominant,1,s,0.35,0.85,1.6002818202429294,1.754055898254301,0.8859595847797916,0.6533482525792896
left_dominant,1,s,0.35,0.85,1.6002818202429294,1.7671458676442586,0.8919379434820986,0.6434694930111096
left_dominant,1,s,0.35,0.85,1.6002818202429294,1.780235837034216,0.8977653748554021,0.6334819115862242
left_dominant,1,s,0.35,0.85,1.6002818202429294,1.7933258064241735,0.9034401320277299,0.6233868228446036
left_dominant,1,s,0.35,0.85,1.6002818202429294,1.806415775814131,0.9089619460057047,0.6131861885446533
left_dominant,1,s,0.35,0.85,1.6002818202429294,1.8195057452040884,0.9143288430453043,0.6028815645062936
left_dominant,1,s,0.35,0.85,1.6002818202429294,1.832595714594046,0.9195407919067312,0.5924747528603508
left_dominant,1,s,0.35,0.85,1.6002818202429294,1.8456856839840035,0.9245959446331984,0.581967537031075
left_dominant,1,s,0.35,0.85,1.6002818202429294,1.8587756533739608,0.9294941272651959,0.5713615708779131
left_dominant,1,s,0.35,0.85,1.6002818202429294,1.8718656227639183,0.9342338097470807,0.5606588513298812
left_dominant,1,s,0.35,0.85,1.6002818202429294,1.8849555921538759,0.9388145989164047,0.5498608957037975
left_dominant,1,s,0.35,0.85,1.6002818202429294,1.8980455615438332,0.9432353121378525,0.5389698999291199
left_dominant,1,s,0.35,0.85,1.6002818202429294,1.9111355309337907,0.9474953298953076,0.5279872568633328
left_dominant,1,s,0.35,0.85,1.6002818202429294,1.9242255003237483,0.9515938230403618,0.5169153335710379
left_dominant,1,s,0.35,0.85,1.6002818202429294,1.9373154697137056,0.9555299393052737,0.5057554497972614
left_dominant,1,s,0.35,0.85,1.6002818202429294,1.9504054391036632,0.9593032084863224,0.4945100262833775
left_dominant,1,s,0.35,0.85,1.6002818202429294,1.9634954084936207,0.9629125399006201,0.48318052520355126
left_dominant,1,s,0.35,0.85,1.6002818202429294,1.976585377883578,0.9663578271296215,0.47176922258441556
left_dominant,1,s,0.35,0.85,1.6002818202429294,1.9896753472735356,0.9696377361305452,0.4602777782303998
left_dominant,1,s,0.35,0.85,1.6002818202429294,2.002765316663493,0.9727525284852245,0.44870942138468983
left_dominant,1,s,0.35,0.85,1.6002818202429294,2.0158552860534504,0.9757006225516137,0.43728092042673006
left_dominant,1,s,0.35,0.85,1.6002818202429294,2.028945255443408,0.9784825231648961,0.42614347212681214
left_dominant,1,s,0.35,0.85,1.6002818202429294,2.0420352248333655,0.981096782526811,0.4152895844752254
left_dominant,1,s,0.35,0.85,1.6002818202429294,2.055125194223323,0.9835437403902569,0.4047123657623887
left_dominant,1,s,0.35,0.85,1.6002818202429294,2.06821516361328,0.9858222871387458,0.394404200817655
left_dominant,1,s,0.35,0.85,1.6002818202429294,2.0813051330032377,0.9879325195020106,0.38435903179617226
left_dominant,1,s,0.35,0.85,1.6002818202429294,2.0943951023931953,0.9898736942530852,0.3745691515115929
left_dominant,1,s,0.35,0.85,1.6002818202429294,2.107485071783153,0.9916456616031515,0.3650292697293076
left_dominant,1,s,0.35,0.85,1.6002818202429294,2.1205750411731104,0.9932480476758044,0.3557316506250541
left_dominant,1,s,0.35,0.85,1.6002818202429294,2.133665010563068,0.9946804533346376,0.3466716047332194
left_dominant,1,s,0.35,0.85,1.6002818202429294,2.146754979953025,0.9959428763544992,0.3378416675794599
left_dominant,1,s,0.35,0.85,1.6002818202429294,2.1598449493429825,0.997034666081949,0.32923715058125574
left_dominant,1,s,0.35,0.85,1.6002818202429294,2.17293491873294,0.9979561935799055,0.3208513707653895
left_dominant,1,s,0.35,0.85,1.6002818202429294,2.1860248881228976,0.998706555161892,0.31267947947311736
left_dominant,1,s,0.35,0.85,1.6002818202429294,2.199114857512855,0.9992864961489855,0.3047155156622575
left_dominant,1,s,0.35,0.85,1.6002818202429294,2.2122048269028127,0.9996948589534163,0.296954498405466
left_dominant,1,s,0.35,0.85,1.6002818202429294,2.22529479629277,0.9999326320878393,0.28939113302883074
left_dominant,1,s,0.35,0.85,1.6002818202429294,2.2383847656827274,0.9999987979405752,0.28202033175952085
left_dominant,1,s,0.35,0.85,1.6002818202429294,2.251474735072685,0.9998941683877568,0.27483741448444254
left_dominant,1,s,0.35,0.85,1.6002818202429294,2.2645647044626425,0.9996180736396563,0.2678372097930118
left_dominant,1,s,0.35,0.85,1.6002818202429294,2.2776546738526,0.9991710721099086,0.26101560384399963
left_dominant,1,s,0.35,0.85,1.6002818202429294,2.2907446432425576,0.9985528673859383,0.25436736273958566
left_dominant,1,s,0.35,0.85,1.6002818202429294,2.3038346126325147,0.9977637641575177,0.2478888939174346
left_dominant,1,s,0.35,0.85,1.6002818202429294,2.316924582022472,0.9968038389586287,0.2415749440319143
left_dominant,1,s,0.35,0.85,1.6002818202429294,2.3300145514124297,0.9956731431228883,0.23542232849882705
left_dominant,1,s,0.35,0.85,1.6002818202429294,2.3431045208023873,0.9943721250252572,0.22942597824442396
left_dominant,1,s,0.35,0.85,1.6002818202429294,2.356194490192345,0.9929005836351616,0.22358270928421073
left_dominant,1,s,0.35,0.85,1.6002818202429294,2.3692844595823024,0.991259337389232,0.2178879832565369
left_dominant,1,s,0.35,0.85,1.6002818202429294,2.3823744289722595,0.9894479345039284,0.21233850747023403
left_dominant,1,s,0.35,0.85,1.6002818202429294,2.395464398362217,0.9874675610264699,0.2069302338221055
left_dominant,1,s,0.35,0.85,1.6002818202429294,2.4085543677521746,0.9853175166455878,0.2016597797982769
left_dominant,1,s,0.35,0.85,1.6002818202429294,2.421644337142132,0.9829992226719434,0.19652354982171089
left_dominant,1,s,0.35,0.85,1.6002818202429294,2.4347343065320897,0.9805121207811953,0.19151808882048965
left_dominant,1,s,0.35,0.85,1.6002818202429294,2.447824275922047,0.977857452625435,0.18664021856164706
left_dominant,1,s,0.35,0.85,1.6002818202429294,2.4609142453120043,0.9750350048961854,0.18188642717543524
left_dominant,1,s,0.35,0.85,1.6002818202429294,2.474004214701962,0.97204576666315,0.17725392098026024
left_dominant,1,s,0.35,0.85,1.6002818202429294,2.4870941840919194,0.9688898914538453,0.17273914567171664
left_dominant,1,s,0.35,0.85,1.6002818202429294,2.500184153481877,0.9655681185212027,0.16833966156516147
left_dominant,1,s,0.35,0.85,1.6002818202429294,2.5132741228718345,0.9620809643557326,0.164051901149312
left_dominant,1,s,0.35,0.85,1.6002818202429294,2.526364092261792,0.9584289217560333,0.15987370179470325
left_dominant,1,s,0.35,0.85,1.6002818202429294,2.539454061651749,0.9546128656434443,0.15580162112783588
left_dominant,1,s,0.35,0.85,1.6002818202429294,2.5525440310417067,0.9506330463149463,0.1518334969264986
left_dominant,1,s,0.35,0.85,1.6002818202429294,2.5656340004316642,0.9464906919372145,0.14796624722016746
left_dominant,1,s,0.35,0.85,1.6002818202429294,2.5787239698216218,0.9421858148415861,0.1441976359646687
left_dominant,1,s,0.35,0.85,1.6002818202429294,2.5918139392115793,0.9377199906078038,0.14052491412065998
left_dominant,1,s,0.35,0.85,1.6002818202429294,2.604903908601537,0.9330929987132757,0.13694578464597862
left_dominant,1,s,0.35,0.85,1.6002818202429294,2.617993877991494,0.9283066336099717,0.13345780580871786
left_dominant,1,s,0.35,0.85,1.6002818202429294,2.6310838473814515,0.9233608138079686,0.13005863129304207
left_dominant,1,s,0.35,0.85,1.6002818202429294,2.644173816771409,0.9182571586642123,0.12674610278256418
left_dominant,1,s,0.35,0.85,1.6002818202429294,2.6572637861613666,0.9129959159993529,0.1235178353904281
left_dominant,1,s,0.35,0.85,1.6002818202429294,2.670353755551324,0.907578463791558,0.12037193194646811
left_dominant,1,s,0.35,0.85,1.6002818202429294,2.6834437249412817,0.9020053963793299,0.11730597874674077
left_dominant,1,s,0.35,0.85,1.6002818202429294,2.696533694331239,0.8962778559635636,0.11431831901800178
left_dominant,1,s,0.35,0.85,1.6002818202429294,2.7096236637211963,0.8903967762077454,0.11140653008760702
left_dominant,1,s,0.35,0.85,1.6002818202429294,2.722713633111154,0.8843630696900503,0.10856914332859847
left_dominant,1,s,0.35,0.85,1.6002818202429294,2.7358036025011114,0.8781780015898273,0.1058038210485497
left_dominant,1,s,0.35,0.85,1.6002818202429294,2.748893571891069,0.8718422615605944,0.10310909489706607
left_dominant,1,s,0.35,0.85,1.6002818202429294,2.7619835412810265,0.8653574378823361,0.10048287192893034
left_dominant,1,s,0.35,0.85,1.6002818202429294,2.7750735106709836,0.8587240045154054,0.09792363366175477
left_dominant,1,s,0.35,0.85,1.6002818202429294,2.788163480060941,0.8519438638299149,0.09542951324162292
left_dominant,1,s,0.35,0.85,1.6002818202429294,2.8012534494508987,0.8450172818473367,0.09299895076282784
left_dominant,1,s,0.35,0.85,1.6002818202429294,2.8143434188408563,0.8379463552334631,0.09063028806184197
left_dominant,1,s,0.35,0.85,1.6002818202429294,2.827433388230814,0.8307314809372023,0.0883219317715421
left_dominant,1,s,0.35,0.85,1.6002818202429294,2.8405233576207713,0.823374592087892,0.08607241619395217
left_dominant,1,s,0.35,0.85,1.6002818202429294,2.8536133270107285,0.8158763867249784,0.08388012176863201
left_dominant,1,s,0.35,0.85,1.6002818202429294,2.866703296400686,0.8082385773196967,0.08174376014022733
left_dominant,1,s,0.35,0.85,1.6002818202429294,2.8797932657906435,0.8004621749198623,0.0796616921788097
left_dominant,1,s,0.35,0.85,1.6002818202429294,2.892883235180601,0.7925486795276041,0.0776327927809395
left_dominant,1,s,0.35,0.85,1.6002818202429294,2.9059732045705586,0.7844994049525152,0.07565541672610467
left_dominant,1,s,0.35,0.85,1.6002818202429294,2.919063173960516,0.7763156474090924,0.07372856667972846
left_dominant,1,s,0.35,0.85,1.6002818202429294,2.9321531433504733,0.7679990126731371,0.07185065513078638
left_dominant,1,s,0.35,0.85,1.6002818202429294,2.945243112740431,0.7595506023327129,0.07002068493251432
left_dominant,1,s,0.35,0.85,1.6002818202429294,2.9583330821303884,0.7509723027993442,0.06823723478005256
left_dominant,1,s,0.35,0.85,1.6002818202429294,2.971423051520346,0.7422650306623158,0.06649927348234126
left_dominant,1,s,0.35,0.85,1.6002818202429294,2.9845130209103035,0.7334309411181211,0.0648055332715851
left_dominant,1,s,0.35,0.85,1.6002818202429294,2.997602990300261,0.7244707758375827,0.06315495482643042
left_dominant,1,s,0.35,0.85,1.6002818202429294,3.010692959690218,0.7153868523578676,0.06154641209930553
left_dominant,1,s,0.35,0.85,1.6002818202429294,3.0237829290801757,0.7061800302155362,0.05997882304543549
left_dominant,1,s,0.35,0.85,1.6002818202429294,3.036872898470133,0.6968524813584944,0.058451192319295936
left_dominant,1,s,0.35,0.85,1.6002818202429294,3.0499628678600907,0.6874053266779477,0.056962420088408676
left_dominant,1,s,0.35,0.85,1.6002818202429294,3.0630528372500483,0.6778405467583045,0.055511631439417154
left_dominant,1,s,0.35,0.85,1.6002818202429294,3.076142806640006,0.6681595300098103,0.05409771325033745
left_dominant,1,s,0.35,0.85,1.6002818202429294,3.089232776029963,0.6583640761022195,0.05271990147107728
left_dominant,1,s,0.35,0.85,1.6002818202429294,3.1023227454199205,0.6484558280542599,0.051377078843578464
left_dominant,1,s,0.35,0.85,1.6002818202429294,3.115412714809878,0.6384364154845982,0.05006856808471493
left_dominant,1,s,0.35,0.85,1.6002818202429294,3.1285026841998356,0.6283077226495526,0.04879329112654875
left_dominant,1,s,0.35,0.85,1.6002818202429294,3.141592653589793,0.6180712203792851,0.047550570813495605
left_dominant,1,s,0.35,0.85,1.6002818202429294,3.1546826229797507,0.607729020353898,0.046339441947094016
left_dominant,1,s,0.35,0.85,1.6002818202429294,3.1677725923697078,0.5972824462604974,0.045159204252510354
left_dominant,1,s,0.35,0.85,1.6002818202429294,3.1808625617596653,0.5867338229641564,0.0440089967972586
left_dominant,1,s,0.35,0.85,1.6002818202429294,3.193952531149623,0.5760843390206446,0.0428881002034134
left_dominant,1,s,0.35,0.85,1.6002818202429294,3.2070425005395804,0.5653364434765099,0.04179574977972911
left_dominant,1,s,0.35,0.85,1.6002818202429294,3.220132469929538,0.5544914251913509,0.04073121071695999
left_dominant,1,s,0.35,0.85,1.6002818202429294,3.2332224393194955,0.5435516112051951,0.039693807082731326
left_dominant,1,s,0.35,0.85,1.6002818202429294,3.2463124087094526,0.5325185019741214,0.038682791988289146
left_dominant,1,s,0.35,0.85,1.6002818202429294,3.25940237809941,0.5213942698600439,0.03769757128592427
left_dominant,1,s,0.35,0.85,1.6002818202429294,3.2724923474893677,0.5101806270872493,0.03673738906206993
left_dominant,1,s,0.35,0.85,1.6002818202429294,3.2855823168793252,0.49887960364162703,0.03580172645550534
left_dominant,1,s,0.35,0.85,1.6002818202429294,3.2986722862692828,0.48749310843572385,0.034889824743884246
left_dominant,1,s,0.35,0.85,1.6002818202429294,3.3117622556592403,0.47602304170320664,0.034001223988842436
left_dominant,1,s,0.35,0.85,1.6002818202429294,3.3248522250491974,0.46447149361103895,0.033135192081777565
left_dominant,1,s,0.35,0.85,1.6002818202429294,3.337942194439155,0.45284024756802893,0.0322912691709384
left_dominant,1,s,0.35,0.85,1.6002818202429294,3.3510321638291125,0.4411315592279273,0.031468799796615606
left_dominant,1,s,0.35,0.85,1.6002818202429294,3.36412213321907,0.42934710838712553,0.030667308406933345
left_dominant,1,s,0.35,0.85,1.6002818202429294,3.3772121026090276,0.4174893001052122,0.02988621034849711
left_dominant,1,s,0.35,0.85,1.6002818202429294,3.3903020719989847,0.4055597240448535,0.029125017096651346
left_dominant,1,s,0.35,0.85,1.6002818202429294,3.4033920413889422,0.3935608665291526,0.02838320935477312
left_dominant,1,s,0.35,0.85,1.6002818202429294,3.4164820107789,0.3814943961195242,0.027660288118902362
left_dominant,1,s,0.35,0.85,1.6002818202429294,3.4295719801688573,0.3693627054198079,0.0269557943679613
left_dominant,1,s,0.35,0.85,1.6002818202429294,3.442661949558815,0.35716761670657804,0.02626922089487782
left_dominant,1,s,0.35,0.85,1.6002818202429294,3.4557519189487724,0.3449114105495116,0.025600164217984858
left_dominant,1,s,0.35,0.85,1.6002818202429294,3.4688418883387295,0.3325960571118865,0.024948111001520706
left_dominant,1,s,0.35,0.85,1.6002818202429294,3.481931857728687,0.3202237386098117,0.024312708890360853
left_dominant,1,s,0.35,0.85,1.6002818202429294,3.4950218271186446,0.30779655642283266,0.02369344264132075
left_dominant,1,s,0.35,0.85,1.6002818202429294,3.508111796508602,0.2953166083106936,0.0230899999133858
left_dominant,1,s,0.35,0.85,1.6002818202429294,3.5212017658985597,0.282786109964955,0.02250188353658455
left_dominant,1,s,0.35,0.85,1.6002818202429294,3.5342917352885173,0.270207088782872,0.02192878122872153
left_dominant,1,s,0.35,0.85,1.6002818202429294,3.5473817046784744,0.2575818576519753,0.021370247871566328
left_dominant,1,s,0.35,0.85,1.6002818202429294,3.560471674068432,0.24491238787743588,0.02082596052107504
left_dominant,1,s,0.35,0.85,1.6002818202429294,3.5735616434583894,0.23220107223716216,0.020295522143105045
left_dominant,1,s,0.35,0.85,1.6002818202429294,3.586651612848347,0.21944984037081916,0.019778600983885855
left_dominant,1,s,0.35,0.85,1.6002818202429294,3.5997415822383045,0.20666112028421865,0.019274844392613268
left_dominant,1,s,0.35,0.85,1.6002818202429294,3.612831551628262,0.19412098029953326,0.01878391349909255
left_dominant,1,s,0.35,0.85,1.6002818202429294,3.625921521018219,0.1823305591887566,0.018305496585232648
left_dominant,1,s,0.35,0.85,1.6002818202429294,3.6390114904081767,0.17125742820530676,0.01783924921016066
left_dominant,1,s,0.35,0.85,1.6002818202429294,3.6521014597981343,0.16085595122697177,0.017384897372221576
left_dominant,1,s,0.35,0.85,1.6002818202429294,3.665191429188092,0.15108670699318047,0.01694209246859174
left_dominant,1,s,0.35,0.85,1.6002818202429294,3.6782813985780494,0.14191055513983408,0.016510595217302936
left_dominant,1,s,0.35,0.85,1.6002818202429294,3.691371367968007,0.13329166379320426,0.016090055720213138
left_dominant,1,s,0.35,0.85,1.6002818202429294,3.704461337357964,0.12519649225448828,0.015680261868664752
left_dominant,1,s,0.35,0.85,1.6002818202429294,3.7175513067479216,0.11759249847373376,0.015280876037911808
left_dominant,1,s,0.35,0.85,1.6002818202429294,3.730641276137879,0.11045096618371945,0.014891686159239506
left_dominant,1,s,0.35,0.85,1.6002818202429294,3.7437312455278366,0.1037423644737178,0.014512389955886178
left_dominant,1,s,0.35,0.85,1.6002818202429294,3.756821214917794,0.09744213110803474,0.014142768118748077
left_dominant,1,s,0.35,0.85,1.6002818202429294,3.7699111843077517,0.09152348773416678,0.013782551024639874
left_dominant,1,s,0.35,0.85,1.6002818202429294,3.783001153697709,0.08596544665292395,0.013431513381832771
left_dominant,1,s,0.35,0.85,1.6002818202429294,3.7960911230876664,0.08074398611213925,0.013089415707564772
left_dominant,1,s,0.35,0.85,1.6002818202429294,3.809181092477624,0.07584046205539736,0.012756027877391444
left_dominant,1,s,0.35,0.85,1.6002818202429294,3.8222710618675815,0.07123410274539738,0.01243113820567781
left_dominant,1,s,0.35,0.85,1.6002818202429294,3.835361031257539,0.06690797906268697,0.012114512784970742
left_dominant,1,s,0.35,0.85,1.6002818202429294,3.8484510006474966,0.06284426158671773,0.011805965542609622
left_dominant,1,s,0.35,0.85,1.6002818202429294,3.8615409700374537,0.05902754895998611,0.011505259744788436
left_dominant,1,s,0.35,0.85,1.6002818202429294,3.874630939427411,0.05544254956747098,0.01121223289675028
left_dominant,1,s,0.35,0.85,1.6002818202429294,3.8877209088173688,0.052075264376941474,0.010926647385047422
left_dominant,1,s,0.35,0.85,1.6002818202429294,3.9008108782073263,0.04891258948746495,0.010648359168133115
left_dominant,1,s,0.35,0.85,1.6002818202429294,3.913900847597284,0.045941811156812964,0.010377138967339359
left_dominant,1,s,0.35,0.85,1.6002818202429294,3.9269908169872414,0.043151710324731356,0.010112842768244226
left_dominant,1,s,0.35,0.85,1.6002818202429294,3.9400807863771985,0.040530749660680154,0.009855265296755187
left_dominant,1,s,0.35,0.85,1.6002818202429294,3.953170755767156,0.038069333028778976,0.009604257621552011
left_dominant,1,s,0.35,0.85,1.6002818202429294,3.9662607251571136,0.03575699848604876,0.009359636643363563
left_dominant,1,s,0.35,0.85,1.6002818202429294,3.979350694547071,0.03358554642005388,0.009121249368109345
left_dominant,1,s,0.35,0.85,1.6002818202429294,3.9924406639370287,0.031545591854575596,0.008888933164674597
left_dominant,1,s,0.35,0.85,1.6002818202429294,4.005530633326986,0.029629850806960602,0.008662531757114943
left_dominant,1,s,0.35,0.85,1.6002818202429294,4.018620602716943,0.02783020803818546,0.008441901391155571
left_dominant,1,s,0.35,0.85,1.6002818202429294,4.031710572106901,0.026140049568455427,0.008226883221835925
left_dominant,1,s,0.35,0.85,1.6002818202429294,4.044800541496858,0.024552409682418615,0.008017350888478419
left_dominant,1,s,0.35,0.85,1.6002818202429294,4.057890510886816,0.02306127127637229,0.007813143626765492
left_dominant,1,s,0.35,0.85,1.6002818202429294,4.0709804802767735,0.021660660121528966,0.0076141510876131906
left_dominant,1,s,0.35,0.85,1.6002818202429294,4.084070449666731,0.020345106983851724,0.007420211909345953
left_dominant,1,s,0.35,0.85,1.6002818202429294,4.097160419056689,0.01910949234508978,0.007231228274328373
left_dominant,1,s,0.35,0.85,1.6002818202429294,4.110250388446646,0.017948849116763053,0.007047044480977396
left_dominant,1,s,0.35,0.85,1.6002818202429294,4.123340357836604,0.016858794162580862,0.006867562730078925
left_dominant,1,s,0.35,0.85,1.6002818202429294,4.13643032722656,0.01583482000232294,0.00669264362139242
left_dominant,1,s,0.35,0.85,1.6002818202429294,4.149520296616518,0.014873177554473222,0.006522186016672054
left_dominant,1,s,0.35,0.85,1.6002818202429294,4.162610266006475,0.013969779478300528,0.00635606557444776
left_dominant,1,s,0.35,0.85,1.6002818202429294,4.175700235396433,0.013121422295258913,0.006194178397480811
left_dominant,1,s,0.35,0.85,1.6002818202429294,4.1887902047863905,0.012324439421078326,0.006036414044087293
left_dominant,1,s,0.35,0.85,1.6002818202429294,4.201880174176348,0.011575985101481156,0.005882666388336566
left_dominant,1,s,0.35,0.85,1.6002818202429294,4.214970143566306,0.010872888821481115,0.005732837807678079
left_dominant,1,s,0.35,0.85,1.6002818202429294,4.228060112956263,0.010212566587926556,0.00558682043158011
left_dominant,1,s,0.35,0.85,1.6002818202429294,4.241150082346221,0.009592296989304026,0.005444528449366069
left_dominant,1,s,0.35,0.85,1.6002818202429294,4.254240051736178,0.00900972922394134,0.005305852687081576
left_dominant,1,s,0.35,0.85,1.6002818202429294,4.267330021126136,0.008462529240820875,0.005170718207414123
left_dominant,1,s,0.35,0.85,1.6002818202429294,4.280419990516093,0.007948560283596851,0.0050390154307475435
left_dominant,1,s,0.35,0.85,1.6002818202429294,4.29350995990605,0.007465822225188818,0.004910677929791504
left_dominant,1,s,0.35,0.85,1.6002818202429294,4.3065999292960075,0.007012374490781358,0.004785599968659457
left_dominant,1,s,0.35,0.85,1.6002818202429294,4.319689898685965,0.006586504647844259,0.004663715132570362
left_dominant,1,s,0.35,0.85,1.6002818202429294,4.332779868075923,0.006186451684342391,0.004544928755769947
left_dominant,1,s,0.35,0.85,1.6002818202429294,4.34586983746588,0.005810750884436687,0.00442917215596271
left_dominant,1,s,0.35,0.85,1.6002818202429294,4.358959806855838,0.005457805378952606,0.004316360893702724
left_dominant,1,s,0.35,0.85,1.6002818202429294,4.372049776245795,0.005126363611810215,0.004206424413081598
left_dominant,1,s,0.35,0.85,1.6002818202429294,4.385139745635753,0.0048149930977377286,0.004099287713903179
left_dominant,1,s,0.35,0.85,1.6002818202429294,4.39822971502571,0.004522582038727025,0.003994878726769823
left_dominant,1,s,0.35,0.85,1.6002818202429294,4.411319684415668,0.00424789175711843,0.003893131156871757
left_dominant,1,s,0.35,0.85,1.6002818202429294,4.4244096538056255,0.003989912721462708,0.0037939717500644807
left_dominant,1,s,0.35,0.85,1.6002818202429294,4.437499623195583,0.0037475817128007323,0.003697342232901395
left_dominant,1,s,0.35,0.85,1.6002818202429294,4.45058959258554,0.0035199803044650376,0.0036031684660927195
left_dominant,1,s,0.35,0.85,1.6002818202429294,4.463679561975497,0.0033061966140440447,0.003511399560219438
left_dominant,1,s,0.35,0.85,1.6002818202429294,4.476769531365455,0.0031053958395070294,0.0034219611005092414
left_dominant,1,s,0.35,0.85,1.6002818202429294,4.489859500755412,0.0029167965580440586,0.0033348079766413797
left_dominant,1,s,0.35,0.85,1.6002818202429294,4.50294947014537,0.002739640613115268,0.0032498683840944042
left_dominant,1,s,0.35,0.85,1.6002818202429294,4.516039439535327,0.0025732589803110343,0.0031670972210426705
left_dominant,1,s,0.35,0.85,1.6002818202429294,4.529129408925285,0.002416963655860218,0.003086430200615994
left_dominant,1,s,0.35,0.85,1.6002818202429294,4.5422193783152425,0.0022701823949401083,0.003007820681135154
left_dominant,1,s,0.35,0.85,1.6002818202429294,4.5553093477052,0.002132291322192693,0.002931211320346523
left_dominant,1,s,0.35,0.85,1.6002818202429294,4.568399317095158,0.0020028014714524355,0.002856554204212879
left_dominant,1,s,0.35,0.85,1.6002818202429294,4.581489286485115,0.001881153189946465,0.0027837984006112153
left_dominant,1,s,0.35,0.85,1.6002818202429294,4.594579255875073,0.001766912113112442,0.002712894967703911
left_dominant,1,s,0.35,0.85,1.6002818202429294,4.607669225265029,0.0016595943062108665,0.0026437988851364027
left_dominant,1,s,0.35,0.85,1.6002818202429294,4.620759194654987,0.001558805358851489,0.0025764604065175094
left_dominant,1,s,0.35,0.85,1.6002818202429294,4.633849164044944,0.0014641298856547258,0.0025108399587460287
left_dominant,1,s,0.35,0.85,1.6002818202429294,4.646939133434902,0.001375209069646057,0.0024468871943348195
left_dominant,1,s,0.35,0.85,1.6002818202429294,4.6600291028248595,0.0012916866506040524,0.0023845675546250744
left_dominant,1,s,0.35,0.85,1.6002818202429294,4.673119072214817,0.0012132364825777784,0.002323830505051702
left_dominant,1,s,0.35,0.85,1.6002818202429294,4.686209041604775,0.0011395532741608294,0.0022646454115026887
left_dominant,1,s,0.35,0.85,1.6002818202429294,4.699299010994732,0.001070340823767822,0.0022069635120159706
left_dominant,1,s,0.35,0.85,1.6002818202429294,4.71238898038469,0.0010053377525391224,0.002150754178248518
diagonal,2,D,0.6,0.6,0.0,0.0,0.1262470276092929,0.1262470276092929
diagonal,2,D,0.6,0.6,0.0,0.01308996938995747,0.13463692911191033,0.13463692911191033
diagonal,2,D,0.6,0.6,0.0,0.02617993877991494,0.1431927286307507,0.1431927286307507
diagonal,2,D,0.6,0.6,0.0,0.039269908169872414,0.15190705837309537,0.15190705837309537
diagonal,2,D,0.6,0.6,0.0,0.05235987755982988,0.16077115765876832,0.16077115765876832
diagonal,2,D,0.6,0.6,0.0,0.06544984694978735,0.16977772926250773,0.16977772926250773
diagonal,2,D,0.6,0.6,0.0,0.07853981633974483,0.17891874972877725,0.17891874972877725
diagonal,2,D,0.6,0.6,0.0,0.09162978572970229,0.18818702422588424,0.18818702422588424
diagonal,2,D,0.6,0.6,0.0,0.10471975511965977,0.19757518124657183,0.19757518124657183
diagonal,2,D,0.6,0.6,0.0,0.11780972450961724,0.20707615779376815,0.20707615779376815
diagonal,2,D,0.6,0.6,0.0,0.1308996938995747,0.21668315535880764,0.21668315535880764
diagonal,2,D,0.6,0.6,0.0,0.14398966328953217,0.22638927007409845,0.22638927007409845
diagonal,2,D,0.6,0.6,0.0,0.15707963267948966,0.23618820329158877,0.23618820329158877
diagonal,2,D,0.6,0.6,0.0,0.17016960206944712,0.2460732356355711,0.2460732356355711
diagonal,2,D,0.6,0.6,0.0,0.18325957145940458,0.25603850052157445,0.25603850052157445
diagonal,2,D,0.6,0.6,0.0,0.19634954084936207,0.2660774866865951,0.2660774866865951
diagonal,2,D,0.6,0.6,0.0,0.20943951023931953,0.27618469672349055,0.27618469672349055
diagonal,2,D,0.6,0.6,0.0,0.222529479629277,0.28635390129834964,0.28635390129834964
diagonal,2,D,0.6,0.6,0.0,0.23561944901923448,0.2965797585118299,0.2965797585118299
diagonal,2,D,0.6,0.6,0.0,0.24870941840919195,0.3068564769038927,0.3068564769038927
diagonal,2,D,0.6,0.6,0.0,0.2617993877991494,0.3171788240631821,0.3171788240631821
diagonal,2,D,0.6,0.6,0.0,0.2748893571891069,0.3275413871496139,0.3275413871496139
diagonal,2,D,0.6,0.6,0.0,0.28797932657906433,0.3379390687694966,0.3379390687694966
diagonal,2,D,0.6,0.6,0.0,0.3010692959690218,0.34836677955321765,0.34836677955321765
diagonal,2,D,0.6,0.6,0.0,0.3141592653589793,0.35881958113192364,0.35881958113192364
diagonal,2,D,0.6,0.6,0.0,0.32724923474893675,0.3692926562443285,0.3692926562443285
diagonal,2,D,0.6,0.6,0.0,0.34033920413889424,0.3797812481600658,0.3797812481600658
diagonal,2,D,0.6,0.6,0.0,0.3534291735288517,0.39028076386192084,0.39028076386192084
diagonal,2,D,0.6,0.6,0.0,0.36651914291880916,0.40078664959276994,0.40078664959276994
diagonal,2,D,0.6,0.6,0.0,0.37960911230876665,0.41129449194903095,0.41129449194903095
diagonal,2,D,0.6,0.6,0.0,0.39269908169872414,0.42179996030427597,0.42179996030427597
diagonal,2,D,0.6,0.6,0.0,0.4057890510886816,0.43229877923116833,0.43229877923116833
diagonal,2,D,0.6,0.6,0.0,0.41887902047863906,0.44278684673040386,0.44278684673040386
diagonal,2,D,0.6,0.6,0.0,0.43196898986859655,0.45326002720761954,0.45326002720761954
diagonal,2,D,0.6,0.6,0.0,0.445058959258554,0.4637144102433884,0.4637144102433884
diagonal,2,D,0.6,0.6,0.0,0.4581489286485115,0.4741460205245708,0.4741460205245708
diagonal,2,D,0.6,0.6,0.0,0.47123889803846897,0.48455109965005166,0.48455109965005166
diagonal,2,D,0.6,0.6,0.0,0.4843288674284264,0.49492585363594266,0.49492585363594266
diagonal,2,D,0.6,0.6,0.0,0.4974188368183839,0.5052666390766699,0.5052666390766699
diagonal,2,D,0.6,0.6,0.0,0.5105088062083414,0.5155698632921915,0.5155698632921915
diagonal,2,D,0.6,0.6,0.0,0.5235987755982988,0.5258319632125246,0.5258319632125246
diagonal,2,D,0.6,0.6,0.0,0.5366887449882562,0.536049566429282,0.536049566429282
diagonal,2,D,0.6,0.6,0.0,0.5497787143782138,0.5462191577507429,0.5462191577507429
diagonal,2,D,0.6,0.6,0.0,0.5628686837681712,0.5563376030597641,0.5563376030597641
diagonal,2,D,0.6,0.6,0.0,0.5759586531581287,0.5664014046424309,0.5664014046424309
diagonal,2,D,0.6,0.6,0.0,0.5890486225480862,0.5764076837954882,0.5764076837954882
diagonal,2,D,0.6,0.6,0.0,0.6021385919380436,0.5863529318067547,0.5863529318067547
diagonal,2,D,0.6,0.6,0.0,0.6152285613280011,0.5962344804298257,0.5962344804298257
diagonal,2,D,0.6,0.6,0.0,0.6283185307179586,0.6060489669644051,0.6060489669644051
diagonal,2,D,0.6,0.6,0.0,0.6414085001079161,0.6157937547466175,0.6157937547466175
diagonal,2,D,0.6,0.6,0.0,0.6544984694978735,0.6254656952849114,0.6254656952849114
diagonal,2,D,0.6,0.6,0.0,0.667588438887831,0.635062156192408,0.635062156192408
diagonal,2,D,0.6,0.6,0.0,0.6806784082777885,0.6445802205597227,0.6445802205597227
diagonal,2,D,0.6,0.6,0.0,0.6937683776677459,0.65401723464312,0.65401723464312
diagonal,2,D,0.6,0.6,0.0,0.7068583470577035,0.6633705296329038,0.6633705296329038
diagonal,2,D,0.6,0.6,0.0,0.7199483164476609,0.6726374063705678,0.6726374063705678
diagonal,2,D,0.6,0.6,0.0,0.7330382858376183,0.6818154598398204,0.6818154598398204
diagonal,2,D,0.6,0.6,0.0,0.7461282552275759,0.6909019228985517,0.6909019228985517
diagonal,2,D,0.6,0.6,0.0,0.7592182246175333,0.6998946692214696,0.6998946692214696
diagonal,2,D,0.6,0.6,0.0,0.7723081940074907,0.708790842524352,0.708790842524352
diagonal,2,D,0.6,0.6,0.0,0.7853981633974483,0.7175886092981307,0.7175886092981307
diagonal,2,D,0.6,0.6,0.0,0.7984881327874057,0.7262850042969282,0.7262850042969282
diagonal,2,D,0.6,0.6,0.0,0.8115781021773631,0.7348784035933184,0.7348784035933184
diagonal,2,D,0.6,0.6,0.0,0.8246680715673207,0.7433660042575188,0.7433660042575188
diagonal,2,D,0.6,0.6,0.0,0.8377580409572781,0.7517461068649849,0.7517461068649849
diagonal,2,D,0.6,0.6,0.0,0.8508480103472356,0.7600161737617486,0.7600161737617486
diagonal,2,D,0.6,0.6,0.0,0.8639379797371931,0.7681744108493779,0.7681744108493779
diagonal,2,D,0.6,0.6,0.0,0.8770279491271505,0.7762185597148219,0.7762185597148219
diagonal,2,D,0.6,0.6,0.0,0.890117918517108,0.7841467136094121,0.7841467136094121
diagonal,2,D,0.6,0.6,0.0,0.9032078879070655,0.7919569065629778,0.7919569065629778
diagonal,2,D,0.6,0.6,0.0,0.916297857297023,0.7996471023497799,0.7996471023497799
diagonal,2,D,0.6,0.6,0.0,0.9293878266869804,0.8072156398951955,0.8072156398951955
diagonal,2,D,0.6,0.6,0.0,0.9424777960769379,0.8146603377730388,0.8146603377730388
diagonal,2,D,0.6,0.6,0.0,0.9555677654668954,0.8219798515192034,0.8219798515192034
diagonal,2,D,0.6,0.6,0.0,0.9686577348568528,0.8291718398454847,0.8291718398454847
diagonal,2,D,0.6,0.6,0.0,0.9817477042468103,0.8362352858851911,0.8362352858851911
diagonal,2,D,0.6,0.6,0.0,0.9948376736367678,0.8431676748506669,0.8431676748506669
diagonal,2,D,0.6,0.6,0.0,1.0079276430267252,0.8499682051978691,0.8499682051978691
diagonal,2,D,0.6,0.6,0.0,1.0210176124166828,0.8566345436168145,0.8566345436168145
diagonal,2,D,0.6,0.6,0.0,1.03410758180664,0.8631657401739466,0.8631657401739466
diagonal,2,D,0.6,0.6,0.0,1.0471975511965976,0.8695597708122769,0.8695597708122769
diagonal,2,D,0.6,0.6,0.0,1.0602875205865552,0.8758155239057935,0.8758155239057935
diagonal,2,D,0.6,0.6,0.0,1.0733774899765125,0.8819312952103942,0.8819312952103942
diagonal,2,D,0.6,0.6,0.0,1.08646745936647,0.8879057990536269,0.8879057990536269
diagonal,2,D,0.6,0.6,0.0,1.0995574287564276,0.8937376608319941,0.8937376608319941
diagonal,2,D,0.6,0.6,0.0,1.112647398146385,0.899425409394859,0.899425409394859
diagonal,2,D,0.6,0.6,0.0,1.1257373675363425,0.9049680088800688,0.9049680088800688
diagonal,2,D,0.6,0.6,0.0,1.1388273369263,0.9103637921250862,0.9103637921250862
diagonal,2,D,0.6,0.6,0.0,1.1519173063162573,0.9156120703870892,0.9156120703870892
diagonal,2,D,0.6,0.6,0.0,1.1650072757062149,0.9207109708339803,0.9207109708339803
diagonal,2,D,0.6,0.6,0.0,1.1780972450961724,0.9256601595009143,0.9256601595009143
diagonal,2,D,0.6,0.6,0.0,1.1911872144861297,0.9304575490846608,0.9304575490846608
diagonal,2,D,0.6,0.6,0.0,1.2042771838760873,0.9351030268882002,0.9351030268882002
diagonal,2,D,0.6,0.6,0.0,1.2173671532660448,0.9395947045300904,0.9395947045300904
diagonal,2,D,0.6,0.6,0.0,1.2304571226560022,0.9439322718160412,0.9439322718160412
diagonal,2,D,0.6,0.6,0.0,1.2435470920459597,0.9481141835046581,0.9481141835046581
diagonal,2,D,0.6,0.6,0.0,1.2566370614359172,0.9521399232572904,0.9521399232572904
diagonal,2,D,0.6,0.6,0.0,1.2697270308258746,0.9560082960334343,0.9560082960334343
diagonal,2,D,0.6,0.6,0.0,1.2828170002158321,0.9597185715177091,0.9597185715177091
diagonal,2,D,0.6,0.6,0.0,1.2959069696057897,0.9632699112056096,0.9632699112056096
diagonal,2,D,0.6,0.6,0.0,1.308996938995747,0.9666613637728144,0.9666613637728144
diagonal,2,D,0.6,0.6,0.0,1.3220869083857045,0.9698924528623915,0.9698924528623915
diagonal,2,D,0.6,0.6,0.0,1.335176877775662,0.972961999895612,0.972961999895612
diagonal,2,D,0.6,0.6,0.0,1.3482668471656194,0.9758698955531463,0.9758698955531463
diagonal,2,D,0.6,0.6,0.0,1.361356816555577,0.9786147285306911,0.9786147285306911
diagonal,2,D,0.6,0.6,0.0,1.3744467859455345,0.9811967607168516,0.9811967607168516
diagonal,2,D,0.6,0.6,0.0,1.3875367553354918,0.983614343373296,0.983614343373296
diagonal,2,D,0.6,0.6,0.0,1.4006267247254494,0.9858679619989229,0.9858679619989229
diagonal,2,D,0.6,0.6,0.0,1.413716694115407,0.9879561796149828,0.9879561796149828
diagonal,2,D,0.6,0.6,0.0,1.4268066635053642,0.9898792531558472,0.9898792531558472
diagonal,2,D,0.6,0.6,0.0,1.4398966328953218,0.991636110520221,0.991636110520221
diagonal,2,D,0.6,0.6,0.0,1.4529866022852793,0.9932267754195996,0.9932267754195996
diagonal,2,D,0.6,0.6,0.0,1.4660765716752366,0.9946505441009039,0.9946505441009039
diagonal,2,D,0.6,0.6,0.0,1.4791665410651942,0.9959072031324057,0.9959072031324057
diagonal,2,D,0.6,0.6,0.0,1.4922565104551517,0.9969964198581519,0.9969964198581519
diagonal,2,D,0.6,0.6,0.0,1.505346479845109,0.9979177405114606,0.9979177405114606
diagonal,2,D,0.6,0.6,0.0,1.5184364492350666,0.9986712055630813,0.9986712055630813
diagonal,2,D,0.6,0.6,0.0,1.5315264186250241,0.9992561184392221,0.9992561184392221
diagonal,2,D,0.6,0.6,0.0,1.5446163880149815,0.9996728940503103,0.9996728940503103
diagonal,2,D,0.6,0.6,0.0,1.557706357404939,0.9999205912540841,0.9999205912540841
diagonal,2,D,0.6,0.6,0.0,1.5707963267948966,1.0,1.0
diagonal,2,D,0.6,0.6,0.0,1.5838862961848539,0.9999099335181636,0.9999099335181636
diagonal,2,D,0.6,0.6,0.0,1.5969762655748114,0.9996514019498774,0.9996514019498774
diagonal,2,D,0.6,0.6,0.0,1.610066234964769,0.9992234367407472,0.9992234367407472
diagonal,2,D,0.6,0.6,0.0,1.6231562043547263,0.9986268032240677,0.9986268032240677
diagonal,2,D,0.6,0.6,0.0,1.6362461737446838,0.9978609060376378,0.9978609060376378
diagonal,2,D,0.6,0.6,0.0,1.6493361431346414,0.9969262646385284,0.9969262646385284
diagonal,2,D,0.6,0.6,0.0,1.6624261125245987,0.9958226567082443,0.9958226567082443
diagonal,2,D,0.6,0.6,0.0,1.6755160819145563,0.9945503554436831,0.9945503554436831
diagonal,2,D,0.6,0.6,0.0,1.6886060513045138,0.9931095107137466,0.9931095107137466
diagonal,2,D,0.6,0.6,0.0,1.7016960206944711,0.9915001497472569,0.9915001497472569
diagonal,2,D,0.6,0.6,0.0,1.7147859900844287,0.9897227930410802,0.9897227930410802
diagonal,2,D,0.6,0.6,0.0,1.7278759594743862,0.9877772228157937,0.9877772228157937
diagonal,2,D,0.6,0.6,0.0,1.7409659288643435,0.9856643279388089,0.9856643279388089
diagonal,2,D,0.6,0.6,0.0,1.754055898254301,0.9833836472415625,0.9833836472415625
diagonal,2,D,0.6,0.6,0.0,1.7671458676442586,0.9809364350121967,0.9809364350121967
diagonal,2,D,0.6,0.6,0.0,1.780235837034216,0.9783219889627499,0.9783219889627499
diagonal,2,D,0.6,0.6,0.0,1.7933258064241735,0.9755417733298781,0.9755417733298781
diagonal,2,D,0.6,0.6,0.0,1.806415775814131,0.9725953031260013,0.9725953031260013
diagonal,2,D,0.6,0.6,0.0,1.8195057452040884,0.9694837944351137,0.9694837944351137
diagonal,2,D,0.6,0.6,0.0,1.832595714594046,0.9662071297814129,0.9662071297814129
diagonal,2,D,0.6,0.6,0.0,1.8456856839840035,0.9627662793253555,0.9627662793253555
diagonal,2,D,0.6,0.6,0.0,1.8587756533739608,0.9591614894011166,0.9591614894011166
diagonal,2,D,0.6,0.6,0.0,1.8718656227639183,0.955393487108645,0.955393487108645
diagonal,2,D,0.6,0.6,0.0,1.8849555921538759,0.9514628782135366,0.9514628782135366
diagonal,2,D,0.6,0.6,0.0,1.8980455615438332,0.9473701502429139,0.9473701502429139
diagonal,2,D,0.6,0.6,0.0,1.9111355309337907,0.9431162633463058,0.9431162633463058
diagonal,2,D,0.6,0.6,0.0,1.9242255003237483,0.9387014695807561,0.9387014695807561
diagonal,2,D,0.6,0.6,0.0,1.9373154697137056,0.9341270777716741,0.9341270777716741
diagonal,2,D,0.6,0.6,0.0,1.9504054391036632,0.929393109213908,0.929393109213908
diagonal,2,D,0.6,0.6,0.0,1.9634954084936207,0.9245012150490483,0.9245012150490483
diagonal,2,D,0.6,0.6,0.0,1.976585377883578,0.9194511911124679,0.9194511911124679
diagonal,2,D,0.6,0.6,0.0,1.9896753472735356,0.9142448811288406,0.9142448811288406
diagonal,2,D,0.6,0.6,0.0,2.002765316663493,0.9088822895546232,0.9088822895546232
diagonal,2,D,0.6,0.6,0.0,2.0158552860534504,0.9033650201712053,0.9033650201712053
diagonal,2,D,0.6,0.6,0.0,2.028945255443408,0.8976934253433482,0.8976934253433482
diagonal,2,D,0.6,0.6,0.0,2.0420352248333655,0.8918688741570089,0.8918688741570089
diagonal,2,D,0.6,0.6,0.0,2.055125194223323,0.8858920598072079,0.8858920598072079
diagonal,2,D,0.6,0.6,0.0,2.06821516361328,0.8797641225086542,0.8797641225086542
diagonal,2,D,0.6,0.6,0.0,2.0813051330032377,0.8734860885830222,0.8734860885830222
diagonal,2,D,0.6,0.6,0.0,2.0943951023931953,0.8670588757628999,0.8670588757628999
diagonal,2,D,0.6,0.6,0.0,2.107485071783153,0.8604838351787576,0.8604838351787576
diagonal,2,D,0.6,0.6,0.0,2.1205750411731104,0.8537616690233075,0.8537616690233075
diagonal,2,D,0.6,0.6,0.0,2.133665010563068,0.8468940443155681,0.8468940443155681
diagonal,2,D,0.6,0.6,0.0,2.146754979953025,0.8398814551914917,0.8398814551914917
diagonal,2,D,0.6,0.6,0.0,2.1598449493429825,0.8327258750484395,0.8327258750484395
diagonal,2,D,0.6,0.6,0.0,2.17293491873294,0.8254275979769065,0.8254275979769065
diagonal,2,D,0.6,0.6,0.0,2.1860248881228976,0.8179887657378592,0.8179887657378592
diagonal,2,D,0.6,0.6,0.0,2.199114857512855,0.8104098646853914,0.8104098646853914
diagonal,2,D,0.6,0.6,0.0,2.2122048269028127,0.8026928152335862,0.8026928152335862
diagonal,2,D,0.6,0.6,0.0,2.22529479629277,0.7948384187871623,0.7948384187871623
diagonal,2,D,0.6,0.6,0.0,2.2383847656827274,0.7868483823667045,0.7868483823667045
diagonal,2,D,0.6,0.6,0.0,2.251474735072685,0.7787238122653933,0.7787238122653933
diagonal,2,D,0.6,0.6,0.0,2.2645647044626425,0.7704662105702318,0.7704662105702318
diagonal,2,D,0.6,0.6,0.0,2.2776546738526,0.7620769777469766,0.7620769777469766
diagonal,2,D,0.6,0.6,0.0,2.2907446432425576,0.7535574199015505,0.7535574199015505
diagonal,2,D,0.6,0.6,0.0,2.3038346126325147,0.7449092204174119,0.7449092204174119
diagonal,2,D,0.6,0.6,0.0,2.316924582022472,0.7361334988501231,0.7361334988501231
diagonal,2,D,0.6,0.6,0.0,2.3300145514124297,0.7272322097222277,0.7272322097222277
diagonal,2,D,0.6,0.6,0.0,2.3431045208023873,0.7182062959330539,0.7182062959330539
diagonal,2,D,0.6,0.6,0.0,2.356194490192345,0.7090579708576491,0.7090579708576491
diagonal,2,D,0.6,0.6,0.0,2.3692844595823024,0.6997880110814064,0.6997880110814064
diagonal,2,D,0.6,0.6,0.0,2.3823744289722595,0.6903987679694216,0.6903987679694216
diagonal,2,D,0.6,0.6,0.0,2.395464398362217,0.6808911868205502,0.6808911868205502
diagonal,2,D,0.6,0.6,0.0,2.4085543677521746,0.671267425429623,0.671267425429623
diagonal,2,D,0.6,0.6,0.0,2.421644337142132,0.6615286992481044,0.6615286992481044
diagonal,2,D,0.6,0.6,0.0,2.4347343065320897,0.6516769827893856,0.6516769827893856
diagonal,2,D,0.6,0.6,0.0,2.447824275922047,0.6417137488134085,0.6417137488134085
diagonal,2,D,0.6,0.6,0.0,2.4609142453120043,0.6316407992639329,0.6316407992639329
diagonal,2,D,0.6,0.6,0.0,2.474004214701962,0.6214598509026866,0.6214598509026866
diagonal,2,D,0.6,0.6,0.0,2.4870941840919194,0.6111725442221576,0.6111725442221576
diagonal,2,D,0.6,0.6,0.0,2.500184153481877,0.6007808262344059,0.6007808262344059
diagonal,2,D,0.6,0.6,0.0,2.5132741228718345,0.5902861874887344,0.5902861874887344
diagonal,2,D,0.6,0.6,0.0,2.526364092261792,0.5796907910695697,0.5796907910695697
diagonal,2,D,0.6,0.6,0.0,2.539454061651749,0.5689959894636407,0.5689959894636407
diagonal,2,D,0.6,0.6,0.0,2.5525440310417067,0.5582041472419528,0.5582041472419528
diagonal,2,D,0.6,0.6,0.0,2.5656340004316642,0.5473164910642141,0.5473164910642141
diagonal,2,D,0.6,0.6,0.0,2.5787239698216218,0.5363354879976975,0.5363354879976975
diagonal,2,D,0.6,0.6,0.0,2.5918139392115793,0.52526250349512,0.52526250349512
diagonal,2,D,0.6,0.6,0.0,2.604903908601537,0.514099846658443,0.514099846658443
diagonal,2,D,0.6,0.6,0.0,2.617993877991494,0.5028490978518116,0.5028490978518116
diagonal,2,D,0.6,0.6,0.0,2.6310838473814515,0.4915124204034948,0.4915124204034948
diagonal,2,D,0.6,0.6,0.0,2.644173816771409,0.48009159456328665,0.48009159456328665
diagonal,2,D,0.6,0.6,0.0,2.6572637861613666,0.4685886504038764,0.4685886504038764
diagonal,2,D,0.6,0.6,0.0,2.670353755551324,0.45700555268016074,0.45700555268016074
diagonal,2,D,0.6,0.6,0.0,2.6834437249412817,0.44534421103528105,0.44534421103528105
diagonal,2,D,0.6,0.6,0.0,2.696533694331239,0.4336067590142451,0.4336067590142451
diagonal,2,D,0.6,0.6,0.0,2.7096236637211963,0.4217949989457109,0.4217949989457109
diagonal,2,D,0.6,0.6,0.0,2.722713633111154,0.4099112171360156,0.4099112171360156
diagonal,2,D,0.6,0.6,0.0,2.7358036025011114,0.39795712198425987,0.39795712198425987
diagonal,2,D,0.6,0.6,0.0,2.748893571891069,0.3859351362365352,0.3859351362365352
diagonal,2,D,0.6,0.6,0.0,2.7619835412810265,0.37384688799770055,0.37384688799770055
diagonal,2,D,0.6,0.6,0.0,2.7750735106709836,0.3616948631830304,0.3616948631830304
diagonal,2,D,0.6,0.6,0.0,2.788163480060941,0.3494807935016468,0.3494807935016468
diagonal,2,D,0.6,0.6,0.0,2.8012534494508987,0.3372070488041216,0.3372070488041216
diagonal,2,D,0.6,0.6,0.0,2.8143434188408563,0.32510506361196045,0.32510506361196045
diagonal,2,D,0.6,0.6,0.0,2.827433388230814,0.313436918262359,0.313436918262359
diagonal,2,D,0.6,0.6,0.0,2.8405233576207713,0.3021878195654963,0.3021878195654963
diagonal,2,D,0.6,0.6,0.0,2.8536133270107285,0.29134234912495666,0.29134234912495666
diagonal,2,D,0.6,0.6,0.0,2.866703296400686,0.28088603056095873,0.28088603056095873
diagonal,2,D,0.6,0.6,0.0,2.8797932657906435,0.2708052323806106,0.2708052323806106
diagonal,2,D,0.6,0.6,0.0,2.892883235180601,0.2610858234731967,0.2610858234731967
diagonal,2,D,0.6,0.6,0.0,2.9059732045705586,0.25171578431376257,0.25171578431376257
diagonal,2,D,0.6,0.6,0.0,2.919063173960516,0.24268135196012985,0.24268135196012985
diagonal,2,D,0.6,0.6,0.0,2.9321531433504733,0.23397195967730716,0.23397195967730716
diagonal,2,D,0.6,0.6,0.0,2.945243112740431,0.22557423067207835,0.22557423067207835
diagonal,2,D,0.6,0.6,0.0,2.9583330821303884,0.21747890622858618,0.21747890622858618
diagonal,2,D,0.6,0.6,0.0,2.971423051520346,0.20967326585328092,0.20967326585328092
diagonal,2,D,0.6,0.6,0.0,2.9845130209103035,0.20214845771315404,0.20214845771315404
diagonal,2,D,0.6,0.6,0.0,2.997602990300261,0.19489316094011536,0.19489316094011536
diagonal,2,D,0.6,0.6,0.0,3.010692959690218,0.18789866258631396,0.18789866258631396
diagonal,2,D,0.6,0.6,0.0,3.0237829290801757,0.18115490756233915,0.18115490756233915
diagonal,2,D,0.6,0.6,0.0,3.036872898470133,0.17465334595342843,0.17465334595342843
diagonal,2,D,0.6,0.6,0.0,3.0499628678600907,0.16838506649860813,0.16838506649860813
diagonal,2,D,0.6,0.6,0.0,3.0630528372500483,0.16234170238756251,0.16234170238756251
diagonal,2,D,0.6,0.6,0.0,3.076142806640006,0.15651537512324534,0.15651537512324534
diagonal,2,D,0.6,0.6,0.0,3.089232776029963,0.15089791744804784,0.15089791744804784
diagonal,2,D,0.6,0.6,0.0,3.1023227454199205,0.14548238252257378,0.14548238252257378
diagonal,2,D,0.6,0.6,0.0,3.115412714809878,0.14026081587696707,0.14026081587696707
diagonal,2,D,0.6,0.6,0.0,3.1285026841998356,0.13522711033051876,0.13522711033051876
diagonal,2,D,0.6,0.6,0.0,3.141592653589793,0.13037353459314363,0.13037353459314363
diagonal,2,D,0.6,0.6,0.0,3.1546826229797507,0.12569473747065388,0.12569473747065388
diagonal,2,D,0.6,0.6,0.0,3.1677725923697078,0.12118336698981717,0.12118336698981717
diagonal,2,D,0.6,0.6,0.0,3.1808625617596653,0.11683430711963283,0.11683430711963283
diagonal,2,D,0.6,0.6,0.0,3.193952531149623,0.11264101481844614,0.11264101481844614
diagonal,2,D,0.6,0.6,0.0,3.2070425005395804,0.10859845432572451,0.10859845432572451
diagonal,2,D,0.6,0.6,0.0,3.220132469929538,0.10470081417291821,0.10470081417291821
diagonal,2,D,0.6,0.6,0.0,3.2332224393194955,0.10094315282656956,0.10094315282656956
diagonal,2,D,0.6,0.6,0.0,3.2463124087094526,0.09732031990851991,0.09732031990851991
diagonal,2,D,0.6,0.6,0.0,3.25940237809941,0.09382747971288712,0.09382747971288712
diagonal,2,D,0.6,0.6,0.0,3.2724923474893677,0.09046007876073828,0.09046007876073828
diagonal,2,D,0.6,0.6,0.0,3.2855823168793252,0.0872133966802504,0.0872133966802504
diagonal,2,D,0.6,0.6,0.0,3.2986722862692828,0.08408341845603981,0.08408341845603981
diagonal,2,D,0.6,0.6,0.0,3.3117622556592403,0.08106554669970843,0.08106554669970843
diagonal,2,D,0.6,0.6,0.0,3.3248522250491974,0.07815625168743583,0.07815625168743583
diagonal,2,D,0.6,0.6,0.0,3.337942194439155,0.07535106502044911,0.07535106502044911
diagonal,2,D,0.6,0.6,0.0,3.3510321638291125,0.07264689390708294,0.07264689390708294
diagonal,2,D,0.6,0.6,0.0,3.36412213321907,0.07003948917963014,0.07003948917963014
diagonal,2,D,0.6,0.6,0.0,3.3772121026090276,0.06752589396202147,0.06752589396202147
diagonal,2,D,0.6,0.6,0.0,3.3903020719989847,0.06510232661898291,0.06510232661898291
diagonal,2,D,0.6,0.6,0.0,3.4033920413889422,0.06276587666779639,0.06276587666779639
diagonal,2,D,0.6,0.6,0.0,3.4164820107789,0.06051318529529569,0.06051318529529569
diagonal,2,D,0.6,0.6,0.0,3.4295719801688573,0.05834139647851517,0.05834139647851517
diagonal,2,D,0.6,0.6,0.0,3.442661949558815,0.056247533490002354,0.056247533490002354
diagonal,2,D,0.6,0.6,0.0,3.4557519189487724,0.054228801471203555,0.054228801471203555
diagonal,2,D,0.6,0.6,0.0,3.4688418883387295,0.05228256868026833,0.05228256868026833
diagonal,2,D,0.6,0.6,0.0,3.481931857728687,0.05040610691744964,0.05040610691744964
diagonal,2,D,0.6,0.6,0.0,3.4950218271186446,0.04859709565284678,0.04859709565284678
diagonal,2,D,0.6,0.6,0.0,3.508111796508602,0.04685287776656837,0.04685287776656837
diagonal,2,D,0.6,0.6,0.0,3.5212017658985597,0.04517141320922901,0.04517141320922901
diagonal,2,D,0.6,0.6,0.0,3.5342917352885173,0.043550119412153705,0.043550119412153705
diagonal,2,D,0.6,0.6,0.0,3.5473817046784744,0.04198720885652962,0.04198720885652962
diagonal,2,D,0.6,0.6,0.0,3.560471674068432,0.040480225681101975,0.040480225681101975
diagonal,2,D,0.6,0.6,0.0,3.5735616434583894,0.03902746092122801,0.03902746092122801
diagonal,2,D,0.6,0.6,0.0,3.586651612848347,0.03762672893205067,0.03762672893205067
diagonal,2,D,0.6,0.6,0.0,3.5997415822383045,0.036276347562562525,0.036276347562562525
diagonal,2,D,0.6,0.6,0.0,3.612831551628262,0.034974375543394304,0.034974375543394304
diagonal,2,D,0.6,0.6,0.0,3.625921521018219,0.03371916219925523,0.03371916219925523
diagonal,2,D,0.6,0.6,0.0,3.6390114904081767,0.03250898709213913,0.03250898709213913
diagonal,2,D,0.6,0.6,0.0,3.6521014597981343,0.031342234897515614,0.031342234897515614
diagonal,2,D,0.6,0.6,0.0,3.665191429188092,0.03021738456625519,0.03021738456625519
diagonal,2,D,0.6,0.6,0.0,3.6782813985780494,0.029132859300143525,0.029132859300143525
diagonal,2,D,0.6,0.6,0.0,3.691371367968007,0.02808731791900982,0.02808731791900982
diagonal,2,D,0.6,0.6,0.0,3.704461337357964,0.027079224706158485,0.027079224706158485
diagonal,2,D,0.6,0.6,0.0,3.7175513067479216,0.026107400588747883,0.026107400588747883
diagonal,2,D,0.6,0.6,0.0,3.730641276137879,0.025170352937919645,0.025170352937919645
diagonal,2,D,0.6,0.6,0.0,3.7437312455278366,0.024267048634132107,0.024267048634132107
diagonal,2,D,0.6,0.6,0.0,3.756821214917794,0.023396068280713236,0.023396068280713236
diagonal,2,D,0.6,0.6,0.0,3.7699111843077517,0.022556424159517204,0.022556424159517204
diagonal,2,D,0.6,0.6,0.0,3.783001153697709,0.021746853048922415,0.021746853048922415
diagonal,2,D,0.6,0.6,0.0,3.7960911230876664,0.020966382728069055,0.020966382728069055
diagonal,2,D,0.6,0.6,0.0,3.809181092477624,0.020213891215299446,0.020213891215299446
diagonal,2,D,0.6,0.6,0.0,3.8222710618675815,0.019488424481549003,0.019488424481549003
diagonal,2,D,0.6,0.6,0.0,3.835361031257539,0.01878898817749388,0.01878898817749388
diagonal,2,D,0.6,0.6,0.0,3.8484510006474966,0.018114648705497567,0.018114648705497567
diagonal,2,D,0.6,0.6,0.0,3.8615409700374537,0.017464526955607167,0.017464526955607167
diagonal,2,D,0.6,0.6,0.0,3.874630939427411,0.01683771159696767,0.01683771159696767
diagonal,2,D,0.6,0.6,0.0,3.8877209088173688,0.01623342747720962,0.01623342747720962
diagonal,2,D,0.6,0.6,0.0,3.9008108782073263,0.015650787009071025,0.015650787009071025
diagonal,2,D,0.6,0.6,0.0,3.913900847597284,0.015089108732203078,0.015089108732203078
diagonal,2,D,0.6,0.6,0.0,3.9269908169872414,0.014547529962515309,0.014547529962515309
diagonal,2,D,0.6,0.6,0.0,3.9400807863771985,0.014025453595249603,0.014025453595249603
diagonal,2,D,0.6,0.6,0.0,3.953170755767156,0.013522059271802068,0.013522059271802068
diagonal,2,D,0.6,0.6,0.0,3.9662607251571136,0.013036776127736608,0.013036776127736608
diagonal,2,D,0.6,0.6,0.0,3.979350694547071,0.012568874067832596,0.012568874067832596
diagonal,2,D,0.6,0.6,0.0,3.9924406639370287,0.012117791184510765,0.012117791184510765
diagonal,2,D,0.6,0.6,0.0,4.005530633326986,0.011682879014007861,0.011682879014007861
diagonal,2,D,0.6,0.6,0.0,4.018620602716943,0.011263586162927363,0.011263586162927363
diagonal,2,D,0.6,0.6,0.0,4.031710572106901,0.010859337934259167,0.010859337934259167
diagonal,2,D,0.6,0.6,0.0,4.044800541496858,0.010469594743213408,0.010469594743213408
diagonal,2,D,0.6,0.6,0.0,4.057890510886816,0.01009384849686017,0.01009384849686017
diagonal,2,D,0.6,0.6,0.0,4.0709804802767735,0.009731572479783209,0.009731572479783209
diagonal,2,D,0.6,0.6,0.0,4.084070449666731,0.009382318682677486,0.009382318682677486
diagonal,2,D,0.6,0.6,0.0,4.097160419056689,0.009045574113043344,0.009045574113043344
diagonal,2,D,0.6,0.6,0.0,4.110250388446646,0.008720944912086998,0.008720944912086998
diagonal,2,D,0.6,0.6,0.0,4.123340357836604,0.008407932480416703,0.008407932480416703
diagonal,2,D,0.6,0.6,0.0,4.13643032722656,0.00810619171364049,0.00810619171364049
diagonal,2,D,0.6,0.6,0.0,4.149520296616518,0.007815248474927308,0.007815248474927308
diagonal,2,D,0.6,0.6,0.0,4.162610266006475,0.007534772825817306,0.007534772825817306
diagonal,2,D,0.6,0.6,0.0,4.175700235396433,0.007264342798365321,0.007264342798365321
diagonal,2,D,0.6,0.6,0.0,4.1887902047863905,0.007003633630842302,0.007003633630842302
diagonal,2,D,0.6,0.6,0.0,4.201880174176348,0.006752270535256838,0.006752270535256838
diagonal,2,D,0.6,0.6,0.0,4.214970143566306,0.006509934826687169,0.006509934826687169
diagonal,2,D,0.6,0.6,0.0,4.228060112956263,0.00627629435158743,0.00627629435158743
diagonal,2,D,0.6,0.6,0.0,4.241150082346221,0.006051037249972398,0.006051037249972398
diagonal,2,D,0.6,0.6,0.0,4.254240051736178,0.005833869862983197,0.005833869862983197
diagonal,2,D,0.6,0.6,0.0,4.267330021126136,0.005624487768654618,0.005624487768654618
diagonal,2,D,0.6,0.6,0.0,4.280419990516093,0.005422632034233772,0.005422632034233772
diagonal,2,D,0.6,0.6,0.0,4.29350995990605,0.005228006169092116,0.005228006169092116
diagonal,2,D,0.6,0.6,0.0,4.3065999292960075,0.0050403825374620535,0.0050403825374620535
diagonal,2,D,0.6,0.6,0.0,4.319689898685965,0.004859472967397821,0.004859472967397821
diagonal,2,D,0.6,0.6,0.0,4.332779868075923,0.00468507800136703,0.00468507800136703
diagonal,2,D,0.6,0.6,0.0,4.34586983746588,0.004516923605876042,0.004516923605876042
diagonal,2,D,0.6,0.6,0.0,4.358959806855838,0.004354819088738256,0.004354819088738256
diagonal,2,D,0.6,0.6,0.0,4.372049776245795,0.004198520568140492,0.004198520568140492
diagonal,2,D,0.6,0.6,0.0,4.385139745635753,0.004047840343854545,0.004047840343854545
diagonal,2,D,0.6,0.6,0.0,4.39822971502571,0.003902561802329187,0.003902561802329187
diagonal,2,D,0.6,0.6,0.0,4.411319684415668,0.0037625007555055347,0.0037625007555055347
diagonal,2,D,0.6,0.6,0.0,4.4244096538056255,0.0036274652309597304,0.0036274652309597304
diagonal,2,D,0.6,0.6,0.0,4.437499623195583,0.0034972749851933907,0.0034972749851933907
diagonal,2,D,0.6,0.6,0.0,4.45058959258554,0.0033717602942830143,0.0033717602942830143
diagonal,2,D,0.6,0.6,0.0,4.463679561975497,0.003250745213629513,0.003250745213629513
diagonal,2,D,0.6,0.6,0.0,4.476769531365455,0.0031340800897100914,0.0031340800897100914
diagonal,2,D,0.6,0.6,0.0,4.489859500755412,0.0030215935619441205,0.0030215935619441205
diagonal,2,D,0.6,0.6,0.0,4.50294947014537,0.0029131540653051136,0.0029131540653051136
diagonal,2,D,0.6,0.6,0.0,4.516039439535327,0.002808595047102171,0.002808595047102171
diagonal,2,D,0.6,0.6,0.0,4.529129408925285,0.0027078012282828333,0.0027078012282828333
diagonal,2,D,0.6,0.6,0.0,4.5422193783152425,0.002610614227656914,0.002610614227656914
diagonal,2,D,0.6,0.6,0.0,4.5553093477052,0.0025169238322169567,0.0025169238322169567
diagonal,2,D,0.6,0.6,0.0,4.568399317095158,0.0024265890873247428,0.0024265890873247428
diagonal,2,D,0.6,0.6,0.0,4.581489286485115,0.0023395015092140103,0.0023395015092140103
diagonal,2,D,0.6,0.6,0.0,4.594579255875073,0.0022555359032901024,0.0022555359032901024
diagonal,2,D,0.6,0.6,0.0,4.607669225265029,0.002174585815690078,0.002174585815690078
diagonal,2,D,0.6,0.6,0.0,4.620759194654987,0.0020965402934770166,0.0020965402934770166
diagonal,2,D,0.6,0.6,0.0,4.633849164044944,0.0020212951625969075,0.0020212951625969075
diagonal,2,D,0.6,0.6,0.0,4.646939133434902,0.001948752328920385,0.001948752328920385
diagonal,2,D,0.6,0.6,0.0,4.6600291028248595,0.0018788101029983135,0.0018788101029983135
diagonal,2,D,0.6,0.6,0.0,4.673119072214817,0.0018113819906481702,0.0018113819906481702
diagonal,2,D,0.6,0.6,0.0,4.686209041604775,0.0017463689518125768,0.0017463689518125768
diagonal,2,D,0.6,0.6,0.0,4.699299010994732,0.0016836949467890349,0.0016836949467890349
diagonal,2,D,0.6,0.6,0.0,4.71238898038469,0.0016232637143025327,0.0016232637143025327
right_dominant,3,^,0.85,0.35,-1.6002818202429294,0.0,0.6637541949843208,5.456824009797054e-07
right_dominant,3,^,0.85,0.35,-1.6002818202429294,0.01308996938995747,0.6726630314825676,5.12538590482181e-07
right_dominant,3,^,0.85,0.35,-1.6002818202429294,0.02617993877991494,0.681495287788819,4.814123216970274e-07
right_dominant,3,^,0.85,0.35,-1.6002818202429294,0.039269908169872414,0.6902486510611692,4.521712960851355e-07
right_dominant,3,^,0.85,0.35,-1.6002818202429294,0.05235987755982988,0.6989205378958473,4.2471182408972413e-07
right_dominant,3,^,0.85,0.35,-1.6002818202429294,0.06544984694978735,0.7075085733694764,3.98915226476803e-07
right_dominant,3,^,0.85,0.35,-1.6002818202429294,0.07853981633974483,0.7160103990461393,3.746893924161474e-07
right_dominant,3,^,0.85,0.35,-1.6002818202429294,0.09162978572970229,0.724423559303067,3.519316991092499e-07
right_dominant,3,^,0.85,0.35,-1.6002818202429294,0.10471975511965977,0.7327459372362447,3.3055850852424204e-07
right_dominant,3,^,0.85,0.35,-1.6002818202429294,0.11780972450961724,0.7409749788107358,3.104817343260207e-07
right_dominant,3,^,0.85,0.35,-1.6002818202429294,0.1308996938995747,0.7491088244626521,2.9162528608335357e-07
right_dominant,3,^,0.85,0.35,-1.6002818202429294,0.14398966328953217,0.7571448049205488,2.7391361614565757e-07
right_dominant,3,^,0.85,0.35,-1.6002818202429294,0.15707963267948966,0.7650813179385487,2.57277561882008e-07
right_dominant,3,^,0.85,0.35,-1.6002818202429294,0.17016960206944712,0.7729156082950537,2.416523838591747e-07
right_dominant,3,^,0.85,0.35,-1.6002818202429294,0.18325957145940458,0.7806462175489465,2.2697526951248021e-07
right_dominant,3,^,0.85,0.35,-1.6002818202429294,0.19634954084936207,0.788270552271979,2.1319079124141445e-07
right_dominant,3,^,0.85,0.35,-1.6002818202429294,0.20943951023931953,0.7957870563809379,2.002419492463123e-07
right_dominant,3,^,0.85,0.35,-1.6002818202429294,0.222529479629277,0.8031933883488113,1.880813337276096e-07
right_dominant,3,^,0.85,0.35,-1.6002818202429294,0.23561944901923448,0.8104878786463221,1.7665725740822297e-07
right_dominant,3,^,0.85,0.35,-1.6002818202429294,0.24870941840919195,0.8176684520716139,1.6592921039244646e-07
right_dominant,3,^,0.85,0.35,-1.6002818202429294,0.2617993877991494,0.8247333106878323,1.5585082600921467e-07
right_dominant,3,^,0.85,0.35,-1.6002818202429294,0.2748893571891069,0.8316806592902866,1.4638611766659608e-07
right_dominant,3,^,0.85,0.35,-1.6002818202429294,0.28797932657906433,0.8385085574042122,1.3749499223012924e-07
right_dominant,3,^,0.85,0.35,-1.6002818202429294,0.3010692959690218,0.8452155027443,1.2914477340732073e-07
right_dominant,3,^,0.85,0.35,-1.6002818202429294,0.3141592653589793,0.8517993989883914,1.2130104730101544e-07
right_dominant,3,^,0.85,0.35,-1.6002818202429294,0.32724923474893675,0.8582590489446167,1.1393408594100356e-07
right_dominant,3,^,0.85,0.35,-1.6002818202429294,0.34033920413889424,0.8645921879453111,1.0701437402682671e-07
right_dominant,3,^,0.85,0.35,-1.6002818202429294,0.3534291735288517,0.8707979161722139,1.005148908515277e-07
right_dominant,3,^,0.85,0.35,-1.6002818202429294,0.36651914291880916,0.8768738463575536,9.441034323425016e-08
right_dominant,3,^,0.85,0.35,-1.6002818202429294,0.37960911230876665,0.8828192267575747,8.867619172456956e-08
right_dominant,3,^,0.85,0.35,-1.6002818202429294,0.39269908169872414,0.8886318633684711,8.329078094830078e-08
right_dominant,3,^,0.85,0.35,-1.6002818202429294,0.4057890510886816,0.8943108495388187,7.823184214482485e-08
right_dominant,3,^,0.85,0.35,-1.6002818202429294,0.41887902047863906,0.8998542928539738,7.348085282707139e-08
right_dominant,3,^,0.85,0.35,-1.6002818202429294,0.43196898986859655,0.9052611201286187,6.901761945824232e-08
right_dominant,3,^,0.85,0.35,-1.6002818202429294,0.445058959258554,0.9105297512555431,6.482631538874028e-08
right_dominant,3,^,0.85,0.35,-1.6002818202429294,0.4581489286485115,0.9156589356730371,6.088882580408651e-08
right_dominant,3,^,0.85,0.35,-1.6002818202429294,0.47123889803846897,0.920647415548385,0.00028414140749247657
right_dominant,3,^,0.85,0.35,-1.6002818202429294,0.4843288674284264,0.9254937528779479,0.0013510789570553424
right_dominant,3,^,0.85,0.35,-1.6002818202429294,0.4974188368183839,0.9301970213199411,0.003166370742474231
right_dominant,3,^,0.85,0.35,-1.6002818202429294,0.5105088062083414,0.9347555861338649,0.0056820795256903025
right_dominant,3,^,0.85,0.35,-1.6002818202429294,0.5235987755982988,0.9391688609352055,0.008856631673911918
right_dominant,3,^,0.85,0.35,-1.6002818202429294,0.5366887449882562,0.9434350057162378,0.012648636255701456
right_dominant,3,^,0.85,0.35,-1.6002818202429294,0.5497787143782138,0.9475537597312038,0.01702004832178438
right_dominant,3,^,0.85,0.35,-1.6002818202429294,0.5628686837681712,0.9515231360394352,0.02193511251839326
right_dominant,3,^,0.85,0.35,-1.6002818202429294,0.5759586531581287,0.9553430239842627,0.02735903074187637
right_dominant,3,^,0.85,0.35,-1.6002818202429294,0.5890486225480862,0.9590116539437544,0.033260893264002264
right_dominant,3,^,0.85,0.35,-1.6002818202429294,0.6021385919380436,0.9625287189347247,0.039608887949019456
right_dominant,3,^,0.85,0.35,-1.6002818202429294,0.6152285613280011,0.9658927869958813,0.04637626551451311
right_dominant,3,^,0.85,0.35,-1.6002818202429294,0.6283185307179586,0.9691033470616827,0.05353395907694102
right_dominant,3,^,0.85,0.35,-1.6002818202429294,0.6414085001079161,0.9721593117842438,0.061058785484884
right_dominant,3,^,0.85,0.35,-1.6002818202429294,0.6544984694978735,0.9750599590054352,0.06892444661538871
right_dominant,3,^,0.85,0.35,-1.6002818202429294,0.667588438887831,0.9778045521917148,0.07711007501839226
right_dominant,3,^,0.85,0.35,-1.6002818202429294,0.6806784082777885,0.980392151822563,0.08559265013765519
right_dominant,3,^,0.85,0.35,-1.6002818202429294,0.6937683776677459,0.9828223776290628,0.09435299677057415
right_dominant,3,^,0.85,0.35,-1.6002818202429294,0.7068583470577035,0.9850940671937878,0.10337105229959138
right_dominant,3,^,0.85,0.35,-1.6002818202429294,0.7199483164476609,0.9872072012134769,0.11262916353022474
right_dominant,3,^,0.85,0.35,-1.6002818202429294,0.7330382858376183,0.9891603895693939,0.12210980644644202
right_dominant,3,^,0.85,0.35,-1.6002818202429294,0.7461282552275759,0.9909539541018556,0.13179674231873786
right_dominant,3,^,0.85,0.35,-1.6002818202429294,0.7592182246175333,0.9925863442378537,0.14167462082923452
right_dominant,3,^,0.85,0.35,-1.6002818202429294,0.7723081940074907,0.9940580304863993,0.15172851854328506
right_dominant,3,^,0.85,0.35,-1.6002818202429294,0.7853981633974483,0.9953676953041437,0.1619449411910008
right_dominant,3,^,0.85,0.35,-1.6002818202429294,0.7984881327874057,0.996515585718206,0.17231018956779245
right_dominant,3,^,0.85,0.35,-1.6002818202429294,0.8115781021773631,0.9975007435650309,0.18281234881500988
right_dominant,3,^,0.85,0.35,-1.6002818202429294,0.8246680715673207,0.9983231882903065,0.19343886067266358
right_dominant,3,^,0.85,0.35,-1.6002818202429294,0.8377580409572781,0.998982324269413,0.20417914864934905
right_dominant,3,^,0.85,0.35,-1.6002818202429294,0.8508480103472356,0.999477939980351,0.2150217905308535
right_dominant,3,^,0.85,0.35,-1.6002818202429294,0.8639379797371931,0.9998098047525186,0.22595712511083071
right_dominant,3,^,0.85,0.35,-1.6002818202429294,0.8770279491271505,0.9999774734177052,0.23697499213048379
right_dominant,3,^,0.85,0.35,-1.6002818202429294,0.890117918517108,0.9999810819335249,0.24806644580789122
right_dominant,3,^,0.85,0.35,-1.6002818202429294,0.9032078879070655,0.999819949508994,0.25922244097003766
right_dominant,3,^,0.85,0.35,-1.6002818202429294,0.916297857297023,0.9994945796668412,0.2704346957483157
right_dominant,3,^,0.85,0.35,-1.6002818202429294,0.9293878266869804,0.9990040547126812,0.28169510746917326
right_dominant,3,^,0.85,0.35,-1.6002818202429294,0.9424777960769379,0.9983492215404914,0.29299602664988106
right_dominant,3,^,0.85,0.35,-1.6002818202429294,0.9555677654668954,0.9975289981539366,0.30433014192180635
right_dominant,3,^,0.85,0.35,-1.6002818202429294,0.9686577348568528,0.9965443745662689,0.315690407782572
right_dominant,3,^,0.85,0.35,-1.6002818202429294,0.9817477042468103,0.9953945085716952,0.3270701715726583
right_dominant,3,^,0.85,0.35,-1.6002818202429294,0.9948376736367678,0.9940801526971416,0.3384629663683781
right_dominant,3,^,0.85,0.35,-1.6002818202429294,1.0079276430267252,0.9926008310904217,0.34986268179661134
right_dominant,3,^,0.85,0.35,-1.6002818202429294,1.0210176124166828,0.9909570581586495,0.36126340697393244
right_dominant,3,^,0.85,0.35,-1.6002818202429294,1.03410758180664,0.989148723809708,0.37265947145821204
right_dominant,3,^,0.85,0.35,-1.6002818202429294,1.0471975511965976,0.9871761043743591,0.38404548884989337
right_dominant,3,^,0.85,0.35,-1.6002818202429294,1.0602875205865552,0.9850394542054017,0.39541617369633303
right_dominant,3,^,0.85,0.35,-1.6002818202429294,1.0733774899765125,0.9827388122704677,0.40676659285089883
right_dominant,3,^,0.85,0.35,-1.6002818202429294,1.08646745936647,0.980274795336539,0.41809183440918607
right_dominant,3,^,0.85,0.35,-1.6002818202429294,1.0995574287564276,0.9776472063835389,0.42938733115375444
right_dominant,3,^,0.85,0.35,-1.6002818202429294,1.112647398146385,0.9748570218528817,0.4406485416237461
right_dominant,3,^,0.85,0.35,-1.6002818202429294,1.1257373675363425,0.971903810766459,0.4518711890745657
right_dominant,3,^,0.85,0.35,-1.6002818202429294,1.1388273369263,0.968788881855497,0.46305109973548986
right_dominant,3,^,0.85,0.35,-1.6002818202429294,1.1519173063162573,0.9655116446882025,0.47418422042720076
right_dominant,3,^,0.85,0.35,-1.6002818202429294,1.1650072757062149,0.9620735411415011,0.4852667433117885
right_dominant,3,^,0.85,0.35,-1.6002818202429294,1.1780972450961724,0.9584742181235092,0.4962947793364038
right_dominant,3,^,0.85,0.35,-1.6002818202429294,1.1911872144861297,0.9547148782453316,0.5072648857764397
right_dominant,3,^,0.85,0.35,-1.6002818202429294,1.2042771838760873,0.9507955270290744,0.5181732847987336
right_dominant,3,^,0.85,0.35,-1.6002818202429294,1.2173671532660448,0.9467171304407501,0.5290168988434533
right_dominant,3,^,0.85,0.35,-1.6002818202429294,1.2304571226560022,0.9424800484032994,0.5397920141103486
right_dominant,3,^,0.85,0.35,-1.6002818202429294,1.2435470920459597,0.938085013488855,0.5504958618131055
right_dominant,3,^,0.85,0.35,-1.6002818202429294,1.2566370614359172,0.9335327351271392,0.5611249217369166
right_dominant,3,^,0.85,0.35,-1.6002818202429294,1.2697270308258746,0.9288237163685574,0.571676542697551
right_dominant,3,^,0.85,0.35,-1.6002818202429294,1.2828170002158321,0.9239590105840072,0.5821474806035029
right_dominant,3,^,0.85,0.35,-1.6002818202429294,1.2959069696057897,0.9189388957852613,0.5925351310149096
right_dominant,3,^,0.85,0.35,-1.6002818202429294,1.308996938995747,0.9137647630571331,0.602836543137442
right_dominant,3,^,0.85,0.35,-1.6002818202429294,1.3220869083857045,0.9084366704563597,0.6130491228029197
right_dominant,3,^,0.85,0.35,-1.6002818202429294,1.335176877775662,0.9029563174293087,0.6231702197105721
right_dominant,3,^,0.85,0.35,-1.6002818202429294,1.3482668471656194,0.8973236151725562,0.6331972170811417
right_dominant,3,^,0.85,0.35,-1.6002818202429294,1.361356816555577,0.8915403819184752,0.643127772403669
right_dominant,3,^,0.85,0.35,-1.6002818202429294,1.3744467859455345,0.8856067546344536,0.6529592165826354
right_dominant,3,^,0.85,0.35,-1.6002818202429294,1.3875367553354918,0.8795243218065515,0.6626895222598643
right_dominant,3,^,0.85,0.35,-1.6002818202429294,1.4006267247254494,0.8732935570641999,0.6723159411392886
right_dominant,3,^,0.85,0.35,-1.6002818202429294,1.413716694115407,0.8669158247609858,0.6818367684090428
right_dominant,3,^,0.85,0.35,-1.6002818202429294,1.4268066635053642,0.8603919275923864,0.6912491522008684
right_dominant,3,^,0.85,0.35,-1.6002818202429294,1.4398966328953218,0.8537230119639395,0.700551631428492
right_dominant,3,^,0.85,0.35,-1.6002818202429294,1.4529866022852793,0.846910201420745,0.7097414871462274
right_dominant,3,^,0.85,0.35,-1.6002818202429294,1.4660765716752366,0.8399544311630796,0.7188172273196717
right_dominant,3,^,0.85,0.35,-1.6002818202429294,1.4791665410651942,0.8328571367615533,0.7277764022024654
right_dominant,3,^,0.85,0.35,-1.6002818202429294,1.4922565104551517,0.8256190494996521,0.736617419001604
right_dominant,3,^,0.85,0.35,-1.6002818202429294,1.505346479845109,0.8182419075549837,0.745338122926724
right_dominant,3,^,0.85,0.35,-1.6002818202429294,1.5184364492350666,0.8107262461152595,0.7539368004889447
right_dominant,3,^,0.85,0.35,-1.6002818202429294,1.5315264186250241,0.8030740758888643,0.762411601327809
right_dominant,3,^,0.85,0.35,-1.6002818202429294,1.5446163880149815,0.7952858045390807,0.7707606730229741
right_dominant,3,^,0.85,0.35,-1.6002818202429294,1.557706357404939,0.7873635431318673,0.7789824788129601
right_dominant,3,^,0.85,0.35,-1.6002818202429294,1.5707963267948966,0.7793079048575943,0.7870750106586191
right_dominant,3,^,0.85,0.35,-1.6002818202429294,1.5838862961848539,0.7711207908133482,0.7950370542405099
right_dominant,3,^,0.85,0.35,-1.6002818202429294,1.5969762655748114,0.7628031156691752,0.8028664306295251
right_dominant,3,^,0.85,0.35,-1.6002818202429294,1.610066234964769,0.7543565788355885,0.81056225644336
right_dominant,3,^,0.85,0.35,-1.6002818202429294,1.6231562043547263,0.7457823858262255,0.8181221678944799
right_dominant,3,^,0.85,0.35,-1.6002818202429294,1.6362461737446838,0.7370820431434052,0.825545514409683
right_dominant,3,^,0.85,0.35,-1.6002818202429294,1.6493361431346414,0.728257035967799,0.832830053338286
right_dominant,3,^,0.85,0.35,-1.6002818202429294,1.6624261125245987,0.719308687153108,0.8399750306614302
right_dominant,3,^,0.85,0.35,-1.6002818202429294,1.6755160819145563,0.7102387498459566,0.8469784951617954
right_dominant,3,^,0.85,0.35,-1.6002818202429294,1.6886060513045138,0.7010483729768905,0.8538395162066568
right_dominant,3,^,0.85,0.35,-1.6002818202429294,1.7016960206944711,0.6917395654493438,0.8605564630501709
right_dominant,3,^,0.85,0.35,-1.6002818202429294,1.7147859900844287,0.6823133124463173,0.8671282164922355
right_dominant,3,^,0.85,0.35,-1.6002818202429294,1.7278759594743862,0.6727718490624807,0.873553474756442
right_dominant,3,^,0.85,0.35,-1.6002818202429294,1.7409659288643435,0.6631160579387864,0.8798309191234039
right_dominant,3,^,0.85,0.35,-1.6002818202429294,1.754055898254301,0.6533482525792896,0.8859595847797916
right_dominant,3,^,0.85,0.35,-1.6002818202429294,1.7671458676442586,0.6434694930111096,0.8919379434820986
right_dominant,3,^,0.85,0.35,-1.6002818202429294,1.780235837034216,0.6334819115862242,0.8977653748554021
right_dominant,3,^,0.85,0.35,-1.6002818202429294,1.7933258064241735,0.6233868228446036,0.9034401320277299
right_dominant,3,^,0.85,0.35,-1.6002818202429294,1.806415775814131,0.6131861885446533,0.9089619460057047
right_dominant,3,^,0.85,0.35,-1.6002818202429294,1.8195057452040884,0.6028815645062936,0.9143288430453043
right_dominant,3,^,0.85,0.35,-1.6002818202429294,1.832595714594046,0.5924747528603508,0.9195407919067312
right_dominant,3,^,0.85,0.35,-1.6002818202429294,1.8456856839840035,0.581967537031075,0.9245959446331984
right_dominant,3,^,0.85,0.35,-1.6002818202429294,1.8587756533739608,0.5713615708779131,0.9294941272651959
right_dominant,3,^,0.85,0.35,-1.6002818202429294,1.8718656227639183,0.5606588513298812,0.9342338097470807
right_dominant,3,^,0.85,0.35,-1.6002818202429294,1.8849555921538759,0.5498608957037975,0.9388145989164047
right_dominant,3,^,0.85,0.35,-1.6002818202429294,1.8980455615438332,0.5389698999291199,0.9432353121378525
right_dominant,3,^,0.85,0.35,-1.6002818202429294,1.9111355309337907,0.5279872568633328,0.9474953298953076
right_dominant,3,^,0.85,0.35,-1.6002818202429294,1.9242255003237483,0.5169153335710379,0.9515938230403618
right_dominant,3,^,0.85,0.35,-1.6002818202429294,1.9373154697137056,0.5057554497972614,0.9555299393052737
right_dominant,3,^,0.85,0.35,-1.6002818202429294,1.9504054391036632,0.4945100262833775,0.9593032084863224
right_dominant,3,^,0.85,0.35,-1.6002818202429294,1.9634954084936207,0.48318052520355126,0.9629125399006201
right_dominant,3,^,0.85,0.35,-1.6002818202429294,1.976585377883578,0.47176922258441556,0.9663578271296215
right_dominant,3,^,0.85,0.35,-1.6002818202429294,1.9896753472735356,0.4602777782303998,0.9696377361305452
right_dominant,3,^,0.85,0.35,-1.6002818202429294,2.002765316663493,0.44870942138468983,0.9727525284852245
right_dominant,3,^,0.85,0.35,-1.6002818202429294,2.0158552860534504,0.43728092042673006,0.9757006225516137
right_dominant,3,^,0.85,0.35,-1.6002818202429294,2.028945255443408,0.42614347212681214,0.9784825231648961
right_dominant,3,^,0.85,0.35,-1.6002818202429294,2.0420352248333655,0.4152895844752254,0.981096782526811
right_dominant,3,^,0.85,0.35,-1.6002818202429294,2.055125194223323,0.4047123657623887,0.9835437403902569
right_dominant,3,^,0.85,0.35,-1.6002818202429294,2.06821516361328,0.394404200817655,0.9858222871387458
right_dominant,3,^,0.85,0.35,-1.6002818202429294,2.0813051330032377,0.38435903179617226,0.9879325195020106
right_dominant,3,^,0.85,0.35,-1.6002818202429294,2.0943951023931953,0.3745691515115929,0.9898736942530852
right_dominant,3,^,0.85,0.35,-1.6002818202429294,2.107485071783153,0.3650292697293076,0.9916456616031515
right_dominant,3,^,0.85,0.35,-1.6002818202429294,2.1205750411731104,0.3557316506250541,0.9932480476758044
right_dominant,3,^,0.85,0.35,-1.6002818202429294,2.133665010563068,0.3466716047332194,0.9946804533346376
right_dominant,3,^,0.85,0.35,-1.6002818202429294,2.146754979953025,0.3378416675794599,0.9959428763544992
right_dominant,3,^,0.85,0.35,-1.6002818202429294,2.1598449493429825,0.32923715058125574,0.997034666081949
right_dominant,3,^,0.85,0.35,-1.6002818202429294,2.17293491873294,0.3208513707653895,0.9979561935799055
right_dominant,3,^,0.85,0.35,-1.6002818202429294,2.1860248881228976,0.31267947947311736,0.998706555161892
right_dominant,3,^,0.85,0.35,-1.6002818202429294,2.199114857512855,0.3047155156622575,0.9992864961489855
right_dominant,3,^,0.85,0.35,-1.6002818202429294,2.2122048269028127,0.296954498405466,0.9996948589534163
right_dominant,3,^,0.85,0.35,-1.6002818202429294,2.22529479629277,0.28939113302883074,0.9999326320878393
right_dominant,3,^,0.85,0.35,-1.6002818202429294,2.2383847656827274,0.28202033175952085,0.9999987979405752
right_dominant,3,^,0.85,0.35,-1.6002818202429294,2.251474735072685,0.27483741448444254,0.9998941683877568
right_dominant,3,^,0.85,0.35,-1.6002818202429294,2.2645647044626425,0.2678372097930118,0.9996180736396563
right_dominant,3,^,0.85,0.35,-1.6002818202429294,2.2776546738526,0.26101560384399963,0.9991710721099086
right_dominant,3,^,0.85,0.35,-1.6002818202429294,2.2907446432425576,0.25436736273958566,0.9985528673859383
right_dominant,3,^,0.85,0.35,-1.6002818202429294,2.3038346126325147,0.2478888939174346,0.9977637641575177
right_dominant,3,^,0.85,0.35,-1.6002818202429294,2.316924582022472,0.2415749440319143,0.9968038389586287
right_dominant,3,^,0.85,0.35,-1.6002818202429294,2.3300145514124297,0.23542232849882705,0.9956731431228883
right_dominant,3,^,0.85,0.35,-1.6002818202429294,2.3431045208023873,0.22942597824442396,0.9943721250252572
right_dominant,3,^,0.85,0.35,-1.6002818202429294,2.356194490192345,0.22358270928421073,0.9929005836351616
right_dominant,3,^,0.85,0.35,-1.6002818202429294,2.3692844595823024,0.2178879832565369,0.991259337389232
right_dominant,3,^,0.85,0.35,-1.6002818202429294,2.3823744289722595,0.21233850747023403,0.9894479345039284
right_dominant,3,^,0.85,0.35,-1.6002818202429294,2.395464398362217,0.2069302338221055,0.9874675610264699
right_dominant,3,^,0.85,0.35,-1.6002818202429294,2.4085543677521746,0.2016597797982769,0.9853175166455878
right_dominant,3,^,0.85,0.35,-1.6002818202429294,2.421644337142132,0.19652354982171089,0.9829992226719434
right_dominant,3,^,0.85,0.35,-1.6002818202429294,2.4347343065320897,0.19151808882048965,0.9805121207811953
right_dominant,3,^,0.85,0.35,-1.6002818202429294,2.447824275922047,0.18664021856164706,0.977857452625435
right_dominant,3,^,0.85,0.35,-1.6002818202429294,2.4609142453120043,0.18188642717543524,0.9750350048961854
right_dominant,3,^,0.85,0.35,-1.6002818202429294,2.474004214701962,0.17725392098026024,0.97204576666315
right_dominant,3,^,0.85,0.35,-1.6002818202429294,2.4870941840919194,0.17273914567171664,0.9688898914538453
right_dominant,3,^,0.85,0.35,-1.6002818202429294,2.500184153481877,0.16833966156516147,0.9655681185212027
right_dominant,3,^,0.85,0.35,-1.6002818202429294,2.5132741228718345,0.164051901149312,0.9620809643557326
right_dominant,3,^,0.85,0.35,-1.6002818202429294,2.526364092261792,0.15987370179470325,0.9584289217560333
right_dominant,3,^,0.85,0.35,-1.6002818202429294,2.539454061651749,0.15580162112783588,0.9546128656434443
right_dominant,3,^,0.85,0.35,-1.6002818202429294,2.5525440310417067,0.1518334969264986,0.9506330463149463
right_dominant,3,^,0.85,0.35,-1.6002818202429294,2.5656340004316642,0.14796624722016746,0.9464906919372145
right_dominant,3,^,0.85,0.35,-1.6002818202429294,2.5787239698216218,0.1441976359646687,0.9421858148415861
right_dominant,3,^,0.85,0.35,-1.6002818202429294,2.5918139392115793,0.14052491412065998,0.9377199906078038
right_dominant,3,^,0.85,0.35,-1.6002818202429294,2.604903908601537,0.13694578464597862,0.9330929987132757
right_dominant,3,^,0.85,0.35,-1.6002818202429294,2.617993877991494,0.13345780580871786,0.9283066336099717
right_dominant,3,^,0.85,0.35,-1.6002818202429294,2.6310838473814515,0.13005863129304207,0.9233608138079686
right_dominant,3,^,0.85,0.35,-1.6002818202429294,2.644173816771409,0.12674610278256418,0.9182571586642123
right_dominant,3,^,0.85,0.35,-1.6002818202429294,2.6572637861613666,0.1235178353904281,0.9129959159993529
right_dominant,3,^,0.85,0.35,-1.6002818202429294,2.670353755551324,0.12037193194646811,0.907578463791558
right_dominant,3,^,0.85,0.35,-1.6002818202429294,2.6834437249412817,0.11730597874674077,0.9020053963793299
right_dominant,3,^,0.85,0.35,-1.6002818202429294,2.696533694331239,0.11431831901800178,0.8962778559635636
right_dominant,3,^,0.85,0.35,-1.6002818202429294,2.7096236637211963,0.11140653008760702,0.8903967762077454
right_dominant,3,^,0.85,0.35,-1.6002818202429294,2.722713633111154,0.10856914332859847,0.8843630696900503
right_dominant,3,^,0.85,0.35,-1.6002818202429294,2.7358036025011114,0.1058038210485497,0.8781780015898273
right_dominant,3,^,0.85,0.35,-1.6002818202429294,2.748893571891069,0.10310909489706607,0.8718422615605944
right_dominant,3,^,0.85,0.35,-1.6002818202429294,2.7619835412810265,0.10048287192893034,0.8653574378823361
right_dominant,3,^,0.85,0.35,-1.6002818202429294,2.7750735106709836,0.09792363366175477,0.8587240045154054
right_dominant,3,^,0.85,0.35,-1.6002818202429294,2.788163480060941,0.09542951324162292,0.8519438638299149
right_dominant,3,^,0.85,0.35,-1.6002818202429294,2.8012534494508987,0.09299895076282784,0.8450172818473367
right_dominant,3,^,0.85,0.35,-1.6002818202429294,2.8143434188408563,0.09063028806184197,0.8379463552334631
right_dominant,3,^,0.85,0.35,-1.6002818202429294,2.827433388230814,0.0883219317715421,0.8307314809372023
right_dominant,3,^,0.85,0.35,-1.6002818202429294,2.8405233576207713,0.08607241619395217,0.823374592087892
right_dominant,3,^,0.85,0.35,-1.6002818202429294,2.8536133270107285,0.08388012176863201,0.8158763867249784
right_dominant,3,^,0.85,0.35,-1.6002818202429294,2.866703296400686,0.08174376014022733,0.8082385773196967
right_dominant,3,^,0.85,0.35,-1.6002818202429294,2.8797932657906435,0.0796616921788097,0.8004621749198623
right_dominant,3,^,0.85,0.35,-1.6002818202429294,2.892883235180601,0.0776327927809395,0.7925486795276041
right_dominant,3,^,0.85,0.35,-1.6002818202429294,2.9059732045705586,0.07565541672610467,0.7844994049525152
right_dominant,3,^,0.85,0.35,-1.6002818202429294,2.919063173960516,0.07372856667972846,0.7763156474090924
right_dominant,3,^,0.85,0.35,-1.6002818202429294,2.9321531433504733,0.07185065513078638,0.7679990126731371
right_dominant,3,^,0.85,0.35,-1.6002818202429294,2.945243112740431,0.07002068493251432,0.7595506023327129
right_dominant,3,^,0.85,0.35,-1.6002818202429294,2.9583330821303884,0.06823723478005256,0.7509723027993442
right_dominant,3,^,0.85,0.35,-1.6002818202429294,2.971423051520346,0.06649927348234126,0.7422650306623158
right_dominant,3,^,0.85,0.35,-1.6002818202429294,2.9845130209103035,0.0648055332715851,0.7334309411181211
right_dominant,3,^,0.85,0.35,-1.6002818202429294,2.997602990300261,0.06315495482643042,0.7244707758375827
right_dominant,3,^,0.85,0.35,-1.6002818202429294,3.010692959690218,0.06154641209930553,0.7153868523578676
right_dominant,3,^,0.85,0.35,-1.6002818202429294,3.0237829290801757,0.05997882304543549,0.7061800302155362
right_dominant,3,^,0.85,0.35,-1.6002818202429294,3.036872898470133,0.058451192319295936,0.6968524813584944
right_dominant,3,^,0.85,0.35,-1.6002818202429294,3.0499628678600907,0.056962420088408676,0.6874053266779477
right_dominant,3,^,0.85,0.35,-1.6002818202429294,3.0630528372500483,0.055511631439417154,0.6778405467583045
right_dominant,3,^,0.85,0.35,-1.6002818202429294,3.076142806640006,0.05409771325033745,0.6681595300098103
right_dominant,3,^,0.85,0.35,-1.6002818202429294,3.089232776029963,0.05271990147107728,0.6583640761022195
right_dominant,3,^,0.85,0.35,-1.6002818202429294,3.1023227454199205,0.051377078843578464,0.6484558280542599
right_dominant,3,^,0.85,0.35,-1.6002818202429294,3.115412714809878,0.05006856808471493,0.6384364154845982
right_dominant,3,^,0.85,0.35,-1.6002818202429294,3.1285026841998356,0.04879329112654875,0.6283077226495526
right_dominant,3,^,0.85,0.35,-1.6002818202429294,3.141592653589793,0.047550570813495605,0.6180712203792851
right_dominant,3,^,0.85,0.35,-1.6002818202429294,3.1546826229797507,0.046339441947094016,0.607729020353898
right_dominant,3,^,0.85,0.35,-1.6002818202429294,3.1677725923697078,0.045159204252510354,0.5972824462604974
right_dominant,3,^,0.85,0.35,-1.6002818202429294,3.1808625617596653,0.0440089967972586,0.5867338229641564
right_dominant,3,^,0.85,0.35,-1.6002818202429294,3.193952531149623,0.0428881002034134,0.5760843390206446
right_dominant,3,^,0.85,0.35,-1.6002818202429294,3.2070425005395804,0.04179574977972911,0.5653364434765099
right_dominant,3,^,0.85,0.35,-1.6002818202429294,3.220132469929538,0.04073121071695999,0.5544914251913509
right_dominant,3,^,0.85,0.35,-1.6002818202429294,3.2332224393194955,0.039693807082731326,0.5435516112051951
right_dominant,3,^,0.85,0.35,-1.6002818202429294,3.2463124087094526,0.038682791988289146,0.5325185019741214
right_dominant,3,^,0.85,0.35,-1.6002818202429294,3.25940237809941,0.03769757128592427,0.5213942698600439
right_dominant,3,^,0.85,0.35,-1.6002818202429294,3.2724923474893677,0.03673738906206993,0.5101806270872493
right_dominant,3,^,0.85,0.35,-1.6002818202429294,3.2855823168793252,0.03580172645550534,0.49887960364162703
right_dominant,3,^,0.85,0.35,-1.6002818202429294,3.2986722862692828,0.034889824743884246,0.48749310843572385
right_dominant,3,^,0.85,0.35,-1.6002818202429294,3.3117622556592403,0.034001223988842436,0.47602304170320664
right_dominant,3,^,0.85,0.35,-1.6002818202429294,3.3248522250491974,0.033135192081777565,0.46447149361103895
right_dominant,3,^,0.85,0.35,-1.6002818202429294,3.337942194439155,0.0322912691709384,0.45284024756802893
right_dominant,3,^,0.85,0.35,-1.6002818202429294,3.3510321638291125,0.031468799796615606,0.4411315592279273
right_dominant,3,^,0.85,0.35,-1.6002818202429294,3.36412213321907,0.030667308406933345,0.42934710838712553
right_dominant,3,^,0.85,0.35,-1.6002818202429294,3.3772121026090276,0.02988621034849711,0.4174893001052122
right_dominant,3,^,0.85,0.35,-1.6002818202429294,3.3903020719989847,0.029125017096651346,0.4055597240448535
right_dominant,3,^,0.85,0.35,-1.6002818202429294,3.4033920413889422,0.02838320935477312,0.3935608665291526
right_dominant,3,^,0.85,0.35,-1.6002818202429294,3.4164820107789,0.027660288118902362,0.3814943961195242
right_dominant,3,^,0.85,0.35,-1.6002818202429294,3.4295719801688573,0.0269557943679613,0.3693627054198079
right_dominant,3,^,0.85,0.35,-1.6002818202429294,3.442661949558815,0.02626922089487782,0.35716761670657804
right_dominant,3,^,0.85,0.35,-1.6002818202429294,3.4557519189487724,0.025600164217984858,0.3449114105495116
right_dominant,3,^,0.85,0.35,-1.6002818202429294,3.4688418883387295,0.024948111001520706,0.3325960571118865
right_dominant,3,^,0.85,0.35,-1.6002818202429294,3.481931857728687,0.024312708890360853,0.3202237386098117
right_dominant,3,^,0.85,0.35,-1.6002818202429294,3.4950218271186446,0.02369344264132075,0.30779655642283266
right_dominant,3,^,0.85,0.35,-1.6002818202429294,3.508111796508602,0.0230899999133858,0.2953166083106936
right_dominant,3,^,0.85,0.35,-1.6002818202429294,3.5212017658985597,0.02250188353658455,0.282786109964955
right_dominant,3,^,0.85,0.35,-1.6002818202429294,3.5342917352885173,0.02192878122872153,0.270207088782872
right_dominant,3,^,0.85,0.35,-1.6002818202429294,3.5473817046784744,0.021370247871566328,0.2575818576519753
right_dominant,3,^,0.85,0.35,-1.6002818202429294,3.560471674068432,0.02082596052107504,0.24491238787743588
right_dominant,3,^,0.85,0.35,-1.6002818202429294,3.5735616434583894,0.020295522143105045,0.23220107223716216
right_dominant,3,^,0.85,0.35,-1.6002818202429294,3.586651612848347,0.019778600983885855,0.21944984037081916
right_dominant,3,^,0.85,0.35,-1.6002818202429294,3.5997415822383045,0.019274844392613268,0.20666112028421865
right_dominant,3,^,0.85,0.35,-1.6002818202429294,3.612831551628262,0.01878391349909255,0.19412098029953326
right_dominant,3,^,0.85,0.35,-1.6002818202429294,3.625921521018219,0.018305496585232648,0.1823305591887566
right_dominant,3,^,0.85,0.35,-1.6002818202429294,3.6390114904081767,0.01783924921016066,0.17125742820530676
right_dominant,3,^,0.85,0.35,-1.6002818202429294,3.6521014597981343,0.017384897372221576,0.16085595122697177
right_dominant,3,^,0.85,0.35,-1.6002818202429294,3.665191429188092,0.01694209246859174,0.15108670699318047
right_dominant,3,^,0.85,0.35,-1.6002818202429294,3.6782813985780494,0.016510595217302936,0.14191055513983408
right_dominant,3,^,0.85,0.35,-1.6002818202429294,3.691371367968007,0.016090055720213138,0.13329166379320426
right_dominant,3,^,0.85,0.35,-1.6002818202429294,3.704461337357964,0.015680261868664752,0.12519649225448828
right_dominant,3,^,0.85,0.35,-1.6002818202429294,3.7175513067479216,0.015280876037911808,0.11759249847373376
right_dominant,3,^,0.85,0.35,-1.6002818202429294,3.730641276137879,0.014891686159239506,0.11045096618371945
right_dominant,3,^,0.85,0.35,-1.6002818202429294,3.7437312455278366,0.014512389955886178,0.1037423644737178
right_dominant,3,^,0.85,0.35,-1.6002818202429294,3.756821214917794,0.014142768118748077,0.09744213110803474
right_dominant,3,^,0.85,0.35,-1.6002818202429294,3.7699111843077517,0.013782551024639874,0.09152348773416678
right_dominant,3,^,0.85,0.35,-1.6002818202429294,3.783001153697709,0.013431513381832771,0.08596544665292395
right_dominant,3,^,0.85,0.35,-1.6002818202429294,3.7960911230876664,0.013089415707564772,0.08074398611213925
right_dominant,3,^,0.85,0.35,-1.6002818202429294,3.809181092477624,0.012756027877391444,0.07584046205539736
right_dominant,3,^,0.85,0.35,-1.6002818202429294,3.8222710618675815,0.01243113820567781,0.07123410274539738
right_dominant,3,^,0.85,0.35,-1.6002818202429294,3.835361031257539,0.012114512784970742,0.06690797906268697
right_dominant,3,^,0.85,0.35,-1.6002818202429294,3.8484510006474966,0.011805965542609622,0.06284426158671773
right_dominant,3,^,0.85,0.35,-1.6002818202429294,3.8615409700374537,0.011505259744788436,0.05902754895998611
right_dominant,3,^,0.85,0.35,-1.6002818202429294,3.874630939427411,0.01121223289675028,0.05544254956747098
right_dominant,3,^,0.85,0.35,-1.6002818202429294,3.8877209088173688,0.010926647385047422,0.052075264376941474
right_dominant,3,^,0.85,0.35,-1.6002818202429294,3.9008108782073263,0.010648359168133115,0.04891258948746495
right_dominant,3,^,0.85,0.35,-1.6002818202429294,3.913900847597284,0.010377138967339359,0.045941811156812964
right_dominant,3,^,0.85,0.35,-1.6002818202429294,3.9269908169872414,0.010112842768244226,0.043151710324731356
right_dominant,3,^,0.85,0.35,-1.6002818202429294,3.9400807863771985,0.009855265296755187,0.040530749660680154
right_dominant,3,^,0.85,0.35,-1.6002818202429294,3.953170755767156,0.009604257621552011,0.038069333028778976
right_dominant,3,^,0.85,0.35,-1.6002818202429294,3.9662607251571136,0.009359636643363563,0.03575699848604876
right_dominant,3,^,0.85,0.35,-1.6002818202429294,3.979350694547071,0.009121249368109345,0.03358554642005388
right_dominant,3,^,0.85,0.35,-1.6002818202429294,3.9924406639370287,0.008888933164674597,0.031545591854575596
right_dominant,3,^,0.85,0.35,-1.6002818202429294,4.005530633326986,0.008662531757114943,0.029629850806960602
right_dominant,3,^,0.85,0.35,-1.6002818202429294,4.018620602716943,0.008441901391155571,0.02783020803818546
right_dominant,3,^,0.85,0.35,-1.6002818202429294,4.031710572106901,0.008226883221835925,0.026140049568455427
right_dominant,3,^,0.85,0.35,-1.6002818202429294,4.044800541496858,0.008017350888478419,0.024552409682418615
right_dominant,3,^,0.85,0.35,-1.6002818202429294,4.057890510886816,0.007813143626765492,0.02306127127637229
right_dominant,3,^,0.85,0.35,-1.6002818202429294,4.0709804802767735,0.0076141510876131906,0.021660660121528966
right_dominant,3,^,0.85,0.35,-1.6002818202429294,4.084070449666731,0.007420211909345953,0.020345106983851724
right_dominant,3,^,0.85,0.35,-1.6002818202429294,4.097160419056689,0.007231228274328373,0.01910949234508978
right_dominant,3,^,0.85,0.35,-1.6002818202429294,4.110250388446646,0.007047044480977396,0.017948849116763053
right_dominant,3,^,0.85,0.35,-1.6002818202429294,4.123340357836604,0.006867562730078925,0.016858794162580862
right_dominant,3,^,0.85,0.35,-1.6002818202429294,4.13643032722656,0.00669264362139242,0.01583482000232294
right_dominant,3,^,0.85,0.35,-1.6002818202429294,4.149520296616518,0.006522186016672054,0.014873177554473222
right_dominant,3,^,0.85,0.35,-1.6002818202429294,4.162610266006475,0.00635606557444776,0.013969779478300528
right_dominant,3,^,0.85,0.35,-1.6002818202429294,4.175700235396433,0.006194178397480811,0.013121422295258913
right_dominant,3,^,0.85,0.35,-1.6002818202429294,4.1887902047863905,0.006036414044087293,0.012324439421078326
right_dominant,3,^,0.85,0.35,-1.6002818202429294,4.201880174176348,0.005882666388336566,0.011575985101481156
right_dominant,3,^,0.85,0.35,-1.6002818202429294,4.214970143566306,0.005732837807678079,0.010872888821481115
right_dominant,3,^,0.85,0.35,-1.6002818202429294,4.228060112956263,0.00558682043158011,0.010212566587926556
right_dominant,3,^,0.85,0.35,-1.6002818202429294,4.241150082346221,0.005444528449366069,0.009592296989304026
right_dominant,3,^,0.85,0.35,-1.6002818202429294,4.254240051736178,0.005305852687081576,0.00900972922394134
right_dominant,3,^,0.85,0.35,-1.6002818202429294,4.267330021126136,0.005170718207414123,0.008462529240820875
right_dominant,3,^,0.85,0.35,-1.6002818202429294,4.280419990516093,0.0050390154307475435,0.007948560283596851
right_dominant,3,^,0.85,0.35,-1.6002818202429294,4.29350995990605,0.004910677929791504,0.007465822225188818
right_dominant,3,^,0.85,0.35,-1.6002818202429294,4.3065999292960075,0.004785599968659457,0.007012374490781358
right_dominant,3,^,0.85,0.35,-1.6002818202429294,4.319689898685965,0.004663715132570362,0.006586504647844259
right_dominant,3,^,0.85,0.35,-1.6002818202429294,4.332779868075923,0.004544928755769947,0.006186451684342391
right_dominant,3,^,0.85,0.35,-1.6002818202429294,4.34586983746588,0.00442917215596271,0.005810750884436687
right_dominant,3,^,0.85,0.35,-1.6002818202429294,4.358959806855838,0.004316360893702724,0.005457805378952606
right_dominant,3,^,0.85,0.35,-1.6002818202429294,4.372049776245795,0.004206424413081598,0.005126363611810215
right_dominant,3,^,0.85,0.35,-1.6002818202429294,4.385139745635753,0.004099287713903179,0.0048149930977377286
right_dominant,3,^,0.85,0.35,-1.6002818202429294,4.39822971502571,0.003994878726769823,0.004522582038727025
right_dominant,3,^,0.85,0.35,-1.6002818202429294,4.411319684415668,0.003893131156871757,0.00424789175711843
right_dominant,3,^,0.85,0.35,-1.6002818202429294,4.4244096538056255,0.0037939717500644807,0.003989912721462708
right_dominant,3,^,0.85,0.35,-1.6002818202429294,4.437499623195583,0.003697342232901395,0.0037475817128007323
right_dominant,3,^,0.85,0.35,-1.6002818202429294,4.45058959258554,0.0036031684660927195,0.0035199803044650376
right_dominant,3,^,0.85,0.35,-1.6002818202429294,4.463679561975497,0.003511399560219438,0.0033061966140440447
right_dominant,3,^,0.85,0.35,-1.6002818202429294,4.476769531365455,0.0034219611005092414,0.0031053958395070294
right_dominant,3,^,0.85,0.35,-1.6002818202429294,4.489859500755412,0.0033348079766413797,0.0029167965580440586
right_dominant,3,^,0.85,0.35,-1.6002818202429294,4.50294947014537,0.0032498683840944042,0.002739640613115268
right_dominant,3,^,0.85,0.35,-1.6002818202429294,4.516039439535327,0.0031670972210426705,0.0025732589803110343
right_dominant,3,^,0.85,0.35,-1.6002818202429294,4.529129408925285,0.003086430200615994,0.002416963655860218
right_dominant,3,^,0.85,0.35,-1.6002818202429294,4.5422193783152425,0.003007820681135154,0.0022701823949401083
right_dominant,3,^,0.85,0.35,-1.6002818202429294,4.5553093477052,0.002931211320346523,0.002132291322192693
right_dominant,3,^,0.85,0.35,-1.6002818202429294,4.568399317095158,0.002856554204212879,0.0020028014714524355
right_dominant,3,^,0.85,0.35,-1.6002818202429294,4.581489286485115,0.0027837984006112153,0.001881153189946465
right_dominant,3,^,0.85,0.35,-1.6002818202429294,4.594579255875073,0.002712894967703911,0.001766912113112442
right_dominant,3,^,0.85,0.35,-1.6002818202429294,4.607669225265029,0.0026437988851364027,0.0016595943062108665
right_dominant,3,^,0.85,0.35,-1.6002818202429294,4.620759194654987,0.0025764604065175094,0.001558805358851489
right_dominant,3,^,0.85,0.35,-1.6002818202429294,4.633849164044944,0.0025108399587460287,0.0014641298856547258
right_dominant,3,^,0.85,0.35,-1.6002818202429294,4.646939133434902,0.0024468871943348195,0.001375209069646057
right_dominant,3,^,0.85,0.35,-1.6002818202429294,4.6600291028248595,0.0023845675546250744,0.0012916866506040524
right_dominant,3,^,0.85,0.35,-1.6002818202429294,4.673119072214817,0.002323830505051702,0.0012132364825777784
right_dominant,3,^,0.85,0.35,-1.6002818202429294,4.686209041604775,0.0022646454115026887,0.0011395532741608294
right_dominant,3,^,0.85,0.35,-1.6002818202429294,4.699299010994732,0.0022069635120159706,0.001070340823767822
right_dominant,3,^,0.85,0.35,-1.6002818202429294,4.71238898038469,0.002150754178248518,0.0010053377525391224
