2.5157261728905587,2.5157261728905587,4.086522499685451,4.086522499685451,0.2396981234311535,0.22859221426136156,0.203372527275176,0.197017787221291
2.5657261728905585,2.5657261728905585,4.136522499685451,4.136522499685451,0.23836220523782553,0.22453999950099307,0.20240556445071597,0.1958651933536402
2.6157261728905583,2.6157261728905583,4.18652249968545,4.18652249968545,0.2355572788585518,0.22272334673600924,0.20135861769177285,0.19516722950432785
2.665726172890558,2.665726172890558,4.23652249968545,4.23652249968545,0.2352974022857997,0.22095203843998426,0.20067773998038682,0.19495286659828684
2.715726172890558,2.715726172890558,4.28652249968545,4.28652249968545,0.23263673798613224,0.21828844119374707,0.20035432753152996,0.19530314063838047
2.7657261728905578,2.7657261728905578,4.33652249968545,4.33652249968545,0.2328302641645287,0.21677376890291034,0.2000659520677456,0.19567563810128719
2.8157261728905576,2.8157261728905576,4.38652249968545,4.38652249968545,0.23055015978551996,0.21489001977109096,0.20022004204175153,0.1964642734453151
2.8657261728905574,2.8657261728905574,4.4365224996854495,4.4365224996854495,0.22939378747120356,0.21313984538157357,0.20067020136787914,0.19772752265873206
2.9157261728905572,2.9157261728905572,4.486522499685449,4.486522499685449,0.22751077326598507,0.21136658851586798,0.20132066108497498,0.19910539393230475
2.965726172890557,2.965726172890557,4.536522499685449,4.536522499685449,0.22574483605072015,0.20986619599889245,0.20223357016532162,0.2003340915963764
3.015726172890557,3.015726172890557,4.586522499685449,4.586522499685449,0.22416114621995917,0.20861000219126283,0.2033884494125864,0.2013729459705383
3.0657261728905567,3.0657261728905567,4.636522499685449,4.636522499685449,0.22280466882961208,0.20757790376331361,0.20443812792387245,0.20220031374288847
3.1157261728905565,3.1157261728905565,4.686522499685449,4.686522499685449,0.22163931215906355,0.20672553692447102,0.20529141398565157,0.20284575126336665
3.1657261728905564,3.1657261728905564,4.7365224996854485,4.7365224996854485,0.22062230429581653,0.20600998581435165,0.20596211375377704,0.2033424769527681
3.215726172890556,3.215726172890556,4.786522499685448,4.786522499685448,0.2197299490248094,0.2053982653417053,0.20647868062030972,0.20371702419774249
3.265726172890556,3.265726172890556,4.836522499685448,4.836522499685448,0.21895623459839608,0.2048803612164037,0.20686826078791345,0.20399173905100776
3.315726172890556,3.315726172890556,4.886522499685448,4.886522499685448,0.2182890686457514,0.20444541260946328,0.20715428422579926,0.20418599948052849
3.3657261728905556,3.3657261728905556,4.936522499685448,4.936522499685448,0.21770960616294024,0.20407788273994681,0.20735647525443024,0.20431627003433223
3.4157261728905555,3.4157261728905555,4.986522499685448,4.986522499685448,0.2172017307532138,0.20376435600501622,0.20749059870638958,0.20439547714909437
3.4657261728905553,3.4657261728905553,5.036522499685447,5.036522499685447,0.21675187048886443,0.203494140695755,0.20756953147027415,0.20443397349321218
3.515726172890555,3.515726172890555,5.086522499685447,5.086522499685447,0.2163498432016042,0.20325837512028735,0.20760367640835745,0.20444006437613457
3.565726172890555,3.565726172890555,5.136522499685447,5.136522499685447,0.2159869598199644,0.20305063702669393,0.20760162143247116,0.20442054118293673
3.6157261728905548,3.6157261728905548,5.186522499685447,5.186522499685447,0.21565612877185317,0.2028652403506965,0.20756999831935438,0.20438055328499394
3.6657261728905546,3.6657261728905546,5.236522499685447,5.236522499685447,0.21535162741486452,0.20269758857611875,0.20751458986021995,0.20432438247696338
3.7157261728905544,3.7157261728905544,5.2865224996854465,5.2865224996854465,0.2150692569354555,0.20254476206364125,0.2074400858413498,0.2042556667734485
3.7657261728905542,3.7657261728905542,5.336522499685446,5.336522499685446,0.21480494795952884,0.20240357911035875,0.2073500665601489,0.20417713284886563
3.815726172890554,3.815726172890554,5.386522499685446,5.386522499685446,0.2145557283634268,0.2022719265447346,0.20724765156915637,0.2040907669088718
3.865726172890554,3.865726172890554,5.436522499685446,5.436522499685446,0.21431926606339824,0.20214792567143264,0.2071351633187004,0.20399836627142168
3.9157261728905537,3.9157261728905537,5.486522499685446,5.486522499685446,0.2140933311622017,0.2020300967092625,0.20701489114615104,0.20390177889425964
3.9657261728905535,3.9657261728905535,5.536522499685446,5.536522499685446,0.21387659702616818,0.20191745445123074,0.20688832078885466,0.20380156509648067
4.015726172890553,4.015726172890553,5.5865224996854455,5.5865224996854455,0.21366740656590533,0.20180893371763228,0.20675682861142747,0.2036990277187867
4.065726172890553,4.065726172890553,5.636522499685445,5.636522499685445,0.21346474158617817,0.20170381320816838,0.20662149015995757,0.2035944697216872
4.115726172890553,4.115726172890553,5.686522499685445,5.686522499685445,0.2132676170079676,0.20160143254731985,0.2064832674174632,0.2034889378747657
4.165726172890553,4.165726172890553,5.736522499685445,5.736522499685445,0.21307546966384758,0.20150116592746548,0.20634289161491057,0.2033825388548204
4.215726172890553,4.215726172890553,5.786522499685445,5.786522499685445,0.21288773896517552,0.20140260544435143,0.206200917803812,0.20327566861385635
4.2657261728905524,4.2657261728905524,5.836522499685445,5.836522499685445,0.2127036894233002,0.2013053891724948,0.20605780481465558,0.20316866592810837
4.315726172890552,4.315726172890552,5.886522499685444,5.886522499685444,0.21252299020816084,0.20120925164108064,0.20591403184560256,0.20306176847363813
4.365726172890552,4.365726172890552,5.936522499685444,5.936522499685444,0.21234541591991254,0.20111406688257819,0.2057698324685901,0.2029548948475433
4.415726172890552,4.415726172890552,5.986522499685444,5.986522499685444,0.21217066936807896,0.2010199359397842,0.20562551117338218,0.20284840187012365
4.465726172890552,4.465726172890552,6.036522499685444,6.036522499685444,0.21199847825986384,0.20092667470847547,0.2054812993504154,0.2027423016708048
4.515726172890552,4.515726172890552,6.086522499685444,6.086522499685444,0.21182829263429914,0.20083375365246117,0.20533731650975723,0.20263663173818777
4.565726172890551,4.565726172890551,6.1365224996854435,6.1365224996854435,0.21166070057182262,0.2007416878705247,0.20519379696110596,0.2025315101652932
4.615726172890551,4.615726172890551,6.186522499685443,6.186522499685443,0.21149497618405572,0.20065022760245774,0.205050821253648,0.20242704549206197
4.665726172890551,4.665726172890551,6.236522499685443,6.236522499685443,0.211331210008008,0.2005592552069973,0.20490847956535116,0.20232307394777374
4.715726172890551,4.715726172890551,0.003337192505856839,0.003337192505856839,0.21116929569219953,0.20046870570313507,0.20476694445594906,0.20221979675355142
4.765726172890551,4.765726172890551,0.053337192505856945,0.053337192505856945,0.2110090374312767,0.20037886827386547,0.2046275395941909,0.20211849131803028
4.8157261728905505,4.8157261728905505,0.10333719250585703,0.10333719250585703,0.21085137429238937,0.20029022967972723,0.20451287219480288,0.20203333551363115
4.86572617289055,4.86572617289055,0.15333719250585712,0.15333719250585712,0.210698754009009,0.2002047744612042,0.2044245073342234,0.20196099400173217
4.91572617289055,4.91572617289055,0.20333719250585722,0.20333719250585722,0.210552310897609,0.20012397769619922,0.2043464101486719,0.20189866696398337
4.96572617289055,4.96572617289055,0.2533371925058573,0.2533371925058573,0.21041239357843963,0.20004770632613827,0.20427683248595116,0.2018459215686745
5.01572617289055,5.01572617289055,0.30333719250585733,0.30333719250585733,0.21027918918602992,0.19997664434010434,0.2042156616038876,0.20180225359199994
5.06572617289055,5.06572617289055,0.3533371925058574,0.3533371925058574,0.2101529033617524,0.1999107338311725,0.20416247442165958,0.20176715288004451
5.115726172890549,5.115726172890549,0.4033371925058574,0.4033371925058574,0.21003327486139206,0.19985015455945765,0.20411685472740124,0.2017402946391546
5.165726172890549,5.165726172890549,0.45333719250585747,0.45333719250585747,0.20992076443693944,0.19979532797008157,0.20407865053587065,0.201721195545933
5.215726172890549,5.215726172890549,0.5033371925058575,0.5033371925058575,0.20981522288434715,0.19974600505889856,0.20404635939676025,0.20170858564139052
5.265726172890549,5.265726172890549,0.5533371925058576,0.5533371925058576,0.20971634231993339,0.19970224840757314,0.20401866473772515,0.20170070168772294
5.315726172890549,5.315726172890549,0.6033371925058576,0.6033371925058576,0.2096243087665421,0.1996637943067524,0.2039967493508352,0.20169884959299306
5.3657261728905485,5.3657261728905485,0.6533371925058576,0.6533371925058576,0.20953891167810768,0.19963112724029736,0.20398095137845954,0.20170345795169212
5.415726172890548,5.415726172890548,0.7033371925058577,0.7033371925058577,0.2094599830447457,0.19960397915922581,0.20397087551153917,0.2017138569238096
5.465726172890548,5.465726172890548,0.7533371925058577,0.7533371925058577,0.209387585115532,0.1995823993455338,0.20396616473203535,0.20172982548090582
5.515726172890548,5.515726172890548,0.8033371925058578,0.8033371925058578,0.2093215773981616,0.19956636032879452,0.20396635518005926,0.20175587127233896
5.565726172890548,5.565726172890548,0.8533371925058578,0.8533371925058578,0.20926208507153446,0.19955626212069613,0.20397867474980813,0.20180200983564553
5.615726172890548,5.615726172890548,0.9033371925058579,0.9033371925058579,0.20921054503637693,0.19955363237007348,0.20401114903586431,0.20187039073708765
5.6657261728905475,5.6657261728905475,0.9533371925058579,0.9533371925058579,0.20916840981349466,0.19956020612208095,0.20406396642941838,0.20195909108000498
5.715726172890547,5.715726172890547,1.0033371925058578,1.0033371925058578,0.2091367809849954,0.19957650444502456,0.20413506260549077,0.2020659481738155
5.765726172890547,5.765726172890547,1.0533371925058579,1.0533371925058579,0.20911605516338092,0.19960360505563424,0.20422216136115656,0.20218902843745004
5.815726172890547,5.815726172890547,1.103337192505858,1.103337192505858,0.20910613369623426,0.19964140643347927,0.20431353269414335,0.2023170204562699
5.865726172890547,5.865726172890547,1.153337192505858,1.153337192505858,0.20910610802101565,0.19968888466066123,0.20442150762079167,0.2024446894560593
5.915726172890547,5.915726172890547,1.203337192505858,1.203337192505858,0.20912408384528466,0.1997533091881969,0.2047526409523007,0.20274528276580964
5.965726172890546,5.965726172890546,1.253337192505858,1.253337192505858,0.20917650025378365,0.19984683136549156,0.2052526958621677,0.20307640169214958
6.015726172890546,6.015726172890546,1.303337192505858,1.303337192505858,0.2092777832396772,0.19998219706106732,0.20622453489205053,0.203734354581135
6.065726172890546,6.065726172890546,1.3533371925058582,1.3533371925058582,0.20948151254279523,0.20020318385150696,0.20721763024618806,0.20451493685749236
6.115726172890546,6.115726172890546,1.4033371925058582,1.4033371925058582,0.20979021517107355,0.20050908509667922,0.20938441150337275,0.20521537584864075
6.165726172890546,6.165726172890546,1.4533371925058582,1.4533371925058582,0.2101990348058589,0.20089366714888796,0.21133772897063094,0.20580301618182867
6.2157261728905455,6.2157261728905455,1.5033371925058583,1.5033371925058583,0.21071495218695088,0.20135465049785192,0.2127162988488798,0.20787779934511183
6.265726172890545,6.265726172890545,1.5533371925058583,1.5533371925058583,0.21140357997833964,0.2019786363224635,0.21471724200278713,0.20860981651266017
0.032540865710959,0.032540865710959,1.6033371925058584,1.6033371925058584,0.21219692454594355,0.20271902448069334,0.21775891250971255,0.21196826500225757
0.08254086571095907,0.08254086571095907,1.6533371925058584,1.6533371925058584,0.21317611256667748,0.20362673895799213,0.21842469452925464,0.21393122213858304
0.13254086571095916,0.13254086571095916,1.7033371925058585,1.7033371925058585,0.2143758785975008,0.20477814695554214,0.22357754737318136,0.21682934327608575
0.18254086571095923,0.18254086571095923,1.7533371925058585,1.7533371925058585,0.21574262295111088,0.20603106428800455,0.22345317033882298,0.21960554170432176
0.23254086571095928,0.23254086571095928,1.8033371925058586,1.8033371925058586,0.21731423295123606,0.2075524019037571,0.230340370571138,0.22316197434371673
0.2825408657109593,0.2825408657109593,1.8533371925058586,1.8533371925058586,0.21918144027982034,0.20923757209776211,0.23135980760886868,0.22398023957943067
0.33254086571095937,0.33254086571095937,1.9033371925058586,1.9033371925058586,0.22103183598883733,0.21101255270105268,0.2342686712270107,0.23265269963579097
0.3825408657109594,0.3825408657109594,1.9533371925058587,1.9533371925058587,0.22338855480040248,0.21334743065082326,0.24068964135641974,0.23290575584580495
0.43254086571095945,0.43254086571095945,2.0033371925058585,2.0033371925058585,0.2256099619641311,0.21542670560510607,0.23951118808056765,0.23464055639791925
0.4825408657109595,0.4825408657109595,2.0533371925058583,2.0533371925058583,0.22792512597033898,0.21773327200341994,0.24605292018799138,0.2449026102269526
0.5325408657109595,0.5325408657109595,2.103337192505858,2.103337192505858,0.2312598925382275,0.2211385552200179,0.2507944873518193,0.24807019408995798
0.5825408657109595,0.5825408657109595,2.153337192505858,2.153337192505858,0.2339358150412142,0.22381752022371154,0.24875842487159308,0.24568279365890697
0.6325408657109596,0.6325408657109596,2.203337192505858,2.203337192505858,0.2362246987435431,0.2260982590102232,0.2534247369271971,0.25108213872185886
0.6825408657109596,0.6825408657109596,2.2533371925058576,2.2533371925058576,0.23937288512590757,0.229295103186782,0.26162815250315574,0.26254724151398046
0.7325408657109597,0.7325408657109597,2.3033371925058574,2.3033371925058574,0.243164052706708,0.23339834271799742,0.25842139018007904,0.27069385864128687
0.7825408657109597,0.7825408657109597,2.3533371925058573,2.3533371925058573,0.24605436081950513,0.2367723288440263,0.2593394037154987,0.2673247359990693
0.8325408657109598,0.8325408657109598,2.403337192505857,2.403337192505857,0.24864687292063337,0.23951120624252836,0.26739950721127675,0.26552706354631117
0.8825408657109598,0.8825408657109598,2.453337192505857,2.453337192505857,0.25167671338556974,0.24237836940921062,0.2728043426045793,0.26995300764995644
0.9325408657109598,0.9325408657109598,2.5033371925058567,2.5033371925058567,0.25476996367382937,0.2454838169048357,0.26962606622100216,0.27976121537486687
0.9825408657109599,0.9825408657109599,2.5533371925058566,2.5533371925058566,0.2578156922890025,0.24901649564329154,0.2703118389846123,0.2899831106291961
1.0325408657109598,1.0325408657109598,2.6033371925058564,2.6033371925058564,0.26120261908129694,0.2531413608358716,0.27602575253277395,0.2961071010620505
1.0825408657109599,1.0825408657109599,2.653337192505856,2.653337192505856,0.26466467775816194,0.25708432963432787,0.2814357992496953,0.29199909224303106
1.13254086571096,1.13254086571096,2.703337192505856,2.703337192505856,0.2675945191708644,0.26013185777802544,0.2786724285139695,0.28823961732945724
1.18254086571096,1.18254086571096,2.753337192505856,2.753337192505856,0.2699055724272095,0.2625455385888385,0.27735280368680726,0.2886404015247139
1.23254086571096,1.23254086571096,2.8033371925058557,2.8033371925058557,0.2721376695921916,0.26498961833760404,0.28054503510256645,0.2927941305909961
1.28254086571096,1.28254086571096,2.8533371925058555,2.8533371925058555,0.27468473181038555,0.2676525339028494,0.28340608268767997,0.2974021321676841
1.33254086571096,1.33254086571096,2.9033371925058553,2.9033371925058553,0.2772244153372831,0.2706155503360341,0.28390173617750497,0.2998217694466765
1.3825408657109601,1.3825408657109601,2.953337192505855,2.953337192505855,0.27941131079124626,0.27313972216307625,0.2814643350660651,0.3000730723954115
1.4325408657109602,1.4325408657109602,3.003337192505855,3.003337192505855,0.281335098304457,0.27534180620469334,0.2799413129247077,0.2983576934116043
1.4825408657109602,1.4825408657109602,3.053337192505855,3.053337192505855,0.2830049686627139,0.27761862753099076,0.278576826914652,0.29631542215516443
1.5325408657109603,1.5325408657109603,3.1033371925058546,3.1033371925058546,0.28401903474762114,0.279273155583531,0.27537437406434506,0.29456268065318264
1.5825408657109603,1.5825408657109603,3.1533371925058544,3.1533371925058544,0.2844908453449168,0.28058945270042335,0.27163705474143884,0.29132038514453984
1.6325408657109604,1.6325408657109604,3.2033371925058542,3.2033371925058542,0.28470045078266615,0.28086442576265286,0.27047150139858184,0.2857493647914199
1.6825408657109604,1.6825408657109604,3.253337192505854,3.253337192505854,0.2844542499587807,0.2804899604481605,0.2653757110630521,0.2780487271024667
1.7325408657109604,1.7325408657109604,3.303337192505854,3.303337192505854,0.2836908270523271,0.2793639759941346,0.259680141092376,0.2700193902169158
1.7825408657109605,1.7825408657109605,3.3533371925058537,3.3533371925058537,0.282218994222979,0.27918811166806096,0.25463446416182745,0.26781107283443883
1.8325408657109605,1.8325408657109605,3.4033371925058535,3.4033371925058535,0.2813705201915185,0.2786165115889319,0.24878211227725194,0.2620894392674254
1.8825408657109606,1.8825408657109606,3.4533371925058534,3.4533371925058534,0.2802297107482952,0.27775495268629474,0.2431363134648082,0.2527174949662624
1.9325408657109606,1.9325408657109606,3.503337192505853,3.503337192505853,0.2774517305618238,0.27451885354669986,0.23802920087314192,0.24659850033411373
1.9825408657109607,1.9825408657109607,3.553337192505853,3.553337192505853,0.27457603698895544,0.27265821001138696,0.23344942590236278,0.23945549256196014
2.0325408657109607,2.0325408657109607,3.603337192505853,3.603337192505853,0.27214142811304204,0.26882316083836,0.22929148912036706,0.23284447874492234
2.0825408657109605,2.0825408657109605,3.6533371925058526,3.6533371925058526,0.2679047577025867,0.26542000766692897,0.22589818981544077,0.22717978847402254
2.1325408657109604,2.1325408657109604,3.7033371925058525,3.7033371925058525,0.26508373527437096,0.2615233011833293,0.2229840768431535,0.2214254974412207
2.18254086571096,2.18254086571096,3.7533371925058523,3.7533371925058523,0.25997434311779444,0.25637336981796455,0.22070129199955524,0.21660964049397072
2.23254086571096,2.23254086571096,3.803337192505852,3.803337192505852,0.25808960593474295,0.25394482424206033,0.21869909514139224,0.21299554223635978
2.28254086571096,2.28254086571096,3.853337192505852,3.853337192505852,0.25296127993510387,0.24866694402595974,0.21624082599499414,0.2091933978475464
2.3325408657109596,2.3325408657109596,3.9033371925058518,3.9033371925058518,0.24915547596187954,0.2464612317687,0.21428399456203762,0.20554578594194933
2.3825408657109595,2.3825408657109595,3.9533371925058516,3.9533371925058516,0.24548786141419005,0.24191405001362426,0.21241401918936206,0.20285245486407005
2.4325408657109593,2.4325408657109593,4.003337192505851,4.003337192505851,0.2412017270798627,0.24117497290139175,0.21082535820162376,0.20098248613974992
2.482540865710959,2.482540865710959,4.053337192505851,4.053337192505851,0.2410077316738474,0.23638648835043005,0.20954629177644343,0.1993477627078
2.532540865710959,2.532540865710959,4.103337192505851,4.103337192505851,0.23717333960262219,0.23652401173638485,0.20863119524078527,0.1982582451068626
2.5825408657109588,2.5825408657109588,4.153337192505851,4.153337192505851,0.23759411018233592,0.2323791916189382,0.20800537546807848,0.1978034168507546
2.6325408657109586,2.6325408657109586,4.203337192505851,4.203337192505851,0.23408593177617484,0.23294665560794914,0.20757989496470441,0.19742434428651454
2.6825408657109584,2.6825408657109584,4.2533371925058505,4.2533371925058505,0.23471858029862888,0.23000800499114898,0.20730315155887963,0.1976292949915753
2.7325408657109582,2.7325408657109582,4.30333719250585,4.30333719250585,0.23242215309655032,0.22997061975180452,0.20749066355816997,0.19830558368376086
2.782540865710958,2.782540865710958,4.35333719250585,4.35333719250585,0.23206759430877388,0.22775867256447935,0.2077054391232104,0.19935231756391736
2.832540865710958,2.832540865710958,4.40333719250585,4.40333719250585,0.2303582090473364,0.2266305003019307,0.20815455391319998,0.20049602953973975
2.8825408657109577,2.8825408657109577,4.45333719250585,4.45333719250585,0.22930368814760144,0.2247324309374932,0.20868592870190852,0.2019906503518784
2.9325408657109575,2.9325408657109575,4.50333719250585,4.50333719250585,0.22763507696449142,0.22314813523362512,0.20929672462207594,0.20355558059375486
2.9825408657109573,2.9825408657109573,4.5533371925058495,4.5533371925058495,0.2259368865519394,0.2214885504007079,0.21010160129931715,0.20494845206871543
3.032540865710957,3.032540865710957,4.603337192505849,4.603337192505849,0.22444742307809082,0.22006835868084512,0.2110319665586619,0.20609194119676222
3.082540865710957,3.082540865710957,4.653337192505849,4.653337192505849,0.22317488133958827,0.21887537979120789,0.21190042530631958,0.2069940214130559
3.132540865710957,3.132540865710957,4.703337192505849,4.703337192505849,0.22208142118655774,0.2178581425029903,0.21258989170530362,0.2076925479828888
3.1825408657109566,3.1825408657109566,4.753337192505849,4.753337192505849,0.22112478351715084,0.21697355819103503,0.2131087277790554,0.20822411805299904
3.2325408657109564,3.2325408657109564,4.803337192505849,4.803337192505849,0.2202911206946133,0.2162067094381289,0.21348358913375112,0.2086185556211251
3.2825408657109563,3.2825408657109563,4.853337192505848,4.853337192505848,0.21957314998059818,0.21555085403944624,0.21374183429522664,0.20890180116039456
3.332540865710956,3.332540865710956,4.903337192505848,4.903337192505848,0.21895336109137128,0.2149887707778617,0.21390678873907737,0.20909606600830138
3.382540865710956,3.382540865710956,4.953337192505848,4.953337192505848,0.21841341775785003,0.21450231999436953,0.21399730749297569,0.20921920751472803
3.4325408657109557,3.4325408657109557,5.003337192505848,5.003337192505848,0.21793749068005117,0.21407681906947953,0.21402837877170433,0.20928553913372105
3.4825408657109556,3.4825408657109556,5.053337192505848,5.053337192505848,0.21751352241049154,0.2137004098347193,0.21401197336755604,0.2093063728117141
3.5325408657109554,3.5325408657109554,5.1033371925058475,5.1033371925058475,0.21713182885826296,0.21336348415652776,0.21395755457158594,0.20929103154197648
3.582540865710955,3.582540865710955,5.153337192505847,5.153337192505847,0.21678427091519753,0.21305868086166344,0.21387294892714326,0.20924683021205986
3.632540865710955,3.632540865710955,5.203337192505847,5.203337192505847,0.21646478847392658,0.2127798809741007,0.21376436045785988,0.20917943292488766
3.682540865710955,3.682540865710955,5.253337192505847,5.253337192505847,0.21616812597178614,0.21252229886899934,0.2136366449875383,0.2090938692594054
3.7325408657109547,3.7325408657109547,5.303337192505847,5.303337192505847,0.21589027194118168,0.21228224361348647,0.2134939748689037,0.20899379097997628
3.7825408657109545,3.7825408657109545,5.353337192505847,5.353337192505847,0.21562804790873133,0.2120561698436781,0.21333960525111176,0.20888245785825948
3.8325408657109543,3.8325408657109543,5.403337192505846,5.403337192505846,0.21537869661741774,0.21184208337187516,0.21317600638091916,0.2087621041560582
3.882540865710954,3.882540865710954,5.453337192505846,5.453337192505846,0.21513995263617525,0.21163750543630078,0.21300540911144172,0.208634915593639
3.932540865710954,3.932540865710954,5.503337192505846,5.503337192505846,0.21491027049642986,0.2114410467175809,0.21282940514338058,0.2085023909027593
3.982540865710954,3.982540865710954,5.553337192505846,5.553337192505846,0.2146881313045332,0.21125127044901942,0.21264949393651209,0.2083659178452764
4.032540865710954,4.032540865710954,5.603337192505846,5.603337192505846,0.21447261592344893,0.2110672836062211,0.2124666832430943,0.20822627280614717
4.082540865710953,4.082540865710953,5.6533371925058455,5.6533371925058455,0.21426234114060086,0.21088797191136058,0.21228179644134618,0.20808466618277685
4.132540865710953,4.132540865710953,5.703337192505845,5.703337192505845,0.21405706016578213,0.2107129435263188,0.21209572712197997,0.20794146775958822
4.182540865710953,4.182540865710953,5.753337192505845,5.753337192505845,0.21385593241848172,0.2105412527796976,0.21190883218400844,0.20779719412252354
4.232540865710953,4.232540865710953,5.803337192505845,5.803337192505845,0.21365842454252698,0.21037296452521928,0.21172173033199965,0.20765259959003673
4.282540865710953,4.282540865710953,5.853337192505845,5.853337192505845,0.21346423149158467,0.21020722941014175,0.21153467173864132,0.2075076139297068
4.3325408657109525,4.3325408657109525,5.903337192505845,5.903337192505845,0.21327317462324744,0.2100441625374012,0.21134799972317547,0.2073627849142542
4.382540865710952,4.382540865710952,5.9533371925058445,5.9533371925058445,0.2130845977250127,0.20988316731240514,0.21116198517084864,0.20721820661605572
4.432540865710952,4.432540865710952,6.003337192505844,6.003337192505844,0.21289840283374162,0.2097242204461254,0.21097669009861938,0.20707416298147163
4.482540865710952,4.482540865710952,6.053337192505844,6.053337192505844,0.212714730568088,0.2095671649724377,0.21079234480784373,0.20693073724037706
4.532540865710952,4.532540865710952,6.103337192505844,6.103337192505844,0.2125331283097119,0.2094118569311093,0.21060904463899086,0.2067879372975676
4.582540865710952,4.582540865710952,6.153337192505844,6.153337192505844,0.21235337908023705,0.20925812397991445,0.21042696260532082,0.20664592778213492
4.6325408657109515,4.6325408657109515,6.203337192505844,6.203337192505844,0.21217570029369384,0.20910606153567163,0.21024601600207707,0.20650487182921273
4.682540865710951,4.682540865710951,6.253337192505843,6.253337192505843,0.21199990564375004,0.2089553744876887,0.21006635131784313,0.20636459431716506
4.732540865710951,4.732540865710951,0.020151885326257106,0.020151885326257106,0.21182588483887654,0.20880625277544118,0.20988802463702702,0.20622534785757904
4.782540865710951,4.782540865710951,0.07015188532625721,0.07015188532625721,0.2116537367382503,0.2086586276408397,0.20972036111207368,0.2060962993151155
4.832540865710951,4.832540865710951,0.1201518853262573,0.1201518853262573,0.21148527036543607,0.2085144232686345,0.2095834644814278,0.20599555718703239
4.882540865710951,4.882540865710951,0.17015188532625738,0.17015188532625738,0.21132379619730637,0.2083766579053974,0.20948449672798547,0.2059116511810202
4.93254086571095,4.93254086571095,0.22015188532625748,0.22015188532625748,0.21117096869801583,0.20824635857265317,0.20940064495992927,0.20583561684623453
4.98254086571095,4.98254086571095,0.27015188532625756,0.27015188532625756,0.211026566260784,0.2081233371924599,0.20932327958576566,0.2057670165214858
5.03254086571095,5.03254086571095,0.3201518853262576,0.3201518853262576,0.21089034692592074,0.20800759310036857,0.20925290321885318,0.20570649990800485
5.08254086571095,5.08254086571095,0.37015188532625765,0.37015188532625765,0.2107618315961048,0.2078989789973335,0.2091894800517595,0.2056535343589786
5.13254086571095,5.13254086571095,0.4201518853262577,0.4201518853262577,0.21064147701929486,0.207797116118043,0.20913300371906143,0.20560803737438815
5.1825408657109495,5.1825408657109495,0.47015188532625773,0.47015188532625773,0.21052851738983105,0.20770210515987975,0.20908317717705083,0.205569633900486
5.232540865710949,5.232540865710949,0.5201518853262578,0.5201518853262578,0.21042306829546237,0.20761405479281272,0.20903821763244235,0.20553660468842055
5.282540865710949,5.282540865710949,0.5701518853262578,0.5701518853262578,0.21032458547280408,0.20753248943703714,0.20899807592827233,0.20550872895495984
5.332540865710949,5.332540865710949,0.6201518853262579,0.6201518853262579,0.2102331388630233,0.2074573264275226,0.20896390060467487,0.2054868963184469
5.382540865710949,5.382540865710949,0.6701518853262579,0.6701518853262579,0.21014826492727853,0.20738854992930944,0.20893570835807118,0.20547115376750733
5.432540865710949,5.432540865710949,0.720151885326258,0.720151885326258,0.21007045633069923,0.20732595034301038,0.20891301378058896,0.20546125039922786
5.4825408657109485,5.4825408657109485,0.770151885326258,0.770151885326258,0.20999918475387763,0.207269739277365,0.20889549739644153,0.20545657663199238
5.532540865710948,5.532540865710948,0.820151885326258,0.820151885326258,0.20993402001108613,0.207219266250455,0.20888308979027675,0.20545846973015724
5.582540865710948,5.582540865710948,0.8701518853262581,0.8701518853262581,0.20987511379452253,0.20717515215843763,0.2088766252291587,0.2054774475385469
5.632540865710948,5.632540865710948,0.9201518853262581,0.9201518853262581,0.20982344711452225,0.20713824969297742,0.20888575373853083,0.20551823390733745
5.682540865710948,5.682540865710948,0.9701518853262582,0.9701518853262582,0.20978000722827744,0.20710985437038057,0.20891487787300766,0.20557972441784256
5.732540865710948,5.732540865710948,1.0201518853262581,1.0201518853262581,0.20974615126576104,0.20709152441620643,0.20896246529922313,0.20565946705465105
5.782540865710947,5.782540865710947,1.0701518853262582,1.0701518853262582,0.20972240097642295,0.20708351393345478,0.2090257015882055,0.20575462635867062
5.832540865710947,5.832540865710947,1.1201518853262582,1.1201518853262582,0.20970867760954398,0.20708552089896684,0.20909241769706693,0.20585731371316418
5.882540865710947,5.882540865710947,1.1701518853262582,1.1701518853262582,0.20970557292610462,0.20709825351481784,0.20919172348782022,0.2059940965522404
5.932540865710947,5.932540865710947,1.2201518853262583,1.2201518853262583,0.2097245807681366,0.2071329902637778,0.20953332410003556,0.20632084693720418
5.982540865710947,5.982540865710947,1.2701518853262583,1.2701518853262583,0.20977645816623938,0.2071972724690951,0.2099163020885507,0.20702286097834233
6.0325408657109465,6.0325408657109465,1.3201518853262584,1.3201518853262584,0.20990332617293941,0.2073425028124055,0.21065476918492024,0.2076496084079861
6.082540865710946,6.082540865710946,1.3701518853262584,1.3701518853262584,0.21011411496566634,0.20757278555317324,0.21166733944777485,0.20891583265968683
6.132540865710946,6.132540865710946,1.4201518853262585,1.4201518853262585,0.21041790209389238,0.20789837446404705,0.21331867150070263,0.2105537305593099
6.182540865710946,6.182540865710946,1.4701518853262585,1.4701518853262585,0.21083237206523409,0.2083351168779613,0.21476016512398902,0.21267451717816616
6.232540865710946,6.232540865710946,1.5201518853262586,1.5201518853262586,0.211416090383117,0.2089506622523641,0.2159891297811419,0.2137397595176841
6.282540865710946,6.282540865710946,1.5701518853262586,1.5701518853262586,0.21217859220063626,0.20974676266157194,0.21941737312399484,0.2181665300755335
0.04935555853135927,0.04935555853135927,1.6201518853262586,1.6201518853262586,0.21308036648528053,0.210698850393289,0.22139584050566696,0.21878755949390494
0.09935555853135934,0.09935555853135934,1.6701518853262587,1.6701518853262587,0.21429874355803463,0.21193826108406133,0.22518648689923798,0.22492456498651908
0.14935555853135943,0.14935555853135943,1.7201518853262587,1.7201518853262587,0.21565769723837933,0.2133779302936916,0.226078142701906,0.22442897641289145
0.1993555585313595,0.1993555585313595,1.7701518853262588,1.7701518853262588,0.21717978814268085,0.21490952351283774,0.23067431416197712,0.2307404585462504
0.24935555853135954,0.24935555853135954,1.8201518853262588,1.8201518853262588,0.218988776071067,0.21688154175209462,0.23115704296412054,0.23548036104747697
0.2993555585313596,0.2993555585313596,1.8701518853262589,1.8701518853262589,0.22088294101133082,0.21888354200337365,0.23857798217830442,0.2344235918793357
0.34935555853135963,0.34935555853135963,1.920151885326259,1.920151885326259,0.22296792530167436,0.22096682141067334,0.23753389657163845,0.2419912451522874
0.3993555585313597,0.3993555585313597,1.970151885326259,1.970151885326259,0.2252563526715144,0.22355307253786277,0.24209705365038744,0.25039700492589384
0.4493555585313597,0.4493555585313597,2.020151885326259,2.020151885326259,0.2280172854293838,0.22651142898094084,0.24910830405979495,0.2477719759459775
0.49935555853135977,0.49935555853135977,2.0701518853262586,2.0701518853262586,0.23047259015122193,0.22895722488695605,0.24706353821862623,0.24987995693016735
0.5493555585313598,0.5493555585313598,2.1201518853262584,2.1201518853262584,0.232856099220018,0.23151596917826767,0.251240513181414,0.2601376000648622
0.5993555585313598,0.5993555585313598,2.1701518853262582,2.1701518853262582,0.23610208895634396,0.23505074883525362,0.260950413903379,0.2623808253792774
0.6493555585313598,0.6493555585313598,2.220151885326258,2.220151885326258,0.23931585295166985,0.23821727591736222,0.26041094928569425,0.25997477599113267
0.6993555585313599,0.6993555585313599,2.270151885326258,2.270151885326258,0.2418438996261676,0.2407553409521731,0.259565338608912,0.26470886006598593
0.7493555585313599,0.7493555585313599,2.3201518853262577,2.3201518853262577,0.2445549981217444,0.24368501522726915,0.2654675696387853,0.27524365576700827
0.79935555853136,0.79935555853136,2.3701518853262575,2.3701518853262575,0.24822883937193674,0.24764843769338687,0.27504832515020855,0.2776934543861757
0.84935555853136,0.84935555853136,2.4201518853262574,2.4201518853262574,0.25172959471938156,0.25109751582005685,0.27406061623005956,0.27407359249993085
0.8993555585313601,0.8993555585313601,2.470151885326257,2.470151885326257,0.25438259242627553,0.25370328700419464,0.27174878138593345,0.27569859779246814
0.9493555585313601,0.9493555585313601,2.520151885326257,2.520151885326257,0.2568790792462753,0.25630682940858557,0.27469924258643413,0.2826116713462246
0.9993555585313602,0.9993555585313602,2.570151885326257,2.570151885326257,0.259828858314534,0.25947054051562835,0.2820166718587057,0.2913721098521333
1.04935555853136,1.04935555853136,2.6201518853262566,2.6201518853262566,0.2633843593248724,0.2632289203205637,0.2890686147298297,0.2924393704592578
1.0993555585313601,1.0993555585313601,2.6701518853262565,2.6701518853262565,0.26676357414726537,0.2665063350488901,0.28924476676784305,0.28860482971563944
1.1493555585313602,1.1493555585313602,2.7201518853262563,2.7201518853262563,0.26945844968264127,0.2690317121928334,0.2859740683503059,0.2878840142735087
1.1993555585313602,1.1993555585313602,2.770151885326256,2.770151885326256,0.271691280392272,0.27124345151289353,0.28552310717933965,0.29128675729147535
1.2493555585313603,1.2493555585313603,2.820151885326256,2.820151885326256,0.27395769800510955,0.2736605086265442,0.28849010825251575,0.2952849200715674
1.2993555585313603,1.2993555585313603,2.8701518853262558,2.8701518853262558,0.2764514102897811,0.27621014274806954,0.290943819902487,0.2972314926931581
1.3493555585313604,1.3493555585313604,2.9201518853262556,2.9201518853262556,0.27875756910383287,0.2785183154114428,0.2914122644743718,0.2962106861062913
1.3993555585313604,1.3993555585313604,2.9701518853262554,2.9701518853262554,0.2807484853646804,0.28048270172485534,0.28995396998626877,0.29377849106228066
1.4493555585313604,1.4493555585313604,3.0201518853262552,3.0201518853262552,0.28224194930997537,0.2818805443829296,0.288003887661734,0.2923704988212521
1.4993555585313605,1.4993555585313605,3.070151885326255,3.070151885326255,0.2834924675231459,0.28386476269200844,0.28607952478334986,0.29013565214345716
1.5493555585313605,1.5493555585313605,3.120151885326255,3.120151885326255,0.28424445390675923,0.28506193725317336,0.2824510781055194,0.28582134336161635
1.5993555585313606,1.5993555585313606,3.1701518853262547,3.1701518853262547,0.28515261731780467,0.28540970596776805,0.2769037581406801,0.2798166328782266
1.6493555585313606,1.6493555585313606,3.2201518853262545,3.2201518853262545,0.28533932303767295,0.28584627770054183,0.27387221263846134,0.2774333750972793
1.6993555585313607,1.6993555585313607,3.2701518853262543,3.2701518853262543,0.2856338631319977,0.2854821321906894,0.269084164786861,0.27385248618873964
1.7493555585313607,1.7493555585313607,3.320151885326254,3.320151885326254,0.2846895760175859,0.2837993074166988,0.26215351959446537,0.2661370345016817
1.7993555585313608,1.7993555585313608,3.370151885326254,3.370151885326254,0.28253864561349323,0.2832263464551888,0.2558534049944715,0.2598572389934552
1.8493555585313608,1.8493555585313608,3.420151885326254,3.420151885326254,0.2818976568194308,0.2814410551842503,0.2490590202497533,0.2530052881065196
1.8993555585313608,1.8993555585313608,3.4701518853262536,3.4701518853262536,0.279681360851494,0.2792307592199343,0.24263538979002547,0.246486433893077
1.9493555585313609,1.9493555585313609,3.5201518853262534,3.5201518853262534,0.2769514614992563,0.2755308132521679,0.23727788554273008,0.23950010690309506
1.999355558531361,1.999355558531361,3.5701518853262533,3.5701518853262533,0.2756997174519501,0.2715524411965839,0.2321886865612996,0.23425852073384204
2.049355558531361,2.049355558531361,3.620151885326253,3.620151885326253,0.27031044233302354,0.2679369798807278,0.22762444237631466,0.2289080636577701
2.099355558531361,2.099355558531361,3.670151885326253,3.670151885326253,0.26857249545686357,0.26285529768454474,0.22371624474490137,0.2237931532330341
2.1493555585313606,2.1493555585313606,3.7201518853262527,3.7201518853262527,0.26281255694164224,0.2579859627029404,0.2202400736860948,0.22050164774445705
2.1993555585313604,2.1993555585313604,3.7701518853262526,3.7701518853262526,0.26121172555850014,0.2557921168203384,0.216840090806313,0.21710136795236995
2.2493555585313603,2.2493555585313603,3.8201518853262524,3.8201518853262524,0.2567682323966293,0.2502902888335013,0.21438291534873283,0.21409472264451962
2.29935555853136,2.29935555853136,3.870151885326252,3.870151885326252,0.25354692166171316,0.24893225331226165,0.21152608917375523,0.21065343456331087
2.34935555853136,2.34935555853136,3.920151885326252,3.920151885326252,0.25014565617540224,0.24428529077863073,0.2096902844106314,0.2092510351993449
2.3993555585313597,2.3993555585313597,3.970151885326252,3.970151885326252,0.24656331262403344,0.24240289423607117,0.20766640723639745,0.2074714341062969
2.4493555585313596,2.4493555585313596,4.020151885326252,4.020151885326252,0.24464594266389997,0.24005418876002207,0.206568508892909,0.20597376452699764
2.4993555585313594,2.4993555585313594,4.0701518853262515,4.0701518853262515,0.24094122930917058,0.2372001597933927,0.20579324548541078,0.20415416886362697
2.549355558531359,2.549355558531359,4.120151885326251,4.120151885326251,0.24072248403054722,0.23712727431259562,0.20497162994748858,0.20379838301708916
2.599355558531359,2.599355558531359,4.170151885326251,4.170151885326251,0.23685586026391608,0.23313657751244593,0.20485801021547134,0.2031200066421415
2.649355558531359,2.649355558531359,4.220151885326251,4.220151885326251,0.23728856636163154,0.234789987610892,0.20443441421269076,0.20254199438616405
2.6993555585313587,2.6993555585313587,4.270151885326251,4.270151885326251,0.23375488779176015,0.23251201570517105,0.20456944182547063,0.20308261015945586
2.7493555585313585,2.7493555585313585,4.320151885326251,4.320151885326251,0.23346248516861476,0.23112661885971475,0.20451161556349592,0.2032505452802317
2.7993555585313583,2.7993555585313583,4.37015188532625,4.37015188532625,0.23080298056704976,0.23218553238179165,0.2048871811121952,0.20399001113538665
2.849355558531358,2.849355558531358,4.42015188532625,4.42015188532625,0.22885010750430504,0.22949348864243152,0.20563654372189788,0.20494479258522863
2.899355558531358,2.899355558531358,4.47015188532625,4.47015188532625,0.226672303247549,0.22958624693390656,0.20618977012662223,0.20598239623182985
2.949355558531358,2.949355558531358,4.52015188532625,4.52015188532625,0.22470901239172317,0.22803149443232779,0.2071309830901605,0.20731972058249823
2.9993555585313576,2.9993555585313576,4.57015188532625,4.57015188532625,0.22303594343594696,0.22658241539700044,0.2082596097826026,0.20874694498648547
3.0493555585313574,3.0493555585313574,4.6201518853262495,4.6201518853262495,0.22163421538237066,0.2250579703384424,0.20929970200326467,0.20997647788081916
3.0993555585313572,3.0993555585313572,4.670151885326249,4.670151885326249,0.22045520288393095,0.22371506812483427,0.21012726648781277,0.21095486386754067
3.149355558531357,3.149355558531357,4.720151885326249,4.720151885326249,0.2194459723428129,0.2225529593167986,0.21075621796545183,0.2117124797651127
3.199355558531357,3.199355558531357,4.770151885326249,4.770151885326249,0.21856818861690622,0.22154052780551395,0.21121987082086474,0.21228718207777209
3.2493555585313567,3.2493555585313567,4.820151885326249,4.820151885326249,0.21781225208681498,0.2206666372122214,0.21154889689127768,0.21271161253558332
3.2993555585313565,3.2993555585313565,4.870151885326249,4.870151885326249,0.2171675299539253,0.21991824670057533,0.2117703173844122,0.21301501224019465
3.3493555585313564,3.3493555585313564,4.9201518853262485,4.9201518853262485,0.21661398464510068,0.21927267391840122,0.21190636503951288,0.21322073582599715
3.399355558531356,3.399355558531356,4.970151885326248,4.970151885326248,0.21613346308138023,0.21871038672038562,0.21197469857891832,0.21334855017173035
3.449355558531356,3.449355558531356,5.020151885326248,5.020151885326248,0.21571131773601981,0.2182149972778277,0.2119892851699443,0.21341355931948827
3.499355558531356,3.499355558531356,5.070151885326248,5.070151885326248,0.21533610069126163,0.21777393368203465,0.21196104386771333,0.2134282242133784
3.5493555585313556,3.5493555585313556,5.120151885326248,5.120151885326248,0.21499859318086675,0.2173772294845032,0.21189917217553622,0.21340244952370233
3.5993555585313555,3.5993555585313555,5.170151885326248,5.170151885326248,0.2146918312966054,0.21701632924418923,0.2118104399628825,0.21334420273841811
3.6493555585313553,3.6493555585313553,5.220151885326247,5.220151885326247,0.21440962819272263,0.21668485858445916,0.2117006781076648,0.21326000856686553
3.699355558531355,3.699355558531355,5.270151885326247,5.270151885326247,0.2141473418325304,0.2163777047239239,0.2115745035726494,0.21315529161469587
3.749355558531355,3.749355558531355,5.320151885326247,5.320151885326247,0.21390196027747785,0.2160904507591693,0.21143552265900623,0.21303411523939533
3.7993555585313548,3.7993555585313548,5.370151885326247,5.370151885326247,0.2136694051327877,0.21581952817566993,0.21128660365932225,0.2128999937557738
3.8493555585313546,3.8493555585313546,5.420151885326247,5.420151885326247,0.21344810184406668,0.21556214570564883,0.2111299911185107,0.21275561075196409
3.8993555585313544,3.8993555585313544,5.4701518853262465,5.4701518853262465,0.2132358860043014,0.21531619507984032,0.21096772112394221,0.21260324645439985
3.9493555585313542,3.9493555585313542,5.520151885326246,5.520151885326246,0.2130311197617513,0.2150799455414394,0.2108012180457246,0.21244463246610323
3.999355558531354,3.999355558531354,5.570151885326246,5.570151885326246,0.21283276827516637,0.2148516463293992,0.21063160445427606,0.2122814492346326
4.049355558531354,4.049355558531354,5.620151885326246,5.620151885326246,0.2126396313053611,0.21463050279942048,0.21045992205094333,0.21211454079362838
4.099355558531354,4.099355558531354,5.670151885326246,5.670151885326246,0.2124510745402118,0.21441484093671412,0.21028689194925648,0.21194516739278338
4.1493555585313535,4.1493555585313535,5.720151885326246,5.720151885326246,0.212266518056441,0.21420460978005426,0.2101129973289384,0.21177388577334075
4.199355558531353,4.199355558531353,5.7701518853262455,5.7701518853262455,0.21208541063818476,0.21399866161729866,0.2099387494110948,0.2116014297915197
4.249355558531353,4.249355558531353,5.820151885326245,5.820151885326245,0.21190713237027387,0.2137966013139815,0.20976469575210607,0.21142827353300872
4.299355558531353,4.299355558531353,5.870151885326245,5.870151885326245,0.21173161262356666,0.21359811935468032,0.20959081116239411,0.21125478729392475
4.349355558531353,4.349355558531353,5.920151885326245,5.920151885326245,0.21155844840377158,0.21340268401175339,0.2094176939088844,0.21108145818862134
4.399355558531353,4.399355558531353,5.970151885326245,5.970151885326245,0.21138749818005556,0.21321024430350963,0.20924526224219747,0.21090838756218136
4.4493555585313525,4.4493555585313525,6.020151885326245,6.020151885326245,0.21121847939908098,0.2130202420270788,0.20907379510713972,0.21073583198944737
4.499355558531352,4.499355558531352,6.070151885326244,6.070151885326244,0.21105139501286319,0.21283271162935916,0.208903348465679,0.21056391478574088
4.549355558531352,4.549355558531352,6.120151885326244,6.120151885326244,0.21088613346384721,0.2126475408456507,0.208733941186614,0.2103928775601863
4.599355558531352,4.599355558531352,6.170151885326244,6.170151885326244,0.21072247469437422,0.2124643853829197,0.208565725959137,0.21022268477509454
4.649355558531352,4.649355558531352,6.220151885326244,6.220151885326244,0.2105602318125221,0.21228309376175458,0.20839863961379862,0.21005359685308483
4.699355558531352,4.699355558531352,6.270151885326244,6.270151885326244,0.2103998186415142,0.21210383840961877,0.20823290833690974,0.2098854640682674
4.749355558531351,4.749355558531351,0.036966578146657374,0.036966578146657374,0.21024082751668272,0.2119262169792967,0.2080683991983782,0.20971857099164753
4.799355558531351,4.799355558531351,0.08696657814665748,0.08696657814665748,0.21008369572912516,0.21175113158611392,0.20792221574603903,0.20956992434097702
4.849355558531351,4.849355558531351,0.13696657814665755,0.13696657814665755,0.20993113462355212,0.21158083493241467,0.20781166577212612,0.20945680151437054
4.899355558531351,4.899355558531351,0.18696657814665765,0.18696657814665765,0.20978645180168626,0.21141885563261445,0.2077249135302664,0.20936721958336788
4.949355558531351,4.949355558531351,0.23696657814665775,0.23696657814665775,0.20965026757714086,0.2112656225631065,0.20764564231563024,0.20928501835883367
4.9993555585313505,4.9993555585313505,0.2869665781466578,0.2869665781466578,0.20952222338619972,0.21112063216600385,0.20757340173889557,0.20920971914601433
5.04935555853135,5.04935555853135,0.33696657814665787,0.33696657814665787,0.20940191460132374,0.21098363407293777,0.20750848678506384,0.20914157850701667
5.09935555853135,5.09935555853135,0.3869665781466579,0.3869665781466579,0.20928879148701246,0.21085460442205683,0.20745063749033726,0.20908052273834923
5.14935555853135,5.14935555853135,0.43696657814665796,0.43696657814665796,0.20918352293206277,0.21073308374617383,0.20739986109419578,0.2090263906616755
5.19935555853135,5.19935555853135,0.486966578146658,0.486966578146658,0.20908507176313754,0.2106189702775268,0.2073558117643902,0.20897894884101142
5.24935555853135,5.24935555853135,0.536966578146658,0.536966578146658,0.20899380381478064,0.21051235899222423,0.20731585171193417,0.20893559463520817
5.299355558531349,5.299355558531349,0.5869665781466581,0.5869665781466581,0.2089093740310779,0.21041271877024403,0.20728154284190387,0.20889783547897767
5.349355558531349,5.349355558531349,0.6369665781466581,0.6369665781466581,0.20883157623067278,0.21031993094031,0.20725332597503954,0.20886602039559848
5.399355558531349,5.399355558531349,0.6869665781466582,0.6869665781466582,0.2087601811400379,0.21023378931985134,0.2072310206657614,0.20884022030132093
5.449355558531349,5.449355558531349,0.7369665781466582,0.7369665781466582,0.20869531510307077,0.2101544052507852,0.2072142669983159,0.20881980075084755
5.499355558531349,5.499355558531349,0.7869665781466583,0.7869665781466583,0.20863686466320255,0.21008144139962884,0.20720267613891202,0.20880448356075587
5.5493555585313485,5.5493555585313485,0.8369665781466583,0.8369665781466583,0.20858408246306495,0.21001458699026326,0.20719612745198385,0.20879426240536686
5.599355558531348,5.599355558531348,0.8869665781466584,0.8869665781466584,0.20853770410146902,0.209954167381657,0.20720242752305232,0.2087971595944662
5.649355558531348,5.649355558531348,0.9369665781466584,0.9369665781466584,0.20849858429921508,0.20990144851094186,0.2072292450329419,0.20882071388998139
5.699355558531348,5.699355558531348,0.9869665781466584,0.9869665781466584,0.20846792757747296,0.20985719633526193,0.20727610805309765,0.2088642051900019
5.749355558531348,5.749355558531348,1.0369665781466584,1.0369665781466584,0.20844679065143093,0.20982311975037032,0.20734077097406733,0.20892563272347636
5.799355558531348,5.799355558531348,1.0869665781466584,1.0869665781466584,0.20843631379817637,0.20979939556446955,0.20741493253405835,0.20899781497174896
5.8493555585313475,5.8493555585313475,1.1369665781466585,1.1369665781466585,0.20843534240701134,0.20978557691485672,0.20749650471806777,0.2090828134406643
5.899355558531347,5.899355558531347,1.1869665781466585,1.1869665781466585,0.20844544945040933,0.2097831593939879,0.20766390899673917,0.2092805288904335
5.949355558531347,5.949355558531347,1.2369665781466586,1.2369665781466586,0.20848016750008316,0.20980570677303012,0.20794790791208362,0.20959088649405405
5.999355558531347,5.999355558531347,1.2869665781466586,1.2869665781466586,0.2085606055453932,0.2098779775110014,0.20859001351036152,0.2101677144358184
6.049355558531347,6.049355558531347,1.3369665781466586,1.3369665781466586,0.20871612374070536,0.21002490422938874,0.20937098796491274,0.21131039609749447
6.099355558531347,6.099355558531347,1.3869665781466587,1.3869665781466587,0.2089503768063924,0.21026694512039784,0.21079352136280954,0.21273830258517729
6.149355558531346,6.149355558531346,1.4369665781466587,1.4369665781466587,0.2093286452659842,0.21063944344079225,0.2118587909470965,0.21364606226325542
6.199355558531346,6.199355558531346,1.4869665781466588,1.4869665781466588,0.20983867616689425,0.21112659792032454,0.21511423853381836,0.21602826096026384
6.249355558531346,6.249355558531346,1.5369665781466588,1.5369665781466588,0.21048808347526773,0.21174735855512075,0.21634180418932614,0.21687910723094322
0.01617025135175971,0.01617025135175971,1.5869665781466589,1.5869665781466589,0.21136786416779518,0.21257552895466758,0.21987291255438074,0.2197836055329455
0.06617025135175979,0.06617025135175979,1.636966578146659,1.636966578146659,0.2123437571204922,0.21350126209552606,0.2221077360367176,0.22236049333931424
0.11617025135175986,0.11617025135175986,1.686966578146659,1.686966578146659,0.21364284596976799,0.21470824854063622,0.2259090076590767,0.2231057993456512
0.16617025135175992,0.16617025135175992,1.736966578146659,1.736966578146659,0.2150095899772538,0.21599308002959933,0.2273936275147821,0.22779373250791632
0.21617025135176,0.21617025135176,1.786966578146659,1.786966578146659,0.21667800910842044,0.21754802541581,0.23523442915441714,0.22771142364608832
0.26617025135176003,0.26617025135176003,1.836966578146659,1.836966578146659,0.21860957394033784,0.21929748428831003,0.23408960046927307,0.23513130274263197
0.3161702513517601,0.3161702513517601,1.8869665781466591,1.8869665781466591,0.22055573789371258,0.22127243253533985,0.23815933381958576,0.2358379716565378
0.3661702513517601,0.3661702513517601,1.9369665781466592,1.9369665781466592,0.2227923807143623,0.223321568710345,0.24888183893733223,0.2377621477908902
0.41617025135176017,0.41617025135176017,1.9869665781466592,1.9869665781466592,0.22571353843523403,0.22593545335536291,0.2491087117397508,0.24702169345829594
0.4661702513517602,0.4661702513517602,2.036966578146659,2.036966578146659,0.2283568579403652,0.22860634195151514,0.24775259394031623,0.2469377964776412
0.5161702513517602,0.5161702513517602,2.086966578146659,2.086966578146659,0.23068413158661444,0.2308821251105121,0.25482342862966045,0.2472915823692104
0.5661702513517602,0.5661702513517602,2.1369665781466587,2.1369665781466587,0.23376875021052917,0.23369008699577923,0.26688893275308645,0.2557434234740696
0.6161702513517603,0.6161702513517603,2.1869665781466585,2.1869665781466585,0.2381374577858555,0.2377699696446253,0.2695765375196394,0.26372305311805766
0.6661702513517603,0.6661702513517603,2.2369665781466583,2.2369665781466583,0.2415844261629906,0.2411404879223726,0.2656941560710372,0.26054663541744366
0.7161702513517604,0.7161702513517604,2.286966578146658,2.286966578146658,0.24405499894749325,0.24355446192197547,0.2665724415497613,0.26066937218733605
0.7661702513517604,0.7661702513517604,2.336966578146658,2.336966578146658,0.24668057881838992,0.246109253908958,0.2736945559851494,0.26784166668830073
0.8161702513517605,0.8161702513517605,2.386966578146658,2.386966578146658,0.2503141608889527,0.24968461290256186,0.28445047886312186,0.27835272519587323
0.8661702513517605,0.8661702513517605,2.4369665781466576,2.4369665781466576,0.2551709858640007,0.25446041795466173,0.29427901752727986,0.28255164723682386
0.9161702513517606,0.9161702513517606,2.4869665781466574,2.4869665781466574,0.25974249409498873,0.2586610133358542,0.29450261300650704,0.27804900895595813
0.9661702513517606,0.9661702513517606,2.5369665781466573,2.5369665781466573,0.26293393452366204,0.2614666894959174,0.29058493509542516,0.2763932393578825
1.0161702513517605,1.0161702513517605,2.586966578146657,2.586966578146657,0.26552960150568217,0.2638825403726562,0.28878932567633375,0.28036601706497255
1.0661702513517606,1.0661702513517606,2.636966578146657,2.636966578146657,0.2680945706354955,0.26650944981832486,0.29076978766253114,0.28820134599195485
1.1161702513517606,1.1161702513517606,2.6869665781466567,2.6869665781466567,0.27094948085104026,0.2696007114106284,0.2955650336744354,0.29521755110474807
1.1661702513517607,1.1661702513517607,2.7369665781466566,2.7369665781466566,0.27414283346243645,0.27305163756028583,0.3010519943433655,0.299600183996949
1.2161702513517607,1.2161702513517607,2.7869665781466564,2.7869665781466564,0.27738039166110706,0.27642194808218395,0.3047767254404951,0.2962684656050627
1.2661702513517608,1.2661702513517608,2.836966578146656,2.836966578146656,0.2803424186738869,0.2792637382979205,0.30646154957689525,0.2928046471439825
1.3161702513517608,1.3161702513517608,2.886966578146656,2.886966578146656,0.28298953706635843,0.2815687975488209,0.3039097163441434,0.2928963962929931
1.3661702513517608,1.3661702513517608,2.936966578146656,2.936966578146656,0.28505783912795146,0.283566395842517,0.30112523258711366,0.29465865448982237
1.416170251351761,1.416170251351761,2.9869665781466557,2.9869665781466557,0.2867975548064741,0.2853803029725171,0.29986225085408313,0.2945827301477206
1.466170251351761,1.466170251351761,3.0369665781466555,3.0369665781466555,0.28829486141666416,0.28706496643468277,0.29844701217868647,0.29231565329342835
1.516170251351761,1.516170251351761,3.0869665781466553,3.0869665781466553,0.2894474886526984,0.28843700633689734,0.2947520803500933,0.2880858436842343
1.566170251351761,1.566170251351761,3.136966578146655,3.136966578146655,0.2901867099638944,0.2888803919716338,0.28885893741044205,0.28654123106686236
1.616170251351761,1.616170251351761,3.186966578146655,3.186966578146655,0.29030337430516756,0.28884458213290864,0.2808140594314533,0.28597266946102184
1.6661702513517611,1.6661702513517611,3.236966578146655,3.236966578146655,0.28936164981933454,0.28925042786666577,0.274194301889751,0.28101776362581093
1.7161702513517612,1.7161702513517612,3.2869665781466546,3.2869665781466546,0.28842814099623315,0.2887846122135901,0.27320183463532466,0.2737085106499633
1.7661702513517612,1.7661702513517612,3.3369665781466544,3.3369665781466544,0.2872828881202611,0.28818038021201575,0.26841263524223985,0.2645764428950587
1.8161702513517612,1.8161702513517612,3.3869665781466542,3.3869665781466542,0.28493945567421924,0.2857327882995696,0.2588236460178618,0.258258315794014
1.8661702513517613,1.8661702513517613,3.436966578146654,3.436966578146654,0.28255064957145576,0.2838424428538168,0.24800441035596157,0.25551648633617885
1.9161702513517613,1.9161702513517613,3.486966578146654,3.486966578146654,0.280168178410928,0.2811123966073002,0.24270112114488862,0.24696567897831145
1.9661702513517614,1.9661702513517614,3.5369665781466537,3.5369665781466537,0.2760527030555408,0.27771084534037177,0.23709201865246218,0.24131779770551573
2.0161702513517614,2.0161702513517614,3.5869665781466535,3.5869665781466535,0.27278666505111815,0.27465543643182294,0.22919069505779552,0.2349671532878779
2.0661702513517612,2.0661702513517612,3.6369665781466534,3.6369665781466534,0.2676385277748526,0.26898565715220313,0.22429715370283684,0.22925606443890217
2.116170251351761,2.116170251351761,3.686966578146653,3.686966578146653,0.26332454478929856,0.26558055123768354,0.21899520095890812,0.22430770762795996
2.166170251351761,2.166170251351761,3.736966578146653,3.736966578146653,0.258620894287679,0.2594300418470148,0.21410618221160438,0.22039692390468724
2.2161702513517607,2.2161702513517607,3.786966578146653,3.786966578146653,0.2538403715679454,0.2571672180706503,0.20941501661120476,0.2162423992233289
2.2661702513517605,2.2661702513517605,3.8369665781466527,3.8369665781466527,0.24890881098160902,0.25127412092778845,0.2060824581400844,0.21334880826752917
2.3161702513517604,2.3161702513517604,3.8869665781466525,3.8869665781466525,0.2436565950629445,0.24726745823793642,0.2027026737583022,0.20957408485706175
2.36617025135176,2.36617025135176,3.9369665781466523,3.9369665781466523,0.24100969568920833,0.24437189985824304,0.20028598980593823,0.20753704284215396
2.41617025135176,2.41617025135176,3.986966578146652,3.986966578146652,0.23545543502580574,0.23942746173552773,0.19788941220619521,0.20513340958845408
2.46617025135176,2.46617025135176,4.036966578146652,4.036966578146652,0.23513508192816834,0.23815709091030754,0.19641650490370652,0.2036501704838338
2.5161702513517596,2.5161702513517596,4.086966578146652,4.086966578146652,0.22994507090348745,0.23328689815253184,0.19566697112892628,0.20207170587975953
2.5661702513517595,2.5661702513517595,4.136966578146652,4.136966578146652,0.22944085772548953,0.23346911901254022,0.19453297196193822,0.20110383027218418
2.6161702513517593,2.6161702513517593,4.186966578146651,4.186966578146651,0.22648669935347657,0.22916036911042,0.19464335518047854,0.20104532826507707
2.666170251351759,2.666170251351759,4.236966578146651,4.236966578146651,0.2252683351488306,0.22957650026826662,0.1944149393033798,0.20025227563179981
2.716170251351759,2.716170251351759,4.286966578146651,4.286966578146651,0.22378025432485155,0.2266664573611107,0.19511359894914618,0.20008053153447342
2.7661702513517588,2.7661702513517588,4.336966578146651,4.336966578146651,0.2223898454954342,0.22641830786427275,0.19543022531086915,0.19987585701017474
2.8161702513517586,2.8161702513517586,4.386966578146651,4.386966578146651,0.22097008784482,0.22497176399759355,0.19651108162681832,0.20036040435093164
2.8661702513517584,2.8661702513517584,4.4369665781466505,4.4369665781466505,0.21985478961777147,0.22385608915518262,0.1976388057210038,0.2011523589689774
2.9161702513517582,2.9161702513517582,4.48696657814665,4.48696657814665,0.21808841883656438,0.222231019765583,0.19907095875411435,0.2021662946045173
2.966170251351758,2.966170251351758,4.53696657814665,4.53696657814665,0.21650047058290556,0.22056048681536247,0.20038791400544206,0.20342432818951198
3.016170251351758,3.016170251351758,4.58696657814665,4.58696657814665,0.21512030045756572,0.2190454593029866,0.20151108468802498,0.20464498346426882
3.0661702513517577,3.0661702513517577,4.63696657814665,4.63696657814665,0.21397496799537505,0.21776139549487158,0.2024130858120989,0.20565977370947458
3.1161702513517575,3.1161702513517575,4.68696657814665,4.68696657814665,0.21301554766643085,0.216666551196726,0.2031222633702957,0.2064686503846492
3.1661702513517573,3.1661702513517573,4.7369665781466495,4.7369665781466495,0.21218953000926677,0.2157161181399576,0.20367129956301047,0.20710056147211764
3.216170251351757,3.216170251351757,4.786966578146649,4.786966578146649,0.21147218371019683,0.21488722647284628,0.20408736965852678,0.20758495872896265
3.266170251351757,3.266170251351757,4.836966578146649,4.836966578146649,0.21085867946545617,0.21417374943616813,0.20439388421371713,0.2079471840099256
3.316170251351757,3.316170251351757,4.886966578146649,4.886966578146649,0.21033763550586806,0.21356311240904477,0.204611786277624,0.20821039544845737
3.3661702513517566,3.3661702513517566,4.936966578146649,4.936966578146649,0.20989214956712673,0.21303706031733255,0.20475909673378043,0.20839360690779732
3.4161702513517564,3.4161702513517564,4.986966578146649,4.986966578146649,0.20950715294166264,0.21257900178552036,0.20484955216903092,0.2085123091037695
3.4661702513517563,3.4661702513517563,5.036966578146648,5.036966578146648,0.20917105221833115,0.21217638860775317,0.20489459369918137,0.2085789738262039
3.516170251351756,3.516170251351756,5.086966578146648,5.086966578146648,0.20887432659898464,0.2118187117002899,0.20490347400659314,0.20860369662898584
3.566170251351756,3.566170251351756,5.136966578146648,5.136966578146648,0.2086093684429719,0.21149810367542496,0.20488308373842884,0.2085944945147135
3.6161702513517557,3.6161702513517557,5.186966578146648,5.186966578146648,0.2083703205417856,0.2112071643913835,0.20483979633897112,0.20855806013453929
3.6661702513517556,3.6661702513517556,5.236966578146648,5.236966578146648,0.20815206894931096,0.21094102328670158,0.20477795664795787,0.20849972278411644
3.7161702513517554,3.7161702513517554,5.2869665781466475,5.2869665781466475,0.20795099096786906,0.21069489548928994,0.20470160402733065,0.20842388893380967
3.766170251351755,3.766170251351755,5.336966578146647,5.336966578146647,0.2077638097200405,0.21046554127480735,0.20461384301327928,0.2083339860290123
3.816170251351755,3.816170251351755,5.386966578146647,5.386966578146647,0.20758814271120554,0.21024981782807273,0.2045169012666992,0.20823273658803745
3.866170251351755,3.866170251351755,5.436966578146647,5.436966578146647,0.2074216191350416,0.2100455744983321,0.20441305613472013,0.20812272987551003
3.9161702513517547,3.9161702513517547,5.486966578146647,5.486966578146647,0.20726305406581172,0.20985090637523923,0.20430369845261304,0.20800573666447755
3.9661702513517545,3.9661702513517545,5.536966578146647,5.536966578146647,0.20711060408852272,0.20966431504874097,0.20419020188426235,0.20788317271307405
4.016170251351754,4.016170251351754,5.586966578146646,5.586966578146646,0.2069636856038558,0.2094845670327293,0.20407357766613868,0.20775641379221443
4.066170251351754,4.066170251351754,5.636966578146646,5.636966578146646,0.20682117694189675,0.20931033327124565,0.20395473558004965,0.2076264544283934
4.116170251351754,4.116170251351754,5.686966578146646,5.686966578146646,0.20668236932890793,0.20914091309378857,0.20383427958163342,0.2074941011951216
4.166170251351754,4.166170251351754,5.736966578146646,5.736966578146646,0.2065469860406852,0.20897592847325458,0.2037125993908946,0.20735986204777596
4.216170251351754,4.216170251351754,5.786966578146646,5.786966578146646,0.20641416303773036,0.20881443132176503,0.2035903758951382,0.20722443008475333
4.266170251351753,4.266170251351753,5.8369665781466455,5.8369665781466455,0.20628383678211076,0.2086561542804375,0.20346779703805462,0.20708826903394256
4.316170251351753,4.316170251351753,5.886966578146645,5.886966578146645,0.20615570504244046,0.20850078370773492,0.20334508261593906,0.20695164901663338
4.366170251351753,4.366170251351753,5.936966578146645,5.936966578146645,0.20602936073601769,0.20834802432435873,0.20322245900276265,0.20681484758082402
4.416170251351753,4.416170251351753,5.986966578146645,5.986966578146645,0.20590489377564705,0.20819744562228282,0.20310018436943852,0.20667811861860322
4.466170251351753,4.466170251351753,6.036966578146645,6.036966578146645,0.20578168557464077,0.20804887152015394,0.20297840628745184,0.2065416853319147
4.5161702513517525,4.5161702513517525,6.086966578146645,6.086966578146645,0.20566018840195546,0.20790227831067604,0.20285719973322405,0.20640552822304042
4.566170251351752,4.566170251351752,6.1369665781466445,6.1369665781466445,0.2055397334743307,0.20775749611568314,0.2027366353061323,0.20627007316176074
4.616170251351752,4.616170251351752,6.186966578146644,6.186966578146644,0.20542055415618946,0.207614182313413,0.2026167710138765,0.20613522959298394
4.666170251351752,4.666170251351752,6.236966578146644,6.236966578146644,0.20530266724984497,0.2074726783411789,0.20249752198057092,0.2060010160353684
4.716170251351752,4.716170251351752,0.00378127096705782,0.00378127096705782,0.20518585171561077,0.20733244224250832,0.2023791737024802,0.20586755794369613
4.766170251351752,4.766170251351752,0.053781270967057926,0.053781270967057926,0.20507009907580248,0.2071938217739256,0.20226337206526207,0.20573671923633655
4.8161702513517515,4.8161702513517515,0.10378127096705801,0.10378127096705801,0.20495633411041025,0.20705717483587982,0.20216989368787877,0.20563054547456386
4.866170251351751,4.866170251351751,0.1537812709670581,0.1537812709670581,0.20484702849415087,0.2069258209884553,0.20209263798778945,0.20554784063359402
4.916170251351751,4.916170251351751,0.2037812709670582,0.2037812709670582,0.2047431383896668,0.20680040264824082,0.20202477937446336,0.2054747953144636
4.966170251351751,4.966170251351751,0.25378127096705827,0.25378127096705827,0.2046450619577884,0.20668120723144953,0.2019660501335957,0.20541038212690668
5.016170251351751,5.016170251351751,0.3037812709670583,0.3037812709670583,0.2045526442963681,0.2065684875102444,0.20191631728310425,0.20535464888308386
5.066170251351751,5.066170251351751,0.35378127096705836,0.35378127096705836,0.20446616873129186,0.20646191831005892,0.2018749369599889,0.20530689427552734
5.11617025135175,5.11617025135175,0.4037812709670584,0.4037812709670584,0.20438585235391885,0.2063621178274029,0.20184154916915986,0.2052670643542543
5.16617025135175,5.16617025135175,0.45378127096705845,0.45378127096705845,0.2043118522138479,0.2062689704249361,0.20181596455690345,0.20523468034556325
5.21617025135175,5.21617025135175,0.5037812709670585,0.5037812709670585,0.20424404852152064,0.20618245391370368,0.2017965447599043,0.205208593675376
5.26617025135175,5.26617025135175,0.5537812709670585,0.5537812709670585,0.20418234399899465,0.20610235396964346,0.20178189955510317,0.20518702446772566
5.31617025135175,5.31617025135175,0.6037812709670586,0.6037812709670586,0.20412670738359542,0.20602854122304154,0.20177345938586316,0.2051715340095007
5.3661702513517495,5.3661702513517495,0.6537812709670586,0.6537812709670586,0.20407714531759566,0.20596123433510435,0.20177107347926607,0.20516207772882816
5.416170251351749,5.416170251351749,0.7037812709670587,0.7037812709670587,0.20403356796462607,0.20590010315347415,0.20177479144900665,0.20515860423072405
5.466170251351749,5.466170251351749,0.7537812709670587,0.7537812709670587,0.20399572540447436,0.2058450601115807,0.20178401084165978,0.20516056787795683
5.516170251351749,5.516170251351749,0.8037812709670588,0.8037812709670588,0.20396383519636194,0.20579619474373434,0.20180006890196367,0.20516772746845838
5.566170251351749,5.566170251351749,0.8537812709670588,0.8537812709670588,0.20393802626581545,0.20575345848685017,0.20183358649141295,0.2051884813401469
5.616170251351749,5.616170251351749,0.9037812709670588,0.9037812709670588,0.2039199359520988,0.20571840028570734,0.20188887337851885,0.205230447027832
5.6661702513517485,5.6661702513517485,0.9537812709670589,0.9537812709670589,0.2039106681208692,0.20569233672713444,0.2019646966898021,0.2052928829496033
5.716170251351748,5.716170251351748,1.0037812709670588,1.0037812709670588,0.2039115008815013,0.20567640814467422,0.202058711244587,0.2053737328878545
5.766170251351748,5.766170251351748,1.0537812709670589,1.0537812709670589,0.20392301705847699,0.20567121523298743,0.20216911817603267,0.20547103611682668
5.816170251351748,5.816170251351748,1.103781270967059,1.103781270967059,0.20394537722943726,0.2056766002956618,0.2022961435199018,0.20558458708802457
5.866170251351748,5.866170251351748,1.153781270967059,1.153781270967059,0.2039789207024413,0.20569389672573918,0.20242478103073966,0.20570893800171572
5.916170251351748,5.916170251351748,1.203781270967059,1.203781270967059,0.20402822926427625,0.20572603279736826,0.20276581016247666,0.20599581190983368
5.966170251351747,5.966170251351747,1.253781270967059,1.253781270967059,0.20411353528871096,0.20579064719773024,0.20322571898796982,0.2063435112232509
6.016170251351747,6.016170251351747,1.303781270967059,1.303781270967059,0.20424719312118197,0.20589703235138224,0.2043141812784359,0.20667575671855692
6.066170251351747,6.066170251351747,1.3537812709670591,1.3537812709670591,0.20446204531303352,0.20607688038809058,0.20538578014106873,0.20780241119849563
6.116170251351747,6.116170251351747,1.4037812709670592,1.4037812709670592,0.20479149011425257,0.20636492880909674,0.20677683077917988,0.2095672310567761
6.166170251351747,6.166170251351747,1.4537812709670592,1.4537812709670592,0.20526152528270042,0.20679217193657196,0.20845443118436263,0.21127033011357432
6.2161702513517465,6.2161702513517465,1.5037812709670593,1.5037812709670593,0.205908046926924,0.20739423519214828,0.21071816582224634,0.21216617249501019
6.266170251351746,6.266170251351746,1.5537812709670593,1.5537812709670593,0.20662954818401771,0.20806215796578534,0.21324211175049734,0.2158072567786928
0.03298494417215998,0.03298494417215998,1.6037812709670594,1.6037812709670594,0.20758469547731562,0.20896682407726871,0.2148514577316479,0.21621806214638067
0.08298494417216006,0.08298494417216006,1.6537812709670594,1.6537812709670594,0.20861465448919933,0.20996173685792396,0.21872320093021644,0.2212992260896313
0.13298494417216014,0.13298494417216014,1.7037812709670594,1.7037812709670594,0.20995498594775733,0.21125958336825806,0.2195819317623111,0.22108761223219608
0.1829849441721602,0.1829849441721602,1.7537812709670595,1.7537812709670595,0.2113401398001975,0.21261269537474986,0.22534640584844903,0.22754497526528325
0.23298494417216026,0.23298494417216026,1.8037812709670595,1.8037812709670595,0.2131877754165632,0.2144531815608932,0.22621942871270387,0.22863923429559896
0.2829849441721603,0.2829849441721603,1.8537812709670596,1.8537812709670596,0.21484455676817177,0.21609712745799062,0.22967176373074702,0.2312818900257493
0.33298494417216035,0.33298494417216035,1.9037812709670596,1.9037812709670596,0.21707248058284923,0.21829373725262635,0.2370144112149941,0.23990711671210938
0.3829849441721604,0.3829849441721604,1.9537812709670597,1.9537812709670597,0.21950457707559437,0.22075355867035004,0.23518513057793394,0.23848870435412517
0.43298494417216044,0.43298494417216044,2.0037812709670595,2.0037812709670595,0.22153692994636026,0.22279705709636813,0.2401433454163738,0.24164782916350067
0.4829849441721605,0.4829849441721605,2.0537812709670593,2.0537812709670593,0.22438010387877763,0.22559357890167858,0.2507014220845625,0.252132423094414
0.5329849441721605,0.5329849441721605,2.103781270967059,2.103781270967059,0.22812620469744768,0.2293792394100045,0.2497238010967714,0.255192883586086
0.5829849441721605,0.5829849441721605,2.153781270967059,2.153781270967059,0.23073384827746976,0.23208956611315787,0.24895621099055426,0.2527999634620059
0.6329849441721606,0.6329849441721606,2.203781270967059,2.203781270967059,0.23316591251692295,0.23452454104216705,0.2566372076891057,0.2574789391000623
0.6829849441721606,0.6829849441721606,2.2537812709670586,2.2537812709670586,0.236741011248196,0.23799675951915816,0.26767081411280064,0.2681069534426522
0.7329849441721606,0.7329849441721606,2.3037812709670584,2.3037812709670584,0.24107788421457654,0.24233522943897085,0.26582965909349554,0.27101413874072194
0.7829849441721607,0.7829849441721607,2.3537812709670582,2.3537812709670582,0.24402901176286396,0.24538507730557227,0.26334866312519833,0.2678093125844914
0.8329849441721607,0.8329849441721607,2.403781270967058,2.403781270967058,0.2465037588315128,0.24789465195489452,0.26754001408666284,0.2699360346343175
0.8829849441721608,0.8829849441721608,2.453781270967058,2.453781270967058,0.24945476099239733,0.25079917241249766,0.2770600692069272,0.27777491461453985
0.9329849441721608,0.9329849441721608,2.5037812709670577,2.5037812709670577,0.25358425311253346,0.2548282572784681,0.28672933624940183,0.2871421630671846
0.9829849441721609,0.9829849441721609,2.5537812709670575,2.5537812709670575,0.2581372527902398,0.25926500351476606,0.2867477628591355,0.2861257701753586
1.0329849441721608,1.0329849441721608,2.6037812709670574,2.6037812709670574,0.2613092309560836,0.2623289921015357,0.28296314255224453,0.28249264431515114
1.0829849441721608,1.0829849441721608,2.653781270967057,2.653781270967057,0.2637666443443251,0.26472348186102035,0.2822840581345601,0.28317123891286444
1.132984944172161,1.132984944172161,2.703781270967057,2.703781270967057,0.26616092679765724,0.2671157517812517,0.2859798083025809,0.2880595189960372
1.182984944172161,1.182984944172161,2.753781270967057,2.753781270967057,0.26892040359227826,0.2699005122932314,0.2919159729984436,0.29377630260020754
1.232984944172161,1.232984944172161,2.8037812709670566,2.8037812709670566,0.2720247742098757,0.27300317210674535,0.2962865808003073,0.2975314674170788
1.282984944172161,1.282984944172161,2.8537812709670565,2.8537812709670565,0.2752032716713644,0.276094595486163,0.2985797175198657,0.2963519352956422
1.332984944172161,1.332984944172161,2.9037812709670563,2.9037812709670563,0.27795699698870135,0.2786513119484679,0.29629754493182386,0.2932443204980156
1.3829849441721611,1.3829849441721611,2.953781270967056,2.953781270967056,0.2801953360505412,0.28057262095205515,0.2936272284412207,0.2922193005843473
1.4329849441721612,1.4329849441721612,3.003781270967056,3.003781270967056,0.2819638332489532,0.2825606056106958,0.292642391764322,0.29245797923060607
1.4829849441721612,1.4829849441721612,3.0537812709670558,3.0537812709670558,0.2833708183882904,0.2839804350708824,0.29170145555177773,0.2905423583813033
1.5329849441721612,1.5329849441721612,3.1037812709670556,3.1037812709670556,0.2846542689352889,0.28564948424776937,0.2885592985523554,0.2865128981120466
1.5829849441721613,1.5829849441721613,3.1537812709670554,3.1537812709670554,0.2850199700812492,0.2867417918479245,0.2833654831138226,0.2811761939036244
1.6329849441721613,1.6329849441721613,3.2037812709670552,3.2037812709670552,0.2847858789355929,0.2865824941487791,0.27635082075101847,0.27977962805907
1.6829849441721614,1.6829849441721614,3.253781270967055,3.253781270967055,0.2852101435161232,0.286177921167339,0.2730969800156421,0.2777496118373274
1.7329849441721614,1.7329849441721614,3.303781270967055,3.303781270967055,0.28475960839982184,0.2864931474264521,0.2727620896279526,0.2705639648794149
1.7829849441721615,1.7829849441721615,3.3537812709670547,3.3537812709670547,0.2837827842924294,0.2857206306813303,0.265366410255542,0.26168604306367393
1.8329849441721615,1.8329849441721615,3.4037812709670545,3.4037812709670545,0.28184113408938655,0.28435333218137626,0.2562564041419455,0.25669557957948014
1.8829849441721616,1.8829849441721616,3.4537812709670543,3.4537812709670543,0.27887297233932795,0.2830487732455738,0.24786454209106962,0.2502613001162317
1.9329849441721616,1.9329849441721616,3.503781270967054,3.503781270967054,0.2766074666344353,0.280741896918135,0.24518327184374406,0.2431453407841685
1.9829849441721616,1.9829849441721616,3.553781270967054,3.553781270967054,0.27331455087931766,0.27843454774197074,0.23702744512091067,0.23636232286435838
2.0329849441721617,2.0329849441721617,3.603781270967054,3.603781270967054,0.27094023851035015,0.2739074032724801,0.23288321357789135,0.23073104667518807
2.0829849441721615,2.0829849441721615,3.6537812709670536,3.6537812709670536,0.26587065481409716,0.271105476264998,0.22683128290719154,0.22574020167029607
2.1329849441721613,2.1329849441721613,3.7037812709670535,3.7037812709670535,0.2635703986124063,0.26527307540022566,0.22200304541255073,0.22165216681940336
2.182984944172161,2.182984944172161,3.7537812709670533,3.7537812709670533,0.2583634940736565,0.2623706944680631,0.21816185117845235,0.21798781129325334
2.232984944172161,2.232984944172161,3.803781270967053,3.803781270967053,0.25473104799491275,0.2563401524641315,0.2135499072480674,0.21559135968742532
2.282984944172161,2.282984944172161,3.853781270967053,3.853781270967053,0.24920799451769063,0.25381353147886615,0.2099260032335203,0.21290317476270385
2.3329849441721606,2.3329849441721606,3.9037812709670527,3.9037812709670527,0.24726746593654478,0.24807906451860057,0.2066005658872477,0.21037207228850474
2.3829849441721604,2.3829849441721604,3.9537812709670526,3.9537812709670526,0.24199025168672444,0.24654107672120096,0.204242806556087,0.20866118559940725
2.4329849441721603,2.4329849441721603,4.003781270967052,4.003781270967052,0.24045385580279696,0.2413371266730083,0.2022264578033991,0.20668644967643302
2.48298494417216,2.48298494417216,4.053781270967052,4.053781270967052,0.2361363230422475,0.2398723229233143,0.20036773234791283,0.20533978746979464
2.53298494417216,2.53298494417216,4.103781270967052,4.103781270967052,0.2346957955504265,0.2359447406657203,0.19858780501873532,0.20411215979512706
2.5829849441721597,2.5829849441721597,4.153781270967052,4.153781270967052,0.23170274660924484,0.23403402500834902,0.1977169461838154,0.20335611551938837
2.6329849441721596,2.6329849441721596,4.203781270967052,4.203781270967052,0.22970140826769975,0.23173367447042031,0.19702875340797144,0.20247236589217404
2.6829849441721594,2.6829849441721594,4.2537812709670515,4.2537812709670515,0.2274537836846812,0.22934114680459447,0.1968701408486551,0.20209061141472506
2.732984944172159,2.732984944172159,4.303781270967051,4.303781270967051,0.22655427671755815,0.22802013383030237,0.19669267804899812,0.20179361163017862
2.782984944172159,2.782984944172159,4.353781270967051,4.353781270967051,0.22428840275791964,0.22544740123766766,0.19695359652089844,0.20219160981807696
2.832984944172159,2.832984944172159,4.403781270967051,4.403781270967051,0.22359917462530762,0.22347695024727393,0.19751539520054281,0.2025267145232476
2.8829849441721587,2.8829849441721587,4.453781270967051,4.453781270967051,0.22156650914647502,0.22135745186202596,0.1984524708422361,0.203018057788671
2.9329849441721585,2.9329849441721585,4.503781270967051,4.503781270967051,0.21996143031706533,0.21949735734739517,0.19951992872222435,0.20371529149904702
2.9829849441721583,2.9829849441721583,4.55378127096705,4.55378127096705,0.2183176191358607,0.2179146360637438,0.20077820415852365,0.2047044697238856
3.032984944172158,3.032984944172158,4.60378127096705,4.60378127096705,0.21692960545965734,0.21659692539387715,0.20189943704923152,0.2057161352353926
3.082984944172158,3.082984944172158,4.65378127096705,4.65378127096705,0.2157725992535241,0.21549746984196982,0.2028082480938413,0.20655225902901356
3.132984944172158,3.132984944172158,4.70378127096705,4.70378127096705,0.21478654691229607,0.21455805281248258,0.2035246857691539,0.20720672957307856
3.1829849441721576,3.1829849441721576,4.75378127096705,4.75378127096705,0.21392709345251687,0.21373704389945414,0.20408031725091674,0.2077059679794373
3.2329849441721574,3.2329849441721574,4.8037812709670495,4.8037812709670495,0.21318270131419828,0.21302450477292387,0.20450271651028296,0.20807667308069586
3.2829849441721572,3.2829849441721572,4.853781270967049,4.853781270967049,0.212546895887747,0.21241530782240364,0.2048160747077994,0.20834300133330144
3.332984944172157,3.332984944172157,4.903781270967049,4.903781270967049,0.2120035559230289,0.21189399401796175,0.20504178370247284,0.2085257449571976
3.382984944172157,3.382984944172157,4.953781270967049,4.953781270967049,0.2115354589217869,0.21144383763361713,0.20519672350611542,0.2086415176792249
3.4329849441721567,3.4329849441721567,5.003781270967049,5.003781270967049,0.21112815664093026,0.21105111759915213,0.20529454416927845,0.20870378622265195
3.4829849441721565,3.4829849441721565,5.053781270967049,5.053781270967049,0.21076991466729947,0.21070443060027896,0.20534647633983086,0.20872297272393678
3.5329849441721564,3.5329849441721564,5.1037812709670485,5.1037812709670485,0.21045158538461575,0.2103954930707994,0.20536145134283518,0.20870796932029032
3.582984944172156,3.582984944172156,5.153781270967048,5.153781270967048,0.2101659270966112,0.21011680291307264,0.20534661103280308,0.20866561098165876
3.632984944172156,3.632984944172156,5.203781270967048,5.203781270967048,0.2099068057526158,0.20986252999790447,0.20530790218659997,0.2086014494738533
3.682984944172156,3.682984944172156,5.253781270967048,5.253781270967048,0.20966943050202153,0.20962864388003,0.2052499591936256,0.20851986315937898
3.7329849441721557,3.7329849441721557,5.303781270967048,5.303781270967048,0.2094499489380336,0.20941116435461551,0.20517672164632347,0.20842464438461122
3.7829849441721555,3.7829849441721555,5.353781270967048,5.353781270967048,0.20924510593719087,0.2092069207354439,0.20509129593539885,0.2083186089276593
3.8329849441721553,3.8329849441721553,5.403781270967047,5.403781270967047,0.20905237011526023,0.20901401170482006,0.2049960154627029,0.20820404792406605
3.882984944172155,3.882984944172155,5.453781270967047,5.453781270967047,0.20886970420418208,0.20883040899046826,0.20489300124296153,0.20808306010693886
3.932984944172155,3.932984944172155,5.503781270967047,5.503781270967047,0.20869537907473962,0.20865394441828222,0.20478406701297638,0.20795695433814437
3.9829849441721548,3.9829849441721548,5.553781270967047,5.553781270967047,0.20852811374089203,0.20848413590160628,0.2046702894855284,0.20782702230556954
4.032984944172155,4.032984944172155,5.603781270967047,5.603781270967047,0.208366672542218,0.20831959857136395,0.204552923966554,0.2076942825981315
4.082984944172154,4.082984944172154,5.6537812709670465,5.6537812709670465,0.20821035031329216,0.20815967645148387,0.20443297246265224,0.2075594944758422
4.132984944172154,4.132984944172154,5.703781270967046,5.703781270967046,0.20805845882425827,0.20800346193525635,0.20431078538863584,0.20742324563834103
4.182984944172154,4.182984944172154,5.753781270967046,5.753781270967046,0.20791003252111684,0.20785068062943454,0.20418721897229256,0.20728615530120112
4.232984944172154,4.232984944172154,5.803781270967046,5.803781270967046,0.2077648224884422,0.2077007100760218,0.2040626256469023,0.20714851110258684
4.282984944172154,4.282984944172154,5.853781270967046,5.853781270967046,0.20762241505787857,0.20755323564014977,0.20393745186746934,0.20701078595780437
4.3329849441721535,4.3329849441721535,5.903781270967046,5.903781270967046,0.20748258333129388,0.2074083798870332,0.20381188931723004,0.20687296825498974
4.382984944172153,4.382984944172153,5.9537812709670455,5.9537812709670455,0.20734484979290652,0.20726532381582466,0.20368634661490861,0.2067355942463518
4.432984944172153,4.432984944172153,6.003781270967045,6.003781270967045,0.2072089768008273,0.2071240251948544,0.20356085654431968,0.2065985490453686
4.482984944172153,4.482984944172153,6.053781270967045,6.053781270967045,0.20707521801907042,0.20698445624670034,0.2034356849031128,0.206462179137575
4.532984944172153,4.532984944172153,6.103781270967045,6.103781270967045,0.20694302867146558,0.20684655462747636,0.20331090461863852,0.20632646419324985
4.582984944172153,4.582984944172153,6.153781270967045,6.153781270967045,0.20681222517741535,0.20670997037526023,0.2031867319503271,0.20619152598987395
4.6329849441721525,4.6329849441721525,6.203781270967045,6.203781270967045,0.20668320771125262,0.20657495641637777,0.20306292768011827,0.20605727722891415
4.682984944172152,4.682984944172152,6.253781270967044,6.253781270967044,0.20655525002584818,0.20644112291079272,0.20294002024316718,0.20592400530788454
4.732984944172152,4.732984944172152,0.020595963787458087,0.020595963787458087,0.20642867533967113,0.20630868517553436,0.20281780108983985,0.20579169197172884
4.782984944172152,4.782984944172152,0.0705959637874582,0.0705959637874582,0.20630360910601553,0.2061776638828873,0.20270557002678682,0.20566962939474592
4.832984944172152,4.832984944172152,0.12059596378745828,0.12059596378745828,0.20618154435839575,0.2060498463434117,0.20261660819349425,0.20557522276107387
4.882984944172152,4.882984944172152,0.17059596378745837,0.17059596378745837,0.20606501789426132,0.2059274188446414,0.2025405343525861,0.20549660019361046
4.932984944172151,4.932984944172151,0.22059596378745847,0.22059596378745847,0.20595404231587017,0.20581115673367137,0.20247355888180255,0.20542709776633558
4.982984944172151,4.982984944172151,0.27059596378745854,0.27059596378745854,0.2058490970054382,0.2057007872067133,0.20241560353164803,0.205366314698994
5.032984944172151,5.032984944172151,0.3205959637874586,0.3205959637874586,0.20575021553387998,0.2055968849967504,0.2023662081039852,0.20531402371997168
5.082984944172151,5.082984944172151,0.3705959637874586,0.3705959637874586,0.20565749235988404,0.20549915800055024,0.20232508105808106,0.20526988508244956
5.132984944172151,5.132984944172151,0.42059596378745867,0.42059596378745867,0.20557112013179446,0.20540796904135825,0.20229169046954826,0.20523341668800948
5.1829849441721505,5.1829849441721505,0.4705959637874587,0.4705959637874587,0.20549141553909672,0.20532356607472654,0.20226572546116434,0.20520433476964242
5.23298494417215,5.23298494417215,0.5205959637874588,0.5205959637874588,0.20541768685995962,0.20524547170704202,0.2022451141400055,0.2051806283798647
5.28298494417215,5.28298494417215,0.5705959637874588,0.5705959637874588,0.2053504981870459,0.20517367364105768,0.20222971554005809,0.20516208038613717
5.33298494417215,5.33298494417215,0.6205959637874588,0.6205959637874588,0.20528939042076366,0.20510829635474082,0.2022204896444377,0.20514974037748815
5.38298494417215,5.38298494417215,0.6705959637874589,0.6705959637874589,0.20523426390849087,0.20504899341148286,0.20221740326697732,0.2051434308701894
5.43298494417215,5.43298494417215,0.7205959637874589,0.7205959637874589,0.20518532398332373,0.2049958933384955,0.20222011541847387,0.20514295909250752
5.482984944172149,5.482984944172149,0.770595963787459,0.770595963787459,0.2051423682159615,0.20494887117766028,0.20222822406130167,0.20514785915907405
5.532984944172149,5.532984944172149,0.820595963787459,0.820595963787459,0.2051051516035143,0.20490782293810658,0.2022455892863343,0.20515979117800873
5.582984944172149,5.582984944172149,0.8705959637874591,0.8705959637874591,0.20507468695335368,0.2048733510716231,0.20228196631297468,0.20518890918962482
5.632984944172149,5.632984944172149,0.9205959637874591,0.9205959637874591,0.2050522061071983,0.2048466843431923,0.20234003777432474,0.20523910888876107
5.682984944172149,5.682984944172149,0.9705959637874592,0.9705959637874592,0.205039114706376,0.20482943252260724,0.20241796169600962,0.20530935487922441
5.7329849441721485,5.7329849441721485,1.020595963787459,1.020595963787459,0.20503633316216846,0.2048225296014744,0.20251332918981962,0.2053974347411934
5.782984944172148,5.782984944172148,1.0705959637874591,1.0705959637874591,0.20504447734105008,0.2048262305311841,0.20262390765661806,0.20550056400191116
5.832984944172148,5.832984944172148,1.1205959637874592,1.1205959637874592,0.2050630389950048,0.20484070211881616,0.202734957652188,0.2056083273084387
5.882984944172148,5.882984944172148,1.1705959637874592,1.1705959637874592,0.20509229740309898,0.2048657586438254,0.20289270593633293,0.20579341288715888
5.932984944172148,5.932984944172148,1.2205959637874593,1.2205959637874593,0.20514854377951716,0.20491636074820124,0.20335861221661292,0.20607713199395059
5.982984944172148,5.982984944172148,1.2705959637874593,1.2705959637874593,0.20523852392363873,0.20499851298451444,0.20370341064894548,0.20688123683000678
6.0329849441721475,6.0329849441721475,1.3205959637874594,1.3205959637874594,0.20537773824455918,0.20514144123010922,0.2043977155961134,0.20762515793311603
6.082984944172147,6.082984944172147,1.3705959637874594,1.3705959637874594,0.20559448594417642,0.20537566064030288,0.20501649113046214,0.2086352049960891
6.132984944172147,6.132984944172147,1.4205959637874594,1.4205959637874594,0.2059109621057867,0.20572590905987934,0.20672463680476824,0.21089635449459865
6.182984944172147,6.182984944172147,1.4705959637874595,1.4705959637874595,0.2063470372468585,0.20619356362854002,0.20866315684443143,0.21266889304225461
6.232984944172147,6.232984944172147,1.5205959637874595,1.5205959637874595,0.20699343695994446,0.20690148221279794,0.20956466744804275,0.2151397010543518
6.282984944172147,6.282984944172147,1.5705959637874596,1.5705959637874596,0.20773341925735975,0.20769473148851142,0.21323065878616615,0.21793496606509455
0.04979963699256025,0.04979963699256025,1.6205959637874596,1.6205959637874596,0.20872642297981003,0.20879503581137818,0.21417471218142128,0.2213548518739158
0.09979963699256032,0.09979963699256032,1.6705959637874597,1.6705959637874597,0.209887411305652,0.21000918128627813,0.2191060027862499,0.2228248763996599
0.1497996369925604,0.1497996369925604,1.7205959637874597,1.7205959637874597,0.2112984371699711,0.2115215428332347,0.21910994206829165,0.23071045963270284
0.19979963699256048,0.19979963699256048,1.7705959637874598,1.7705959637874598,0.21294159745318075,0.21334166079603725,0.22642338310821278,0.22978193921794168
0.24979963699256053,0.24979963699256053,1.8205959637874598,1.8205959637874598,0.2147723397377614,0.21516479452749776,0.22627410699682243,0.23430121315463293
0.29979963699256057,0.29979963699256057,1.8705959637874598,1.8705959637874598,0.21673826842730629,0.21735523100535406,0.23028029095844182,0.24491352119581375
0.3497996369925606,0.3497996369925606,1.92059596378746,1.92059596378746,0.21945885688656971,0.22033495453811502,0.23886670186538578,0.24416492971389497
0.39979963699256066,0.39979963699256066,1.97059596378746,1.97059596378746,0.22194550554439196,0.22280331899201564,0.2370729066496746,0.24348197651233344
0.4497996369925607,0.4497996369925607,2.0205959637874598,2.0205959637874598,0.22411124614516614,0.22505852054423467,0.2398578017066969,0.2518262746424459
0.49979963699256075,0.49979963699256075,2.0705959637874596,2.0705959637874596,0.22726543940147878,0.22847999988526682,0.2502392502070073,0.2644197596600882
0.5497996369925607,0.5497996369925607,2.1205959637874594,2.1205959637874594,0.2318085207480405,0.23335727437444903,0.25490666814216406,0.27088197010943277
0.5997996369925608,0.5997996369925608,2.1705959637874592,2.1705959637874592,0.23531374051940693,0.23718767538076727,0.2511980017601789,0.26681080255361905
0.6497996369925608,0.6497996369925608,2.220595963787459,2.220595963787459,0.23765238064666627,0.2397416640528979,0.2529053995192568,0.2651116465016584
0.6997996369925609,0.6997996369925609,2.270595963787459,2.270595963787459,0.2402070397985498,0.24232839454774627,0.262565964584989,0.2696397302237259
0.7497996369925609,0.7497996369925609,2.3205959637874587,2.3205959637874587,0.24399549987805247,0.24594119056666333,0.274673179419144,0.2794542450654401
0.799799636992561,0.799799636992561,2.3705959637874585,2.3705959637874585,0.24917722047187654,0.25092963210103947,0.2800157407943468,0.2910240508255964
0.849799636992561,0.849799636992561,2.4205959637874583,2.4205959637874583,0.254048381540094,0.25609405021574605,0.27492209084567765,0.3017585474709486
0.899799636992561,0.899799636992561,2.470595963787458,2.470595963787458,0.25788317273382494,0.26080902390253524,0.2715450876257135,0.3037091083954855
0.9497996369925611,0.9497996369925611,2.520595963787458,2.520595963787458,0.2607282125237531,0.26439598163859795,0.2745464065552971,0.2993772745554774
0.9997996369925611,0.9997996369925611,2.570595963787458,2.570595963787458,0.2635130998607167,0.26743195692501415,0.2827493392155536,0.29591645631189173
1.049799636992561,1.049799636992561,2.6205959637874576,2.6205959637874576,0.26667965260761145,0.27036062746215206,0.29249379388515706,0.29603076066364525
1.0997996369925611,1.0997996369925611,2.6705959637874574,2.6705959637874574,0.27030299295964216,0.2734363066959772,0.30044055955016835,0.29870654840952815
1.1497996369925612,1.1497996369925612,2.7205959637874573,2.7205959637874573,0.2742566318001724,0.276730292088061,0.3033916677722837,0.30334599753056557
1.1997996369925612,1.1997996369925612,2.770595963787457,2.770595963787457,0.27783664751868026,0.27995508851653,0.2993147232546693,0.3083922026555026
1.2497996369925612,1.2497996369925612,2.820595963787457,2.820595963787457,0.2808343149392707,0.2829808197552801,0.29554672526815867,0.3116441228657481
1.2997996369925613,1.2997996369925613,2.8705959637874567,2.8705959637874567,0.28344411931451435,0.28576313977264367,0.29545606150835346,0.31265076554901844
1.3497996369925613,1.3497996369925613,2.9205959637874566,2.9205959637874566,0.2858671053985422,0.2883189061839457,0.2975878913603541,0.3107587996170831
1.3997996369925614,1.3997996369925614,2.9705959637874564,2.9705959637874564,0.28800459872462736,0.2904922065023722,0.2986207352711718,0.3079558368647719
1.4497996369925614,1.4497996369925614,3.020595963787456,3.020595963787456,0.2902183327048378,0.2921423341825914,0.2973668836852821,0.3056186043270693
1.4997996369925615,1.4997996369925615,3.070595963787456,3.070595963787456,0.29165786504984725,0.2932924384257927,0.29387107987464756,0.30346332568365575
1.5497996369925615,1.5497996369925615,3.120595963787456,3.120595963787456,0.2924683063540503,0.29433065211322695,0.2891596981495008,0.2990157869859312
1.5997996369925616,1.5997996369925616,3.1705959637874557,3.1705959637874557,0.2928886908110798,0.29473818379459454,0.28806113622923357,0.29222192466952407
1.6497996369925616,1.6497996369925616,3.2205959637874555,3.2205959637874555,0.2934492912129193,0.294288988494224,0.28762028604172934,0.28320272752253856
1.6997996369925616,1.6997996369925616,3.2705959637874553,3.2705959637874553,0.2928988900111999,0.29333459221406166,0.28193992654514693,0.27320919565900337
1.7497996369925617,1.7497996369925617,3.320595963787455,3.320595963787455,0.2914523171746769,0.29122132396497313,0.2738795894723742,0.2688882893260752
1.7997996369925617,1.7997996369925617,3.370595963787455,3.370595963787455,0.28947647407158833,0.2893451388293296,0.2639569850493896,0.26779935150431533
1.8497996369925618,1.8497996369925618,3.420595963787455,3.420595963787455,0.28741383653705344,0.2868210324505049,0.25441977480751826,0.25811188928487794
1.8997996369925618,1.8997996369925618,3.4705959637874546,3.4705959637874546,0.2847197300365944,0.284591028112474,0.2529593512454887,0.24719152330375366
1.9497996369925619,1.9497996369925619,3.5205959637874544,3.5205959637874544,0.28128280005998124,0.28072547155788347,0.2459854381520356,0.23948909406611593
1.999799636992562,1.999799636992562,3.5705959637874543,3.5705959637874543,0.2778953412045684,0.2777485253200829,0.23755970231495643,0.2351397321769047
2.049799636992562,2.049799636992562,3.620595963787454,3.620595963787454,0.27315544565555555,0.2723832942370887,0.23285316990579286,0.22776372616465093
2.099799636992562,2.099799636992562,3.670595963787454,3.670595963787454,0.26751672772125584,0.2680863065026921,0.22691767478390612,0.2219647896670048
2.1497996369925616,2.1497996369925616,3.7205959637874537,3.7205959637874537,0.26294522693132133,0.262555677573689,0.22084388654432308,0.21619574644286865
2.1997996369925614,2.1997996369925614,3.7705959637874535,3.7705959637874535,0.25654337924203613,0.2562115023980673,0.2160848900916217,0.21146782658676985
2.2497996369925612,2.2497996369925612,3.8205959637874534,3.8205959637874534,0.2523847185386723,0.250312376753208,0.21192273680613177,0.2070243271900603
2.299799636992561,2.299799636992561,3.870595963787453,3.870595963787453,0.2462668409530524,0.24499519987916848,0.20786684799220545,0.20369776826265312
2.349799636992561,2.349799636992561,3.920595963787453,3.920595963787453,0.2416191963633835,0.23908462071308537,0.20402795291271603,0.20074455923512396
2.3997996369925607,2.3997996369925607,3.970595963787453,3.970595963787453,0.23798070564710758,0.23442144596092854,0.20120895743464173,0.1978871789479347
2.4497996369925605,2.4497996369925605,4.020595963787453,4.020595963787453,0.23276426857709342,0.2308936369885234,0.19838057050903127,0.19612738771339652
2.4997996369925604,2.4997996369925604,4.0705959637874525,4.0705959637874525,0.23085116080717905,0.22626183572613429,0.1959059574391161,0.19441674130191558
2.54979963699256,2.54979963699256,4.120595963787452,4.120595963787452,0.22603201416575538,0.22386697696641308,0.19430378962946152,0.19302002829457138
2.59979963699256,2.59979963699256,4.170595963787452,4.170595963787452,0.2247461217431673,0.22086977739146865,0.19266076676893046,0.1925560363387947
2.64979963699256,2.64979963699256,4.220595963787452,4.220595963787452,0.2210719878867951,0.21871584247633055,0.19184277315758347,0.19245870077384467
2.6997996369925596,2.6997996369925596,4.270595963787452,4.270595963787452,0.22018863153434798,0.21675189233364164,0.19106365080757617,0.19235224996026065
2.7497996369925595,2.7497996369925595,4.320595963787452,4.320595963787452,0.21768838937702417,0.21474357960858997,0.19079499436629915,0.19275703610068076
2.7997996369925593,2.7997996369925593,4.370595963787451,4.370595963787451,0.2163819338878723,0.21367036002160503,0.190928617557275,0.19336316803056317
2.849799636992559,2.849799636992559,4.420595963787451,4.420595963787451,0.2147393602762481,0.2119065170216152,0.19146750015705302,0.1945365936707829
2.899799636992559,2.899799636992559,4.470595963787451,4.470595963787451,0.21291044572664353,0.2103545198666321,0.1924175760277252,0.19586103649367367
2.9497996369925588,2.9497996369925588,4.520595963787451,4.520595963787451,0.21133928894126286,0.20897392874163695,0.19361918414551055,0.1970094670504861
2.9997996369925586,2.9997996369925586,4.570595963787451,4.570595963787451,0.2100082977300925,0.2078149576848909,0.19473074970868873,0.19796578636731924
3.0497996369925584,3.0497996369925584,4.6205959637874505,4.6205959637874505,0.2088955085312994,0.2068522753904919,0.19565055102547252,0.19873954028434296
3.0997996369925582,3.0997996369925582,4.67059596378745,4.67059596378745,0.20795981779332692,0.20604768006483698,0.19639896990737107,0.19935823379796289
3.149799636992558,3.149799636992558,4.72059596378745,4.72059596378745,0.20716520816991357,0.2053685598879465,0.19700254085868524,0.1998471389565806
3.199799636992558,3.199799636992558,4.77059596378745,4.77059596378745,0.20647425829835797,0.20478165549244556,0.19748465695357262,0.2002278201147106
3.2497996369925577,3.2497996369925577,4.82059596378745,4.82059596378745,0.2058772530036453,0.20427726857480377,0.19786409293676308,0.20051758211628204
3.2997996369925575,3.2997996369925575,4.87059596378745,4.87059596378745,0.20536997447854907,0.2038510077570432,0.1981583938024753,0.20073255066926013
3.3497996369925573,3.3497996369925573,4.9205959637874495,4.9205959637874495,0.20493704548364491,0.20348915479431745,0.19838312266064181,0.20088653661448874
3.399799636992557,3.399799636992557,4.970595963787449,4.970595963787449,0.20456537979323275,0.2031792254423375,0.19855124951028463,0.20099131078800067
3.449799636992557,3.449799636992557,5.020595963787449,5.020595963787449,0.20424353097782863,0.20291165824667567,0.1986725373859549,0.20105644260179054
3.499799636992557,3.499799636992557,5.070595963787449,5.070595963787449,0.20396220090252784,0.20267786124976994,0.19875579428604798,0.20108976317012733
3.5497996369925566,3.5497996369925566,5.120595963787449,5.120595963787449,0.20371428977161835,0.20247151850149805,0.19880779410458715,0.20109755487380976
3.5997996369925565,3.5997996369925565,5.170595963787449,5.170595963787449,0.20349394646737076,0.2022874883712121,0.19883425066095936,0.20108499114623166
3.6497996369925563,3.6497996369925563,5.220595963787448,5.220595963787448,0.20329611642217382,0.20212154276387695,0.19883966925766272,0.20105611943058904
3.699799636992556,3.699799636992556,5.270595963787448,5.270595963787448,0.20311688526307078,0.2019701929988677,0.19882790012405027,0.2010141901453991
3.749799636992556,3.749799636992556,5.320595963787448,5.320595963787448,0.20295313120195102,0.20183080828571004,0.1988023171647006,0.20096196943793795
3.7997996369925557,3.7997996369925557,5.370595963787448,5.370595963787448,0.20280213420069246,0.2017011452209684,0.19876535392331862,0.20090147619535287
3.8497996369925556,3.8497996369925556,5.420595963787448,5.420595963787448,0.2026616960121587,0.20157969247022656,0.19871919989083156,0.20083480847515156
3.8997996369925554,3.8997996369925554,5.4705959637874475,5.4705959637874475,0.2025299950891109,0.20146450037326494,0.19866554228146607,0.20076300133698816
3.949799636992555,3.949799636992555,5.520595963787447,5.520595963787447,0.20240567006185753,0.20135472310026775,0.19860554960458485,0.20068729764712745
3.999799636992555,3.999799636992555,5.570595963787447,5.570595963787447,0.20228749534885962,0.20124926317823014,0.19854061721522068,0.2006087993328014
4.049799636992555,4.049799636992555,5.620595963787447,5.620595963787447,0.2021743467628186,0.20114718944966029,0.19847161433240545,0.20052804123852447
4.099799636992555,4.099799636992555,5.670595963787447,5.670595963787447,0.20206567520862012,0.20104760784521009,0.1983993537907149,0.20044556715646733
4.1497996369925545,4.1497996369925545,5.720595963787447,5.720595963787447,0.20196011265331004,0.20095033031122972,0.19832429850736916,0.2003618042412254
4.199799636992554,4.199799636992554,5.770595963787446,5.770595963787446,0.20185770752815094,0.20085497106773906,0.19824704302274468,0.2002767835254353
4.249799636992554,4.249799636992554,5.820595963787446,5.820595963787446,0.20175752345442993,0.2007612132010481,0.19816799645634023,0.20019121954165886
4.299799636992554,4.299799636992554,5.870595963787446,5.870595963787446,0.20165969063466632,0.2006686652586057,0.1980874911406133,0.20010473077461843
4.349799636992554,4.349799636992554,5.920595963787446,5.920595963787446,0.20156306146280878,0.20057713676518307,0.1980058186266287,0.20001799777439563
4.399799636992554,4.399799636992554,5.970595963787446,5.970595963787446,0.20146818177540268,0.2004867316580207,0.1979232184334488,0.19993079182631146
4.449799636992553,4.449799636992553,6.0205959637874455,6.0205959637874455,0.20137431081239612,0.2003967307668827,0.1978398675701156,0.1998433955344956
4.499799636992553,4.499799636992553,6.070595963787445,6.070595963787445,0.20128147963205137,0.20030754132860565,0.19775601418065775,0.19975569429973292
4.549799636992553,4.549799636992553,6.120595963787445,6.120595963787445,0.20118956487136053,0.20021886673245037,0.19767158521245226,0.19966797699804767
4.599799636992553,4.599799636992553,6.170595963787445,6.170595963787445,0.20109849123114348,0.2001305038245432,0.19758697534497952,0.19958044709230577
4.649799636992553,4.649799636992553,6.220595963787445,6.220595963787445,0.20100813827191422,0.2000424491914039,0.19750205193974701,0.19949275947411216
4.6997996369925525,4.6997996369925525,6.270595963787445,6.270595963787445,0.20091831900262436,0.19995513127081987,0.1974169781981412,0.1994053335633752
4.749799636992552,4.749799636992552,0.037410656607858354,0.037410656607858354,0.20082901347650223,0.19986782324100105,0.19733177506287533,0.19931790689442164
4.799799636992552,4.799799636992552,0.08741065660785846,0.08741065660785846,0.20074058195580094,0.19978104594940277,0.19725328683244184,0.19923732277784428
4.849799636992552,4.849799636992552,0.13741065660785853,0.13741065660785853,0.20065379459912672,0.19969561870885338,0.19718625568350526,0.19916859538103102
4.899799636992552,4.899799636992552,0.18741065660785863,0.18741065660785863,0.2005697504089137,0.19961281205001552,0.19713077812560978,0.1991114462295744
4.949799636992552,4.949799636992552,0.23741065660785873,0.23741065660785873,0.20048920779974647,0.1995337214342767,0.19708585100008733,0.1990650401889332
4.9997996369925515,4.9997996369925515,0.2874106566078588,0.2874106566078588,0.20041305919979188,0.19945848291712903,0.1970507614705944,0.19902854166979017
5.049799636992551,5.049799636992551,0.33741065660785885,0.33741065660785885,0.20034149516615352,0.1993880557004038,0.19702454898453242,0.1990012593430266
5.099799636992551,5.099799636992551,0.3874106566078589,0.3874106566078589,0.20027503672537691,0.19932260111662556,0.19700687650361715,0.1989824760098234
5.149799636992551,5.149799636992551,0.43741065660785894,0.43741065660785894,0.2002140631425944,0.199262416297381,0.1969971577635635,0.19897170821589766
5.199799636992551,5.199799636992551,0.487410656607859,0.487410656607859,0.20015866000275526,0.19920779205599434,0.19699473132141712,0.19896848812751747
5.249799636992551,5.249799636992551,0.537410656607859,0.537410656607859,0.2001089096834605,0.19915860262412582,0.19699662223893416,0.19896955192531446
5.29979963699255,5.29979963699255,0.5874106566078591,0.5874106566078591,0.20006479021887588,0.19911493431974558,0.1970042259443354,0.19897648400085632
5.34979963699255,5.34979963699255,0.6374106566078591,0.6374106566078591,0.20002609748375602,0.19907700436925105,0.19701796508626715,0.19898976978016067
5.39979963699255,5.39979963699255,0.6874106566078592,0.6874106566078592,0.19999313166778795,0.1990444765136229,0.19703775222698217,0.19900893536413106
5.44979963699255,5.44979963699255,0.7374106566078592,0.7374106566078592,0.19996589478812804,0.1990176586566301,0.19706301788772262,0.19903382184729407
5.49979963699255,5.49979963699255,0.7874106566078592,0.7874106566078592,0.1999442766100239,0.1989965711839835,0.1971005203358624,0.19907043759233656
5.5497996369925495,5.5497996369925495,0.8374106566078593,0.8374106566078593,0.19992972957869595,0.19898221325087923,0.19715939541680308,0.19912814315684707
5.599799636992549,5.599799636992549,0.8874106566078593,0.8874106566078593,0.19992388780851042,0.19897667133310326,0.19724009246443067,0.19920763618679416
5.649799636992549,5.649799636992549,0.9374106566078594,0.9374106566078594,0.19992770128089404,0.19898066452938584,0.19734075182514535,0.1993074085247018
5.699799636992549,5.699799636992549,0.9874106566078594,0.9874106566078594,0.19994238637373862,0.19899521973905676,0.19745949673808588,0.19942509858836746
5.749799636992549,5.749799636992549,1.0374106566078594,1.0374106566078594,0.19996834009596337,0.19902132012360363,0.19759432036493726,0.19955910467235968
5.799799636992549,5.799799636992549,1.0874106566078594,1.0874106566078594,0.20000602981467216,0.199058946718743,0.19773999182860977,0.19970315951978257
5.8497996369925485,5.8497996369925485,1.1374106566078594,1.1374106566078594,0.20005499392857162,0.1991075590143696,0.19791008502769675,0.19984444657313383
5.899799636992548,5.899799636992548,1.1874106566078595,1.1874106566078595,0.20011895952063455,0.19916994218412515,0.19819434382589426,0.20024020688966618
5.949799636992548,5.949799636992548,1.2374106566078595,1.2374106566078595,0.20021561324478107,0.1992699017178049,0.19847472480040373,0.20077243587487636
5.999799636992548,5.999799636992548,1.2874106566078596,1.2874106566078596,0.2003411916943907,0.1994036834309908,0.19879610146548196,0.20120488057848607
6.049799636992548,6.049799636992548,1.3374106566078596,1.3374106566078596,0.20051163160805915,0.19957956864180856,0.19991345000740757,0.20180896942303214
6.099799636992548,6.099799636992548,1.3874106566078597,1.3874106566078597,0.20075948518238393,0.19982553878653414,0.20135488488078288,0.20252609452598663
6.149799636992547,6.149799636992547,1.4374106566078597,1.4374106566078597,0.2011285662572832,0.20016505376991386,0.2027002851138472,0.2036776221338875
6.199799636992547,6.199799636992547,1.4874106566078598,1.4874106566078598,0.20161477069092146,0.2006017308895569,0.20427950184154922,0.20547964103086985
6.249799636992547,6.249799636992547,1.5374106566078598,1.5374106566078598,0.20221279986647078,0.201172560692609,0.20698631012763735,0.2065574801318017
0.016614329812960692,0.016614329812960692,1.5874106566078598,1.5874106566078598,0.20301030678835838,0.20191183615681596,0.20788936800961827,0.20903790339870187
0.06661432981296077,0.06661432981296077,1.63741065660786,1.63741065660786,0.2039194876906066,0.20276522173162229,0.21324838620922645,0.21211570482051054
0.11661432981296084,0.11661432981296084,1.68741065660786,1.68741065660786,0.20520239849361593,0.20397152810792005,0.2138436154394972,0.21434835227848414
0.1666143298129609,0.1666143298129609,1.73741065660786,1.73741065660786,0.20645727930239594,0.2051615595165336,0.21885984053726043,0.21731008197785853
0.21661432981296097,0.21661432981296097,1.78741065660786,1.78741065660786,0.20829170069807726,0.20687054538711658,0.22460599827855307,0.22198964742476138
0.266614329812961,0.266614329812961,1.83741065660786,1.83741065660786,0.21014306027107976,0.20858746720040822,0.22336203295314927,0.22161517818859292
0.31661432981296106,0.31661432981296106,1.8874106566078601,1.8874106566078601,0.21199015655794093,0.21034441663485257,0.2308192217404021,0.22970976097036425
0.3666143298129611,0.3666143298129611,1.9374106566078602,1.9374106566078602,0.2149776293355311,0.21319131856477896,0.24094873775086184,0.23257028001588637
0.41661432981296115,0.41661432981296115,1.9874106566078602,1.9874106566078602,0.21791817312596237,0.2157663826848185,0.23929210365603787,0.2313804845629331
0.4666143298129612,0.4666143298129612,2.03741065660786,2.03741065660786,0.22020924817535656,0.21788755472944457,0.2393080726002816,0.24004919885132686
0.5166143298129612,0.5166143298129612,2.08741065660786,2.08741065660786,0.2232220086230775,0.22102924805182758,0.24806820041343747,0.24981962786507086
0.5666143298129612,0.5666143298129612,2.1374106566078597,2.1374106566078597,0.2272054327682082,0.22491848179868842,0.2608781283198188,0.24684554148579854
0.6166143298129613,0.6166143298129613,2.1874106566078595,2.1874106566078595,0.23147266794752547,0.22846828393508167,0.267709148379755,0.24611146799392716
0.6666143298129613,0.6666143298129613,2.2374106566078593,2.2374106566078593,0.23523239925606762,0.2315940525040167,0.26369477199023783,0.2546703615079607
0.7166143298129614,0.7166143298129614,2.287410656607859,2.287410656607859,0.23859739344434272,0.2350167170478093,0.261147866902848,0.2672326008168648
0.7666143298129614,0.7666143298129614,2.337410656607859,2.337410656607859,0.2420898932837696,0.2390901478964705,0.2649174727557063,0.27196620220226764
0.8166143298129614,0.8166143298129614,2.387410656607859,2.387410656607859,0.24555326920673531,0.2428383680500246,0.27522410886305876,0.2678734763023504
0.8666143298129615,0.8666143298129615,2.4374106566078586,2.4374106566078586,0.2494145846962937,0.24626807045132815,0.2881136688993788,0.2658168349836325
0.9166143298129615,0.9166143298129615,2.4874106566078584,2.4874106566078584,0.2540406458027894,0.24996798181566923,0.2995387613490029,0.2699701900052854
0.9666143298129616,0.9666143298129616,2.5374106566078583,2.5374106566078583,0.25943838543215575,0.2543686216835955,0.30337928470897374,0.2791225259640911
1.0166143298129615,1.0166143298129615,2.587410656607858,2.587410656607858,0.26430770308040663,0.2588231519528059,0.2980613775382056,0.2888998260371385
1.0666143298129616,1.0666143298129616,2.637410656607858,2.637410656607858,0.268210105305344,0.2630436246569041,0.2933088922663946,0.2975924542978217
1.1166143298129616,1.1166143298129616,2.6874106566078577,2.6874106566078577,0.27142902231317445,0.2670177082145536,0.29236544902611183,0.297986451344633
1.1666143298129616,1.1666143298129616,2.7374106566078575,2.7374106566078575,0.27417647297276987,0.27027319001764855,0.2949487532172049,0.2940314091760024
1.2166143298129617,1.2166143298129617,2.7874106566078574,2.7874106566078574,0.27679256269352165,0.2730213521713379,0.3002156349452107,0.2910321140341515
1.2666143298129617,1.2666143298129617,2.837410656607857,2.837410656607857,0.2795281919426201,0.2755885655824577,0.305324338772404,0.29207083857820654
1.3166143298129618,1.3166143298129618,2.887410656607857,2.887410656607857,0.28244736098421724,0.2783413562116979,0.3080269815545835,0.2956835393120998
1.3666143298129618,1.3666143298129618,2.937410656607857,2.937410656607857,0.28531935110030265,0.28112048090615793,0.30816196448551836,0.2983154252344133
1.4166143298129619,1.4166143298129619,2.9874106566078567,2.9874106566078567,0.28795798116937626,0.2837598534016501,0.30596235168807334,0.29870971599551205
1.466614329812962,1.466614329812962,3.0374106566078565,3.0374106566078565,0.2901203249552622,0.28579180914351066,0.30344762617411236,0.29693111579607195
1.516614329812962,1.516614329812962,3.0874106566078563,3.0874106566078563,0.2915519969710333,0.28743046955961055,0.3013035065746382,0.29392131891566464
1.566614329812962,1.566614329812962,3.137410656607856,3.137410656607856,0.2934116125915619,0.28848621888245074,0.2986353790761917,0.29233392968442096
1.616614329812962,1.616614329812962,3.187410656607856,3.187410656607856,0.2941124460383369,0.2907102049916441,0.29335367363184384,0.2908919770454103
1.666614329812962,1.666614329812962,3.2374106566078558,3.2374106566078558,0.2950575278998747,0.29109115390512924,0.2858071661932704,0.2860423236154744
1.7166143298129621,1.7166143298129621,3.2874106566078556,3.2874106566078556,0.29430332463502507,0.290868903524486,0.27639409072019294,0.2791079516691319
1.7666143298129622,1.7666143298129622,3.3374106566078554,3.3374106566078554,0.2923996406491181,0.28957110378133155,0.2657153304041838,0.27056346463080816
1.8166143298129622,1.8166143298129622,3.3874106566078552,3.3874106566078552,0.2908546553723738,0.2885958820759763,0.26025240402682753,0.26192213102090556
1.8666143298129623,1.8666143298129623,3.437410656607855,3.437410656607855,0.2879203918681126,0.28643750678139296,0.2602378069814921,0.2600879379265062
1.9166143298129623,1.9166143298129623,3.487410656607855,3.487410656607855,0.28650574556798736,0.28369282908307564,0.25055631017344,0.25471529167173845
1.9666143298129624,1.9666143298129624,3.5374106566078547,3.5374106566078547,0.28300823987220947,0.28066496746239955,0.23982826748822741,0.24542831557004596
2.0166143298129624,2.0166143298129624,3.5874106566078545,3.5874106566078545,0.2793094719013731,0.2758675068857434,0.23534996767107697,0.24086802420332737
2.0666143298129622,2.0666143298129622,3.6374106566078543,3.6374106566078543,0.27438694391264834,0.2720296023373936,0.22848975354005904,0.23384089402749303
2.116614329812962,2.116614329812962,3.687410656607854,3.687410656607854,0.2696504346075467,0.26674590180837504,0.2229702726317649,0.2285862521172127
2.166614329812962,2.166614329812962,3.737410656607854,3.737410656607854,0.26461180311757826,0.2609527375769457,0.21636504193936124,0.2231036903707655
2.2166143298129617,2.2166143298129617,3.787410656607854,3.787410656607854,0.26055811991207445,0.25519936433931845,0.21227868488995333,0.21773787258725863
2.2666143298129615,2.2666143298129615,3.8374106566078536,3.8374106566078536,0.2543405776181244,0.24942289356126776,0.20764471973123635,0.21394573165527705
2.3166143298129613,2.3166143298129613,3.8874106566078535,3.8874106566078535,0.25107142060694443,0.2434479584669904,0.2039779114951616,0.20977898560851294
2.366614329812961,2.366614329812961,3.9374106566078533,3.9374106566078533,0.24443273769583293,0.23895665720911832,0.1999770359935486,0.20697388234088818
2.416614329812961,2.416614329812961,3.987410656607853,3.987410656607853,0.24247012846031596,0.2331991615177209,0.19785038635484894,0.2040950392026944
2.466614329812961,2.466614329812961,4.037410656607853,4.037410656607853,0.2365853482051861,0.2302598824215092,0.19562454364600612,0.20153131331431665
2.5166143298129606,2.5166143298129606,4.087410656607853,4.087410656607853,0.23510008934659524,0.22567653127274834,0.1939893358826547,0.1989531704394537
2.5666143298129604,2.5666143298129604,4.137410656607853,4.137410656607853,0.23028122173539037,0.22269143583640055,0.19295982454321012,0.1971823434530493
2.6166143298129603,2.6166143298129603,4.187410656607852,4.187410656607852,0.22875718167267087,0.22026680324994433,0.19201824083821029,0.1954911456235579
2.66661432981296,2.66661432981296,4.237410656607852,4.237410656607852,0.2256856850929671,0.21679555170590745,0.19123326999503054,0.1947657642639444
2.71661432981296,2.71661432981296,4.287410656607852,4.287410656607852,0.22383738309071008,0.2150636940248255,0.19086232430147432,0.1942468571740061
2.7666143298129597,2.7666143298129597,4.337410656607852,4.337410656607852,0.22224886907131375,0.2123720356019572,0.1908816583389021,0.1938507937747924
2.8166143298129596,2.8166143298129596,4.387410656607852,4.387410656607852,0.2197197415836932,0.21017171067882978,0.19121001064959267,0.1939507396914992
2.8666143298129594,2.8666143298129594,4.4374106566078515,4.4374106566078515,0.217750754625454,0.20802653669990215,0.19209876161048903,0.19430468814336563
2.916614329812959,2.916614329812959,4.487410656607851,4.487410656607851,0.21591694011116044,0.20629759966382047,0.19308082284078015,0.19509133151466848
2.966614329812959,2.966614329812959,4.537410656607851,4.537410656607851,0.21439683484594016,0.20490481895561236,0.19425627453245717,0.1961365566005949
3.016614329812959,3.016614329812959,4.587410656607851,4.587410656607851,0.2131268753557567,0.20374789124353876,0.1953069881652719,0.19710856580775635
3.0666143298129587,3.0666143298129587,4.637410656607851,4.637410656607851,0.21206746612789473,0.20278565114174824,0.1961650459091383,0.19790230168366216
3.1166143298129585,3.1166143298129585,4.687410656607851,4.687410656607851,0.21117455848839883,0.2019791249153185,0.19685708713469882,0.19853890498834786
3.1666143298129583,3.1666143298129583,4.73741065660785,4.73741065660785,0.21040065969677046,0.20129704855957695,0.1974100656598064,0.19904464813088515
3.216614329812958,3.216614329812958,4.78741065660785,4.78741065660785,0.2097227474437807,0.20071965624593638,0.19784568114397777,0.19944084225447983
3.266614329812958,3.266614329812958,4.83741065660785,4.83741065660785,0.20913841595588611,0.2002335442239352,0.19818326920127102,0.19974621411981794
3.316614329812958,3.316614329812958,4.88741065660785,4.88741065660785,0.20863969811700447,0.19982343851179776,0.19844044688999696,0.19997763926884915
3.3666143298129576,3.3666143298129576,4.93741065660785,4.93741065660785,0.20821173637954205,0.19947490794072797,0.19863191030219163,0.20014876477628515
3.4166143298129574,3.4166143298129574,4.9874106566078495,4.9874106566078495,0.2078417229586872,0.19917642737537375,0.19876972311513547,0.2002708604780265
3.4666143298129573,3.4666143298129573,5.037410656607849,5.037410656607849,0.20751864754719476,0.19891860633151828,0.1988637221351992,0.2003529277478774
3.516614329812957,3.516614329812957,5.087410656607849,5.087410656607849,0.20723410328720415,0.19869381964008634,0.19892206558077216,0.2004024736113704
3.566614329812957,3.566614329812957,5.137410656607849,5.137410656607849,0.20698096206851332,0.19849584400084433,0.19895115352847625,0.20042555364660247
3.6166143298129567,3.6166143298129567,5.187410656607849,5.187410656607849,0.2067537423617202,0.19831990537972272,0.1989565628706791,0.20042714658386096
3.6666143298129565,3.6666143298129565,5.237410656607849,5.237410656607849,0.20654778270657712,0.19816193568675433,0.1989428103031859,0.20041142129441067
3.7166143298129564,3.7166143298129564,5.2874106566078485,5.2874106566078485,0.20635902504197876,0.1980183147919173,0.19891342200706458,0.20038155513205227
3.766614329812956,3.766614329812956,5.337410656607848,5.337410656607848,0.20618477726538975,0.19788670107051298,0.19887132455944176,0.20034019992587615
3.816614329812956,3.816614329812956,5.387410656607848,5.387410656607848,0.20602250891279011,0.19776490595811094,0.1988190371345126,0.20028946490513827
3.866614329812956,3.866614329812956,5.437410656607848,5.437410656607848,0.205869985340203,0.1976509207092842,0.19875855215819224,0.20023133481930916
3.9166143298129557,3.9166143298129557,5.487410656607848,5.487410656607848,0.20572570200406834,0.1975436157282527,0.1986913364984243,0.2001671554883368
3.9666143298129555,3.9666143298129555,5.537410656607848,5.537410656607848,0.20558817173611452,0.19744143973712647,0.19861877124685742,0.20009816948592912
4.016614329812955,4.016614329812955,5.587410656607847,5.587410656607847,0.2054562610952838,0.1973437280123633,0.19854182365917378,0.20002519071759345
4.066614329812955,4.066614329812955,5.637410656607847,5.637410656607847,0.20532929067133257,0.19724960631820912,0.1984613942663502,0.1999490934731559
4.116614329812955,4.116614329812955,5.687410656607847,5.687410656607847,0.20520644814341002,0.1971585573319908,0.198378342110523,0.19987050162508513
4.166614329812955,4.166614329812955,5.737410656607847,5.737410656607847,0.20508671860786382,0.19706969581538822,0.19829309033411896,0.1997900838970842
4.216614329812955,4.216614329812955,5.787410656607847,5.787410656607847,0.20497013783741477,0.19698293777017353,0.1982060977324519,0.1997078377943864
4.266614329812954,4.266614329812954,5.8374106566078465,5.8374106566078465,0.20485595961599076,0.19689775305540314,0.1981179351480199,0.19962446509332418
4.316614329812954,4.316614329812954,5.887410656607846,5.887410656607846,0.20474412269629397,0.19681409283987095,0.19802863357889894,0.19954002297273107
4.366614329812954,4.366614329812954,5.937410656607846,5.937410656607846,0.20463389196564513,0.1967315103145025,0.197938743308623,0.1994549488425267
4.416614329812954,4.416614329812954,5.987410656607846,5.987410656607846,0.20452539238317466,0.1966498673809107,0.19784828075800362,0.1993693308066839
4.466614329812954,4.466614329812954,6.037410656607846,6.037410656607846,0.20441852763066776,0.19656902242997187,0.19775765275720775,0.19928332384890102
4.5166143298129535,4.5166143298129535,6.087410656607846,6.087410656607846,0.20431288508236592,0.19648888319257538,0.19766660171340503,0.1991970346341231
4.566614329812953,4.566614329812953,6.1374106566078455,6.1374106566078455,0.20420836193317266,0.1964091409589523,0.19757548557091156,0.19911058857583905
4.616614329812953,4.616614329812953,6.187410656607845,6.187410656607845,0.20410487617824724,0.1963301309903848,0.19748427793694343,0.19902400044347976
4.666614329812953,4.666614329812953,6.237410656607845,6.237410656607845,0.20400251626292829,0.19625120436687518,0.19739322962415654,0.19893749505055763
4.716614329812953,4.716614329812953,0.004225349428258801,0.004225349428258801,0.20390086976436186,0.19617291262314382,0.1973021969590436,0.1988510013151864
4.766614329812953,4.766614329812953,0.05422534942825891,0.05422534942825891,0.2038001736075606,0.19609493247322793,0.1972121876865679,0.19876531899731237
4.8166143298129525,4.8166143298129525,0.10422534942825899,0.10422534942825899,0.2037007523748955,0.19601749627297468,0.19713166366649923,0.19868905796405853
4.866614329812952,4.866614329812952,0.15422534942825908,0.15422534942825908,0.203603641790034,0.19594184402532042,0.19706353563260015,0.19862526972009567
4.916614329812952,4.916614329812952,0.20422534942825918,0.20422534942825918,0.20350991120006928,0.19586923582001917,0.19700676804150388,0.19857285337235867
4.966614329812952,4.966614329812952,0.25422534942825925,0.25422534942825925,0.2034202905996855,0.19580028614007772,0.1969604429945058,0.19853084459848566
5.016614329812952,5.016614329812952,0.3042253494282593,0.3042253494282593,0.20333561378349158,0.1957354925480879,0.19692382845377507,0.19849843871496373
5.066614329812952,5.066614329812952,0.35422534942825934,0.35422534942825934,0.20325614328223277,0.19567548184348027,0.1968962091375969,0.19847504724861037
5.116614329812951,5.116614329812951,0.4042253494282594,0.4042253494282594,0.20318198254617323,0.19562019812840672,0.19687694034786046,0.19846010028828018
5.166614329812951,5.166614329812951,0.45422534942825943,0.45422534942825943,0.2031138435494254,0.19557034793002867,0.19686557993721499,0.19845301489296255
5.216614329812951,5.216614329812951,0.5042253494282595,0.5042253494282595,0.2030512677958834,0.19552592861217044,0.19686076519952142,0.1984525807354364
5.266614329812951,5.266614329812951,0.5542253494282595,0.5542253494282595,0.20299478302455257,0.19548691108879487,0.19686067125932874,0.19845695207305217
5.316614329812951,5.316614329812951,0.6042253494282596,0.6042253494282596,0.20294395103060323,0.1954531737172423,0.19686668452068448,0.19846734152308718
5.3666143298129505,5.3666143298129505,0.6542253494282596,0.6542253494282596,0.20289917383501302,0.1954250424761107,0.19687883422070612,0.19848406256859452
5.41661432981295,5.41661432981295,0.7042253494282597,0.7042253494282597,0.20285982586309256,0.19540229349646815,0.19689686192601435,0.1985067100212574
5.46661432981295,5.46661432981295,0.7542253494282597,0.7542253494282597,0.2028267395593563,0.1953851116789711,0.19692193580832235,0.19853592348277752
5.51661432981295,5.51661432981295,0.8042253494282597,0.8042253494282597,0.2027997240864564,0.19537376623869865,0.1969634009341842,0.1985822242079791
5.56661432981295,5.56661432981295,0.8542253494282598,0.8542253494282598,0.20278035934563313,0.19537000303333327,0.1970271333856662,0.1986509943458731
5.61661432981295,5.61661432981295,0.9042253494282598,0.9042253494282598,0.20277036327997564,0.19537523237101923,0.19711214919672,0.19874127027241276
5.666614329812949,5.666614329812949,0.9542253494282599,0.9542253494282599,0.20277057620281863,0.19539035729694368,0.19721638130575606,0.19885090374694975
5.716614329812949,5.716614329812949,1.0042253494282598,1.0042253494282598,0.20278209946177086,0.19541640333329766,0.19733805458321135,0.19897807550209046
5.766614329812949,5.766614329812949,1.0542253494282599,1.0542253494282599,0.20280500475534474,0.19545381450461094,0.1974746256950738,0.1991208048107483
5.816614329812949,5.816614329812949,1.10422534942826,1.10422534942826,0.20283944096621562,0.1955025508805962,0.1976103551909858,0.19927732334996764
5.866614329812949,5.866614329812949,1.15422534942826,1.15422534942826,0.20288382067910687,0.19556250303308975,0.19775369260624392,0.19945882130477974
5.9166143298129485,5.9166143298129485,1.20422534942826,1.20422534942826,0.20295075443014923,0.19564496600342798,0.1981562044769319,0.19979754199455704
5.966614329812948,5.966614329812948,1.25422534942826,1.25422534942826,0.20304424824908765,0.19575275015697133,0.19855275680249976,0.20030169918106855
6.016614329812948,6.016614329812948,1.30422534942826,1.30422534942826,0.20318953184136274,0.19592434836728156,0.19892921544989203,0.20107363686190097
6.066614329812948,6.066614329812948,1.3542253494282601,1.3542253494282601,0.20340694237891355,0.19617203212689932,0.20034258340363092,0.20299613249524703
6.116614329812948,6.116614329812948,1.4042253494282602,1.4042253494282602,0.20375050227291316,0.19655424994009837,0.20246363158729147,0.20453336305472825
6.166614329812948,6.166614329812948,1.4542253494282602,1.4542253494282602,0.20427640234251768,0.1971168543272804,0.20341686395129385,0.2058331416191301
6.2166143298129475,6.2166143298129475,1.5042253494282602,1.5042253494282602,0.20495658863553243,0.19782588891759498,0.20619766079792426,0.21021344801786043
6.266614329812947,6.266614329812947,1.5542253494282603,1.5542253494282603,0.2057998842034669,0.19873914193771755,0.20900714929967099,0.21075731856775934
0.033429022633360964,0.033429022633360964,1.6042253494282603,1.6042253494282603,0.20688801526131045,0.19985780827641736,0.21079476976155317,0.2167757048166756
0.08342902263336104,0.08342902263336104,1.6542253494282604,1.6542253494282604,0.20808602708001422,0.20117375755198466,0.21413379704995342,0.21664195914722284
0.13342902263336112,0.13342902263336112,1.7042253494282604,1.7042253494282604,0.20961196627946713,0.20265628161869267,0.21937588414434225,0.22270167199440316
0.1834290226333612,0.1834290226333612,1.7542253494282605,1.7542253494282605,0.21144684873106462,0.2046058851278106,0.2185544459631316,0.22894055572767333
0.23342902263336124,0.23342902263336124,1.8042253494282605,1.8042253494282605,0.2133015221323255,0.20659577084792569,0.2267607221736086,0.22730879719676916
0.2834290226333613,0.2834290226333613,1.8542253494282606,1.8542253494282606,0.21582836024379926,0.20891262878523584,0.23548961473425079,0.23342426528737198
0.3334290226333613,0.3334290226333613,1.9042253494282606,1.9042253494282606,0.21897620396395762,0.21200453675484754,0.23266727420787012,0.24493096579916457
0.38342902263336137,0.38342902263336137,1.9542253494282606,1.9542253494282606,0.2217783618753403,0.21520098571485044,0.2334849925096317,0.24576123966973326
0.4334290226333614,0.4334290226333614,2.0042253494282605,2.0042253494282605,0.22435072845031998,0.21790299098162613,0.24426443455184718,0.24339693845547536
0.48342902263336146,0.48342902263336146,2.0542253494282603,2.0542253494282603,0.22786996762635714,0.22101074196034765,0.25778378099289995,0.24841775071664599
0.5334290226333614,0.5334290226333614,2.10422534942826,2.10422534942826,0.2327208770883772,0.22525453566047796,0.26097282577426795,0.26033370614986645
0.5834290226333615,0.5834290226333615,2.15422534942826,2.15422534942826,0.23727210862172968,0.22986634431357747,0.25608942993811784,0.2736448174489366
0.6334290226333615,0.6334290226333615,2.2042253494282598,2.2042253494282598,0.2410587664609067,0.23440160120191503,0.25388031750261314,0.2757374106584288
0.6834290226333616,0.6834290226333616,2.2542253494282596,2.2542253494282596,0.24394545308025717,0.23786338029844273,0.2600892998823815,0.27167790945684445
0.7334290226333616,0.7334290226333616,2.3042253494282594,2.3042253494282594,0.24707188770761027,0.24093734925916344,0.27318468441437,0.2697526132462533
0.7834290226333617,0.7834290226333617,2.3542253494282592,2.3542253494282592,0.25134300750546207,0.24454047165265183,0.2874712749348659,0.2734999158179616
0.8334290226333617,0.8334290226333617,2.404225349428259,2.404225349428259,0.256943387614565,0.24912025069005014,0.2998309155185392,0.2820314189158348
0.8834290226333618,0.8834290226333618,2.454225349428259,2.454225349428259,0.2637210200764831,0.2548346321671695,0.3045865923348841,0.2929867253445861
0.9334290226333618,0.9334290226333618,2.5042253494282587,2.5042253494282587,0.26950973079644663,0.26032196231284166,0.29833040418269224,0.30366786052552636
0.9834290226333618,0.9834290226333618,2.5542253494282585,2.5542253494282585,0.27396719640848743,0.2653096844228552,0.2929177850667776,0.3125766840456893
1.0334290226333618,1.0334290226333618,2.6042253494282583,2.6042253494282583,0.2773214431831923,0.26954164069692854,0.2912543445927366,0.30888575107361593
1.0834290226333618,1.0834290226333618,2.654225349428258,2.654225349428258,0.2800495617507714,0.27279857046215666,0.2937206473029999,0.30469352508326325
1.1334290226333619,1.1334290226333619,2.704225349428258,2.704225349428258,0.28267476257936797,0.27557571572730966,0.29901212718580716,0.302351271039978
1.183429022633362,1.183429022633362,2.754225349428258,2.754225349428258,0.285483367626945,0.27821572760344504,0.305949303619821,0.3027986894886374
1.233429022633362,1.233429022633362,2.8042253494282576,2.8042253494282576,0.2885682825746089,0.2809201776978454,0.31178387859697465,0.304929772762267
1.283429022633362,1.283429022633362,2.8542253494282575,2.8542253494282575,0.29178832047958675,0.28371022434188126,0.3150013328440123,0.3081329591734286
1.333429022633362,1.333429022633362,2.9042253494282573,2.9042253494282573,0.2949152942970689,0.2865203136224801,0.3155837885840601,0.31014199868437486
1.383429022633362,1.383429022633362,2.954225349428257,2.954225349428257,0.2976751446435936,0.28908835444092085,0.31293848864441604,0.3097688255366384
1.4334290226333621,1.4334290226333621,3.004225349428257,3.004225349428257,0.2997851137750912,0.29122437898329034,0.30998802983634693,0.30709289725068545
1.4834290226333622,1.4834290226333622,3.0542253494282567,3.0542253494282567,0.30138881925069183,0.29278957730125815,0.30772485612085015,0.3038897684744561
1.5334290226333622,1.5334290226333622,3.1042253494282566,3.1042253494282566,0.3027612575940311,0.29391158824497143,0.30525237346133965,0.30223285340065154
1.5834290226333623,1.5834290226333623,3.1542253494282564,3.1542253494282564,0.30334460982835465,0.29465251011041793,0.3001439608712107,0.30058605580296666
1.6334290226333623,1.6334290226333623,3.204225349428256,3.204225349428256,0.3033590214016797,0.29480231523836836,0.2925535441546014,0.2951476996660856
1.6834290226333624,1.6834290226333624,3.254225349428256,3.254225349428256,0.30238207488001856,0.29425939064002377,0.28291707958387396,0.28735345348312225
1.7334290226333624,1.7334290226333624,3.304225349428256,3.304225349428256,0.30058410002049823,0.2929471635246269,0.27239610064149383,0.27777987843906554
1.7834290226333624,1.7834290226333624,3.3542253494282557,3.3542253494282557,0.2986271798204759,0.2905286350954104,0.2670903067683136,0.2666806307491237
1.8334290226333625,1.8334290226333625,3.4042253494282555,3.4042253494282555,0.29613492876101155,0.2883980577984367,0.26710165522653884,0.259701379594145
1.8834290226333625,1.8834290226333625,3.4542253494282553,3.4542253494282553,0.29356696286888195,0.2857957291979522,0.2576358768742341,0.2582458777194005
1.9334290226333626,1.9334290226333626,3.504225349428255,3.504225349428255,0.2893785456652954,0.28269289496468625,0.246415408439527,0.24872736188722896
1.9834290226333626,1.9834290226333626,3.554225349428255,3.554225349428255,0.28479408966740644,0.2776551071384018,0.23711641004946302,0.23900646894207184
2.0334290226333627,2.0334290226333627,3.604225349428255,3.604225349428255,0.27876682553388016,0.2731277109838294,0.23491280453881322,0.23573911528092584
2.0834290226333625,2.0834290226333625,3.6542253494282546,3.6542253494282546,0.27312706795908304,0.26801378892154915,0.22609390836416926,0.2276203071211339
2.1334290226333623,2.1334290226333623,3.7042253494282544,3.7042253494282544,0.2666549058979659,0.2623943628465634,0.22046389160807478,0.2227243332462098
2.183429022633362,2.183429022633362,3.7542253494282543,3.7542253494282543,0.2604067018912937,0.2568097141197443,0.2137458489084473,0.21620102078316222
2.233429022633362,2.233429022633362,3.804225349428254,3.804225349428254,0.2535976369277919,0.2510885011921884,0.2084905436876343,0.21130751683497997
2.283429022633362,2.283429022633362,3.854225349428254,3.854225349428254,0.24641613122171108,0.24477596759162923,0.2036168018754478,0.2078137722929143
2.3334290226333616,2.3334290226333616,3.9042253494282537,3.9042253494282537,0.24008794643521514,0.2408397205385453,0.1994251892196664,0.2032397696107125
2.3834290226333614,2.3834290226333614,3.9542253494282535,3.9542253494282535,0.2338297174339783,0.2349834315623007,0.19570605429493781,0.20011929191366595
2.4334290226333612,2.4334290226333612,4.004225349428253,4.004225349428253,0.2281896878013364,0.23109215119945026,0.1923476077529042,0.19686659010643906
2.483429022633361,2.483429022633361,4.054225349428253,4.054225349428253,0.2232482263811854,0.22642851809755257,0.1898578391023091,0.1945482895690009
2.533429022633361,2.533429022633361,4.104225349428253,4.104225349428253,0.21836779208586354,0.22365327470594068,0.1873995516807302,0.19243570562900045
2.5834290226333607,2.5834290226333607,4.154225349428253,4.154225349428253,0.21394415337239306,0.2196463016906698,0.18551563183918413,0.19080812584146992
2.6334290226333605,2.6334290226333605,4.204225349428253,4.204225349428253,0.21035551973057995,0.21764585105890544,0.18432995825780085,0.18954269503016627
2.6834290226333604,2.6834290226333604,4.2542253494282525,4.2542253494282525,0.20704234664287352,0.21464207622139467,0.18358544806994767,0.18876580022687398
2.73342902263336,2.73342902263336,4.304225349428252,4.304225349428252,0.2041262195818005,0.21240188137410923,0.18344712253008716,0.18812437588747996
2.78342902263336,2.78342902263336,4.354225349428252,4.354225349428252,0.201719132092292,0.21027464503938942,0.1833297407523699,0.18798686599769784
2.83342902263336,2.83342902263336,4.404225349428252,4.404225349428252,0.19978058978213814,0.20836339572977425,0.1838744513442297,0.1884029266259128
2.8834290226333597,2.8834290226333597,4.454225349428252,4.454225349428252,0.19831876906449777,0.20664565402214044,0.18485626180045747,0.18935332551427395
2.9334290226333595,2.9334290226333595,4.504225349428252,4.504225349428252,0.19721349369594657,0.2052750012604389,0.18579388226908153,0.19045727583059693
2.9834290226333593,2.9834290226333593,4.554225349428251,4.554225349428251,0.19629882181678224,0.20412676194088264,0.18657916561972657,0.19143638342987648
3.033429022633359,3.033429022633359,4.604225349428251,4.604225349428251,0.1955352804827167,0.20315951722087688,0.1872200171038653,0.19224875055370838
3.083429022633359,3.083429022633359,4.654225349428251,4.654225349428251,0.19489311111053878,0.20233907638590434,0.18773754144419638,0.19291606140447073
3.1334290226333588,3.1334290226333588,4.704225349428251,4.704225349428251,0.19434829300553214,0.20163768711175026,0.18815109015364834,0.19345987688806854
3.1834290226333586,3.1834290226333586,4.754225349428251,4.754225349428251,0.1938816801314077,0.20103235072365086,0.18847756866948273,0.1938992389026736
3.2334290226333584,3.2334290226333584,4.8042253494282505,4.8042253494282505,0.19348490833369142,0.20051264823499526,0.18873127157963385,0.19425050554929918
3.2834290226333582,3.2834290226333582,4.85422534942825,4.85422534942825,0.1931493548747557,0.2000678176172261,0.18892527794782452,0.19452872283902534
3.333429022633358,3.333429022633358,4.90422534942825,4.90422534942825,0.1928647164455543,0.19968566375866897,0.18907034201108391,0.19474631719456312
3.383429022633358,3.383429022633358,4.95422534942825,4.95422534942825,0.19262105379118025,0.19935492958084464,0.18917547752070388,0.19491370919411116
3.4334290226333577,3.4334290226333577,5.00422534942825,5.00422534942825,0.19241101612292688,0.19906659526894918,0.18924798759989894,0.19503944205887025
3.4834290226333575,3.4834290226333575,5.05422534942825,5.05422534942825,0.1922281989687067,0.19881329221162244,0.18929393259969132,0.19513087863072232
3.5334290226333573,3.5334290226333573,5.1042253494282495,5.1042253494282495,0.1920678774891747,0.19858920878635367,0.1893182840476992,0.19519383306881344
3.583429022633357,3.583429022633357,5.154225349428249,5.154225349428249,0.19192574912676297,0.19838932912615126,0.18932494937836955,0.19523317925721478
3.633429022633357,3.633429022633357,5.204225349428249,5.204225349428249,0.19179826909844094,0.19820915622815213,0.18931721291206324,0.19525290164749717
3.683429022633357,3.683429022633357,5.254225349428249,5.254225349428249,0.19168303438477544,0.19804567933863232,0.18929798595558156,0.19525651598393423
3.7334290226333566,3.7334290226333566,5.304225349428249,5.304225349428249,0.19157767916115542,0.19789593776407793,0.18926921310455486,0.1952466125432347
3.7834290226333565,3.7834290226333565,5.354225349428249,5.354225349428249,0.19148027087526218,0.19775782287849128,0.1892328629613252,0.19522558038395418
3.8334290226333563,3.8334290226333563,5.404225349428248,5.404225349428248,0.19138953712641293,0.19762926770510017,0.18919018945952837,0.1951952376051054
3.883429022633356,3.883429022633356,5.454225349428248,5.454225349428248,0.19130403394818443,0.19750865469006867,0.18914276823969361,0.19515730405841333
3.933429022633356,3.933429022633356,5.504225349428248,5.504225349428248,0.19122276813789182,0.19739471420229954,0.18909122353080793,0.1951129695469698
3.9834290226333557,3.9834290226333557,5.554225349428248,5.554225349428248,0.19114529469317817,0.19728623164940046,0.18903661215256082,0.19506344787065613
4.033429022633356,4.033429022633356,5.604225349428248,5.604225349428248,0.19107039892604327,0.19718263814382553,0.18897925854528425,0.19500959057931624
4.083429022633355,4.083429022633355,5.6542253494282475,5.6542253494282475,0.19099803240712987,0.1970827293604149,0.1889200804232646,0.19495191745465973
4.133429022633355,4.133429022633355,5.704225349428247,5.704225349428247,0.19092748704699722,0.19698651893362526,0.18885921133974093,0.19489140113655093
4.183429022633355,4.183429022633355,5.754225349428247,5.754225349428247,0.19085860179530045,0.19689268615503583,0.18879716970349875,0.19482845388276587
4.233429022633355,4.233429022633355,5.804225349428247,5.804225349428247,0.19079087790236104,0.19680146382073183,0.18873399666430926,0.1947633682189928
4.283429022633355,4.283429022633355,5.854225349428247,5.854225349428247,0.19072419913512353,0.19671224364905374,0.18867026148675964,0.19469666853755113
4.3334290226333545,4.3334290226333545,5.904225349428247,5.904225349428247,0.1906583955046268,0.19662484319402335,0.18860593852510749,0.1946287020106409
4.383429022633354,4.383429022633354,5.954225349428246,5.954225349428246,0.19059317970514045,0.19653873264688956,0.18854133373248436,0.19455945487887932
4.433429022633354,4.433429022633354,6.004225349428246,6.004225349428246,0.190528741881656,0.19645393730461536,0.18847624245803468,0.19448931493336996
4.483429022633354,4.483429022633354,6.054225349428246,6.054225349428246,0.19046469471483923,0.19637015315454912,0.18841108348987118,0.1944184784681531
4.533429022633354,4.533429022633354,6.104225349428246,6.104225349428246,0.19040092705828895,0.19628748006989666,0.18834579159377543,0.19434693993034294
4.583429022633354,4.583429022633354,6.154225349428246,6.154225349428246,0.1903377765244259,0.19620562368317906,0.18828039227291501,0.19427491456297538
4.633429022633353,4.633429022633353,6.2042253494282456,6.2042253494282456,0.19027471597880194,0.19612437139069566,0.18821510529409263,0.19420266730047273
4.683429022633353,4.683429022633353,6.254225349428245,6.254225349428245,0.19021205463948038,0.19604373907160047,0.18814979004116542,0.19412987534826617
4.733429022633353,4.733429022633353,0.021040042248659067,0.021040042248659067,0.1901495890044142,0.19596371407112143,0.18808456174595267,0.19405709424278178
4.783429022633353,4.783429022633353,0.07104004224865917,0.07104004224865917,0.19008734052178305,0.19588444634443739,0.18802307490956247,0.1939879392881545
4.833429022633353,4.833429022633353,0.12104004224865926,0.12104004224865926,0.19002608336001273,0.19580647399925175,0.1879719810370324,0.1939288560174442
4.8834290226333525,4.8834290226333525,0.17104004224865935,0.17104004224865935,0.1899668762422836,0.1957304756703487,0.18793274297542129,0.19388154122645404
4.933429022633352,4.933429022633352,0.22104004224865945,0.22104004224865945,0.18991067894752017,0.1956582483222866,0.1879043089733479,0.19384501786661623
4.983429022633352,4.983429022633352,0.2710400422486595,0.2710400422486595,0.18985810419699534,0.19558979153263262,0.18788574300352184,0.19381833048358774
5.033429022633352,5.033429022633352,0.32104004224865956,0.32104004224865956,0.18980992161967875,0.1955257792742539,0.18787638599416284,0.19380069801804664
5.083429022633352,5.083429022633352,0.3710400422486596,0.3710400422486596,0.18976632484678882,0.1954668346118048,0.18787557063811644,0.19379159925422815
5.133429022633352,5.133429022633352,0.42104004224865965,0.42104004224865965,0.1897275091558094,0.19541313511629949,0.18788286208235244,0.19379066507203493
5.1834290226333515,5.1834290226333515,0.4710400422486597,0.4710400422486597,0.1896939428315332,0.19536485575246249,0.18789766028346205,0.19379703075585566
5.233429022633351,5.233429022633351,0.5210400422486597,0.5210400422486597,0.18966572507537793,0.19532209374145026,0.18791798277090305,0.1938088270072082
5.283429022633351,5.283429022633351,0.5710400422486598,0.5710400422486598,0.18964250512644382,0.1952847996751666,0.18794297039525876,0.19382549530497364
5.333429022633351,5.333429022633351,0.6210400422486598,0.6210400422486598,0.1896248196556269,0.1952529966752067,0.1879740403491857,0.19384805985108294
5.383429022633351,5.383429022633351,0.6710400422486599,0.6710400422486599,0.1896121131384462,0.19522710502324125,0.1880112636286514,0.19387666909149207
5.433429022633351,5.433429022633351,0.7210400422486599,0.7210400422486599,0.18960512985813172,0.19520657202150288,0.18806428638353043,0.1939128579050423
5.48342902263335,5.48342902263335,0.77104004224866,0.77104004224866,0.18960471945811314,0.19519282117057316,0.18814167269701937,0.19396727630550806
5.53342902263335,5.53342902263335,0.82104004224866,0.82104004224866,0.1896129241973002,0.19518744412467626,0.1882424432181412,0.19404431562976723
5.58342902263335,5.58342902263335,0.87104004224866,0.87104004224866,0.1896310026301183,0.1951917075840718,0.18836459831878122,0.19414292485118936
5.63342902263335,5.63342902263335,0.9210400422486601,0.9210400422486601,0.18965987166396162,0.19520702088536782,0.188506141349282,0.19426108964575914
5.68342902263335,5.68342902263335,0.9710400422486601,0.9710400422486601,0.18970040995497645,0.19523375881751945,0.18866553587221102,0.19439715111583125
5.7334290226333495,5.7334290226333495,1.02104004224866,1.02104004224866,0.18975268270636714,0.19527257781512017,0.18884072728722684,0.19454917624454232
5.783429022633349,5.783429022633349,1.0710400422486601,1.0710400422486601,0.18981726951406436,0.19532345050061053,0.18902924512508648,0.19471508008154895
5.833429022633349,5.833429022633349,1.1210400422486602,1.1210400422486602,0.18989369061709047,0.19538619404442062,0.18921422810953434,0.19487812954302233
5.883429022633349,5.883429022633349,1.1710400422486602,1.1710400422486602,0.18998414628470933,0.19546226331696903,0.18950754658997346,0.1951429218953936
5.933429022633349,5.933429022633349,1.2210400422486603,1.2210400422486603,0.19009650756926252,0.19556081128680855,0.18987469457515763,0.195486462166742
5.983429022633349,5.983429022633349,1.2710400422486603,1.2710400422486603,0.19024061170909076,0.19569370016698961,0.19020978063694155,0.1963682172233789
6.0334290226333485,6.0334290226333485,1.3210400422486603,1.3210400422486603,0.1904532340224565,0.1959077171185378,0.19133419652325018,0.19771961436145385
6.083429022633348,6.083429022633348,1.3710400422486604,1.3710400422486604,0.1907708221735113,0.19623500387515058,0.19285995360596478,0.19877040206942861
6.133429022633348,6.133429022633348,1.4210400422486604,1.4210400422486604,0.19117654669052372,0.1966451759995696,0.1945203405367591,0.1994833576533159
6.183429022633348,6.183429022633348,1.4710400422486605,1.4710400422486605,0.1917343967085046,0.1971965720708246,0.195626378035656,0.20194320177027392
6.233429022633348,6.233429022633348,1.5210400422486605,1.5210400422486605,0.19241128806915322,0.19788137287375,0.19863478089930725,0.20503144487753297
0.00024371545376140614,0.00024371545376140614,1.5710400422486606,1.5710400422486606,0.1932806220682913,0.19879311614466394,0.20128433182383962,0.206261804004954
0.05024371545376148,0.05024371545376148,1.6210400422486606,1.6210400422486606,0.19436853968074438,0.19990335438409468,0.20279390445427478,0.21128088645979745
0.10024371545376155,0.10024371545376155,1.6710400422486607,1.6710400422486607,0.19560558994186394,0.20119188954389353,0.2084864682694173,0.2120725420730774
0.1502437154537616,0.1502437154537616,1.7210400422486607,1.7210400422486607,0.19714265825724697,0.20276251830283723,0.2085749170834326,0.21946785525084933
0.20024371545376168,0.20024371545376168,1.7710400422486607,1.7710400422486607,0.1988189411056394,0.20456767555423971,0.21563548649885303,0.21884326498164014
0.25024371545376173,0.25024371545376173,1.8210400422486608,1.8210400422486608,0.20100274365074355,0.20662456666889714,0.21921108489385283,0.22463029255551117
0.3002437154537618,0.3002437154537618,1.8710400422486608,1.8710400422486608,0.20340024450451327,0.20917559965647692,0.2184882919439472,0.23273611059621702
0.3502437154537618,0.3502437154537618,1.9210400422486609,1.9210400422486609,0.2058278822877752,0.21180892383366293,0.2278282943404576,0.23046133196717622
0.40024371545376186,0.40024371545376186,1.971040042248661,1.971040042248661,0.2089232049435518,0.21463718666184045,0.23865337385453786,0.23413070990421053
0.4502437154537619,0.4502437154537619,2.0210400422486607,2.0210400422486607,0.21262768991631167,0.21810411801614643,0.2363826900551025,0.24574925020320748
0.5002437154537619,0.5002437154537619,2.0710400422486606,2.0710400422486606,0.21597742597207206,0.22181813407727194,0.2344570672665023,0.25124965674551175
0.5502437154537619,0.5502437154537619,2.1210400422486604,2.1210400422486604,0.21877239286977673,0.22495677800750044,0.24253905347289353,0.24782100872349874
0.600243715453762,0.600243715453762,2.17104004224866,2.17104004224866,0.22213095990266626,0.2280680533719519,0.25684955454443364,0.2489256089892038
0.650243715453762,0.650243715453762,2.22104004224866,2.22104004224866,0.22699743718695992,0.23218579221566854,0.27039135227552547,0.25785658132581774
0.7002437154537621,0.7002437154537621,2.27104004224866,2.27104004224866,0.23301485316229145,0.23752534709535442,0.2688501562875794,0.27038430471960023
0.7502437154537621,0.7502437154537621,2.3210400422486597,2.3210400422486597,0.23783133491700587,0.24263938008163724,0.26346367592784825,0.28206566306210334
0.8002437154537622,0.8002437154537622,2.3710400422486595,2.3710400422486595,0.24137924153177095,0.24697885503464564,0.26154273560495267,0.27935436645631534
0.8502437154537622,0.8502437154537622,2.4210400422486593,2.4210400422486593,0.24405990594346041,0.25014516719669666,0.2672057598247778,0.27545908475138825
0.9002437154537622,0.9002437154537622,2.471040042248659,2.471040042248659,0.24706596015356053,0.25307213599320877,0.2789696561751284,0.27486657304958445
0.9502437154537623,0.9502437154537623,2.521040042248659,2.521040042248659,0.2511602131630754,0.2565541798932136,0.2922988939760718,0.27925606263362646
1.0002437154537622,1.0002437154537622,2.571040042248659,2.571040042248659,0.2564617502839712,0.26100109676006467,0.30348620269149446,0.2876740079195216
1.0502437154537623,1.0502437154537623,2.6210400422486586,2.6210400422486586,0.26273072266536407,0.266376000747075,0.3120292027607735,0.29705190651409125
1.1002437154537623,1.1002437154537623,2.6710400422486584,2.6710400422486584,0.2687151312560338,0.2718477719795176,0.30771487610391585,0.304921539405817
1.1502437154537624,1.1502437154537624,2.7210400422486583,2.7210400422486583,0.2731956612265413,0.27653593722492525,0.30229855493576535,0.3115387409385155
1.2002437154537624,1.2002437154537624,2.771040042248658,2.771040042248658,0.27649919500275044,0.280431949135867,0.2986932345242627,0.309049737981402
1.2502437154537624,1.2502437154537624,2.821040042248658,2.821040042248658,0.2790942449299631,0.28347821835704823,0.29896512360703964,0.3051361155144219
1.3002437154537625,1.3002437154537625,2.8710400422486577,2.8710400422486577,0.2814268333986156,0.28599394241174075,0.30160085692191213,0.30207612190158695
1.3502437154537625,1.3502437154537625,2.9210400422486575,2.9210400422486575,0.2837792177785381,0.28826330299959874,0.3052764434055652,0.3027093878906584
1.4002437154537626,1.4002437154537626,2.9710400422486574,2.9710400422486574,0.28631919055342975,0.2904720405473023,0.3068915353555147,0.3044324968072641
1.4502437154537626,1.4502437154537626,3.021040042248657,3.021040042248657,0.28864288779676883,0.29251788897644704,0.3058462213216242,0.30458092458182157
1.5002437154537627,1.5002437154537627,3.071040042248657,3.071040042248657,0.2905352606642506,0.29419803872150535,0.3023131067480838,0.30225658574429126
1.5502437154537627,1.5502437154537627,3.121040042248657,3.121040042248657,0.29229802028349966,0.295283916656251,0.29812612439951547,0.2976134562355063
1.6002437154537628,1.6002437154537628,3.1710400422486567,3.1710400422486567,0.2929074584262423,0.29601920122105935,0.2969047881836652,0.2907221240589728
1.6502437154537628,1.6502437154537628,3.2210400422486565,3.2210400422486565,0.2934608362360846,0.2960131311871128,0.29616555373046505,0.2843959580395245
1.7002437154537628,1.7002437154537628,3.2710400422486563,3.2710400422486563,0.2943149666597932,0.2957292823456493,0.2905849364873938,0.28286691533658287
1.750243715453763,1.750243715453763,3.321040042248656,3.321040042248656,0.2935423778754296,0.29493560337773755,0.2819818663481069,0.28301384412258396
1.800243715453763,1.800243715453763,3.371040042248656,3.371040042248656,0.29204330741281753,0.29369342707606255,0.2714565289221544,0.2752153120859034
1.850243715453763,1.850243715453763,3.4210400422486558,3.4210400422486558,0.2904289705427701,0.29144254997010194,0.25965756857185546,0.2652003800562058
1.900243715453763,1.900243715453763,3.4710400422486556,3.4710400422486556,0.2873597248267561,0.2882465553901661,0.25207060388283553,0.25414481891251667
1.950243715453763,1.950243715453763,3.5210400422486554,3.5210400422486554,0.28336091070002045,0.2839048365093835,0.2521326737732736,0.24386491104465077
2.000243715453763,2.000243715453763,3.5710400422486552,3.5710400422486552,0.2811934309463623,0.2801322097234062,0.24362530644619534,0.24239371871834273
2.050243715453763,2.050243715453763,3.621040042248655,3.621040042248655,0.2767382948160597,0.27659855689328344,0.23300536171658628,0.23674670110732823
2.1002437154537628,2.1002437154537628,3.671040042248655,3.671040042248655,0.2708482854600344,0.2710882399479118,0.2294420479309164,0.22879724670034035
2.1502437154537626,2.1502437154537626,3.7210400422486547,3.7210400422486547,0.26475047216916053,0.26635862252924664,0.22255863784042768,0.22351711967064872
2.2002437154537624,2.2002437154537624,3.7710400422486545,3.7710400422486545,0.2591694480422276,0.2612257865551039,0.21757054463674366,0.21813241545707257
2.2502437154537622,2.2502437154537622,3.8210400422486543,3.8210400422486543,0.25446268140534517,0.25481031585467645,0.211241692952181,0.2120463943167091
2.300243715453762,2.300243715453762,3.871040042248654,3.871040042248654,0.24782136310151334,0.24833501046008177,0.20656977022229128,0.20851689619409167
2.350243715453762,2.350243715453762,3.921040042248654,3.921040042248654,0.24254510742314542,0.2432083911448777,0.2021694989958617,0.20502466215629153
2.4002437154537617,2.4002437154537617,3.971040042248654,3.971040042248654,0.2372174182962189,0.2370753443529491,0.19861548213435223,0.20150305982952213
2.4502437154537615,2.4502437154537615,4.021040042248654,4.021040042248654,0.2313417947985439,0.2330785157493911,0.1953363152052071,0.1981441385900762
