4.457574220138723,4.457574220138723,2.8867778933438313,2.8867778933438313,0.2047417329697004,0.20613608203311812,0.22455362925491126,0.21961119379339233
4.507574220138723,4.507574220138723,2.936777893343831,2.936777893343831,0.2063363238212115,0.2068509271464462,0.22297314495537554,0.2178056607608806
4.557574220138723,4.557574220138723,2.986777893343831,2.986777893343831,0.20767862127885778,0.2077886481202616,0.22167382198801994,0.21627488982262527
4.607574220138723,4.607574220138723,3.0367778933438307,3.0367778933438307,0.20876712081822096,0.20876093687492986,0.22035720525322697,0.21499609656646462
4.657574220138723,4.657574220138723,3.0867778933438306,3.0867778933438306,0.20962419963842055,0.20956236970159603,0.21919379569796751,0.2139304506789059
4.7075742201387225,4.7075742201387225,3.1367778933438304,3.1367778933438304,0.2102884157635234,0.21018393432625274,0.2181824010365662,0.2130204980047248
4.757574220138722,4.757574220138722,3.18677789334383,3.18677789334383,0.210793546724922,0.21065228021218835,0.21729298700556182,0.21222457667628303
4.807574220138722,4.807574220138722,3.23677789334383,3.23677789334383,0.21116703552214008,0.21099431805793614,0.21651705989652936,0.21153464250026519
4.857574220138722,4.857574220138722,3.28677789334383,3.28677789334383,0.21143328973730954,0.21123457212441873,0.2158486949127463,0.21094595831801496
4.907574220138722,4.907574220138722,3.3367778933438297,3.3367778933438297,0.21161344969113205,0.21139344639036298,0.21527083448602963,0.2104419945258963
4.957574220138722,4.957574220138722,3.3867778933438295,3.3867778933438295,0.21172454285514108,0.21148735286127368,0.2147664079971954,0.21000642874742595
5.007574220138721,5.007574220138721,3.4367778933438293,3.4367778933438293,0.21178039307748497,0.21152954447866817,0.2143209938031663,0.20962586066968067
5.057574220138721,5.057574220138721,3.486777893343829,3.486777893343829,0.21179179796785044,0.21153010462827812,0.21392352513245058,0.20929000471561182
5.107574220138721,5.107574220138721,3.536777893343829,3.536777893343829,0.21176762121818501,0.21149758195348314,0.21356485237919876,0.20898966183551682
5.157574220138721,5.157574220138721,3.586777893343829,3.586777893343829,0.21171494115466338,0.2114386665466348,0.2132381055467803,0.20871884233447494
5.207574220138721,5.207574220138721,3.6367778933438286,3.6367778933438286,0.21163955271844023,0.21135879952869804,0.21293703667316669,0.2084712285739435
5.2575742201387206,5.2575742201387206,3.6867778933438284,3.6867778933438284,0.21154587404794395,0.21126221440463788,0.2126572684896966,0.20824318313453555
5.30757422013872,5.30757422013872,3.7367778933438283,3.7367778933438283,0.21143790956605138,0.21115253099811382,0.21239508805575935,0.20803096745474114
5.35757422013872,5.35757422013872,3.786777893343828,3.786777893343828,0.21131849749950807,0.21103258964797753,0.21214738282295645,0.20783150946348125
5.40757422013872,5.40757422013872,3.836777893343828,3.836777893343828,0.2111903122207872,0.21090455731086938,0.2119114392514487,0.2076427226914878
5.45757422013872,5.45757422013872,3.8867778933438277,3.8867778933438277,0.21105505071640987,0.21077034582703613,0.21168574662991183,0.20746277959842163
5.50757422013872,5.50757422013872,3.9367778933438276,3.9367778933438276,0.21091448432092075,0.21063133498943568,0.21146826200297436,0.20729028407804015
5.5575742201387195,5.5575742201387195,3.9867778933438274,3.9867778933438274,0.2107697607944295,0.21048877615620118,0.2112577834497345,0.20712389002498371
5.607574220138719,5.607574220138719,4.036777893343827,4.036777893343827,0.21062199746758414,0.21034353464024141,0.21105359833132675,0.2069624237020241
5.657574220138719,5.657574220138719,4.086777893343827,4.086777893343827,0.21047215325620094,0.21019659673738078,0.21085426837039145,0.20680523336926046
5.707574220138719,5.707574220138719,4.136777893343827,4.136777893343827,0.210320591497103,0.21004827552320526,0.2106597338708269,0.2066523053098282
5.757574220138719,5.757574220138719,4.186777893343827,4.186777893343827,0.21016817638814003,0.20989929578955072,0.21046872929274318,0.20650212455438913
5.807574220138719,5.807574220138719,4.2367778933438265,4.2367778933438265,0.21001506061685157,0.20974990426158244,0.21028139233003057,0.206354958411174
5.857574220138718,5.857574220138718,4.286777893343826,4.286777893343826,0.20986186330107068,0.2096004727582377,0.2100969990825285,0.2062101627696113
5.907574220138718,5.907574220138718,4.336777893343826,4.336777893343826,0.2097086884071235,0.20945124884522318,0.2099154577344718,0.2060677667397686
5.957574220138718,5.957574220138718,4.386777893343826,4.386777893343826,0.20955582064158648,0.20930239828938516,0.20973637150373717,0.2059273823027049
6.007574220138718,6.007574220138718,4.436777893343826,4.436777893343826,0.2094033916498394,0.2091541008739529,0.20955961517894153,0.2057886411613971
6.057574220138718,6.057574220138718,4.486777893343826,4.486777893343826,0.20925162000473788,0.20900651675501777,0.20938489528190027,0.2056516027999182
6.1075742201387175,6.1075742201387175,4.536777893343825,4.536777893343825,0.20910060879971717,0.20885966470593934,0.20921221055854716,0.2055160526510988
6.157574220138717,6.157574220138717,4.586777893343825,4.586777893343825,0.20895044524942266,0.20871369961293496,0.20904146398970366,0.20538215890951034
6.207574220138717,6.207574220138717,4.636777893343825,4.636777893343825,0.2088011353797591,0.2085685967387701,0.2088724368305027,0.20524946049845758
6.257574220138717,6.257574220138717,4.686777893343825,4.686777893343825,0.2086527495299205,0.2084244689428731,0.20870493188636438,0.20511805165189229
0.024388912959130697,0.024388912959130697,4.736777893343825,4.736777893343825,0.20850547883527223,0.208281470008744,0.20853926327392333,0.20498800312560655
0.0743889129591308,0.0743889129591308,4.7867778933438245,4.7867778933438245,0.20837025148108132,0.2081504721542748,0.208375341965772,0.20485948445686042
0.12438891295913089,0.12438891295913089,4.836777893343824,4.836777893343824,0.20826556883311856,0.20805072237472308,0.20821542544736216,0.20473429953679717
0.17438891295913098,0.17438891295913098,4.886777893343824,4.886777893343824,0.2081788428474498,0.20797118745979185,0.20806227676181815,0.2046156941705245
0.22438891295913108,0.22438891295913108,4.936777893343824,4.936777893343824,0.20810021960899863,0.20789976540748975,0.20791633290700304,0.20450378171572275
0.27438891295913115,0.27438891295913115,4.986777893343824,4.986777893343824,0.20802960664499204,0.20783642416668605,0.20777731135842128,0.20439865180248232
0.3243889129591312,0.3243889129591312,5.036777893343824,5.036777893343824,0.20796701722940183,0.20778097381150443,0.20764556206702542,0.20430027599096814
0.37438891295913124,0.37438891295913124,5.0867778933438235,5.0867778933438235,0.20791224244205167,0.20773337621546747,0.20752090319163752,0.20420868176722684
0.4243889129591313,0.4243889129591313,5.136777893343823,5.136777893343823,0.20786472745627668,0.20769312029447892,0.2074032283216613,0.20412368571113926
0.4743889129591313,0.4743889129591313,5.186777893343823,5.186777893343823,0.20782434421061113,0.20766003489960413,0.20729261108647062,0.20404548591402238
0.5243889129591314,0.5243889129591314,5.236777893343823,5.236777893343823,0.20778910508277368,0.20763202963338878,0.20718882594490248,0.20397399325084578
0.5743889129591314,0.5743889129591314,5.286777893343823,5.286777893343823,0.2077590168678821,0.20760916800182133,0.20709176195257661,0.20390856156835593
0.6243889129591315,0.6243889129591315,5.336777893343823,5.336777893343823,0.20773507994457707,0.20759255931248322,0.2070015528085905,0.203849828296366
0.6743889129591315,0.6743889129591315,5.386777893343822,5.386777893343822,0.2077170508565269,0.20758190729131754,0.20691770488468142,0.2037970021786873
0.7243889129591315,0.7243889129591315,5.436777893343822,5.436777893343822,0.20770476268806315,0.20757702503900355,0.20684037504475541,0.20375035709166409
0.7743889129591316,0.7743889129591316,5.486777893343822,5.486777893343822,0.2076976398974147,0.20757728067959907,0.20676933679642173,0.20370977637488244
0.8243889129591316,0.8243889129591316,5.536777893343822,5.536777893343822,0.20769717981703528,0.20758319423341992,0.20670446746716425,0.20367502032998785
0.8743889129591317,0.8743889129591317,5.586777893343822,5.586777893343822,0.20771259345762433,0.20760388727089085,0.2066461009020205,0.20364657164162472
0.9243889129591317,0.9243889129591317,5.6367778933438215,5.6367778933438215,0.20774931039677816,0.20764568255017518,0.20659550272701863,0.20362552729884442
0.9743889129591318,0.9743889129591318,5.686777893343821,5.686777893343821,0.20780612878029114,0.2077075352308436,0.20655402979979032,0.2036130294324431
1.0243889129591317,1.0243889129591317,5.736777893343821,5.736777893343821,0.2078805299622413,0.20778715313873933,0.20652299179302536,0.20361062259018597
1.0743889129591317,1.0743889129591317,5.786777893343821,5.786777893343821,0.2079679705412513,0.20787596751785894,0.20650253004791522,0.20361847808868272
1.1243889129591318,1.1243889129591318,5.836777893343821,5.836777893343821,0.20807954010681187,0.20797525415282445,0.20649278100394602,0.20363661829816151
1.1743889129591318,1.1743889129591318,5.886777893343821,5.886777893343821,0.20821036102217197,0.2081388098977945,0.20649415100539092,0.20366616508702534
1.2243889129591319,1.2243889129591319,5.9367778933438204,5.9367778933438204,0.20838639400014175,0.20844666971755704,0.2065121672088897,0.2037140371122338
1.274388912959132,1.274388912959132,5.98677789334382,5.98677789334382,0.20876130334468193,0.20885528236367387,0.20655137302779436,0.20378676779324179
1.324388912959132,1.324388912959132,6.03677789334382,6.03677789334382,0.20921870756551264,0.20951062254295716,0.20663647860136963,0.20390966660816873
1.374388912959132,1.374388912959132,6.08677789334382,6.08677789334382,0.21015500128330883,0.21081374134189226,0.20677172831870846,0.20408967089516405
1.424388912959132,1.424388912959132,6.13677789334382,6.13677789334382,0.21130366849533558,0.21233517625316015,0.20703445923086966,0.20439177901686753
1.474388912959132,1.474388912959132,6.18677789334382,6.18677789334382,0.21370839001403047,0.21322987143112976,0.2074561406886474,0.20485044390523388
1.5243889129591321,1.5243889129591321,6.236777893343819,6.236777893343819,0.2156938964107401,0.21684079039232443,0.2080003759321526,0.20543724738584054
1.5743889129591322,1.5743889129591322,0.003592586164233036,0.003592586164233036,0.2193895092910278,0.21774759616139597,0.20881259128056726,0.20625399781072193
1.6243889129591322,1.6243889129591322,0.05359258616423311,0.05359258616423311,0.22049276646399305,0.22216899193414175,0.20977139967639694,0.20724065977802908
1.6743889129591323,1.6743889129591323,0.10359258616423318,0.10359258616423318,0.2261991906279602,0.22317894764712862,0.21097695489513024,0.2084402529845366
1.7243889129591323,1.7243889129591323,0.15359258616423324,0.15359258616423324,0.22582772665372933,0.22854454875688834,0.2124275298800128,0.20988946845261247
1.7743889129591324,1.7743889129591324,0.2035925861642333,0.2035925861642333,0.23365277437137794,0.22864856375986425,0.21399854501756213,0.21145990814439972
1.8243889129591324,1.8243889129591324,0.25359258616423336,0.25359258616423336,0.23904158930722802,0.23623761285801015,0.21613749297673437,0.21341784523361632
1.8743889129591325,1.8743889129591325,0.3035925861642334,0.3035925861642334,0.2368815499923238,0.2366240043400186,0.21840051979132585,0.21562805525681059
1.9243889129591325,1.9243889129591325,0.35359258616423345,0.35359258616423345,0.24225432301124827,0.23835550072066772,0.2203520743910677,0.21753699520025002
1.9743889129591325,1.9743889129591325,0.4035925861642335,0.4035925861642335,0.25411409435295357,0.24789542179848043,0.2230376579227064,0.22007554074595143
2.0243889129591324,2.0243889129591324,0.45359258616423354,0.45359258616423354,0.2591102617358472,0.24796801374487193,0.22692923370545093,0.22368666314457594
2.074388912959132,2.074388912959132,0.5035925861642335,0.5035925861642335,0.2558193732321321,0.247288574271144,0.22986321157038372,0.2262859758082251
2.124388912959132,2.124388912959132,0.5535925861642336,0.5535925861642336,0.25679997705457125,0.25533013160354,0.23227115270885812,0.22857231818833415
2.174388912959132,2.174388912959132,0.6035925861642336,0.6035925861642336,0.2653017681830474,0.2667585458868932,0.2353419626931928,0.23178444864076275
2.2243889129591317,2.2243889129591317,0.6535925861642337,0.6535925861642337,0.27775674153061075,0.26545575219812567,0.2395371608797139,0.23603040836612602
2.2743889129591315,2.2743889129591315,0.7035925861642337,0.7035925861642337,0.2899596025040583,0.2618878650431977,0.24399522200106383,0.23992096222750925
2.3243889129591313,2.3243889129591313,0.7535925861642337,0.7535925861642337,0.28869142682327537,0.2648946290419512,0.248336081994822,0.24335012226638722
2.374388912959131,2.374388912959131,0.8035925861642338,0.8035925861642338,0.28440037847028193,0.27468326326617953,0.2518778699255219,0.246439872880149
2.424388912959131,2.424388912959131,0.8535925861642338,0.8535925861642338,0.2827208436804907,0.2860340442484344,0.25512795529081544,0.24992078898636805
2.4743889129591308,2.4743889129591308,0.9035925861642339,0.9035925861642339,0.2857303199867504,0.2921433405678763,0.2585561660745807,0.2540037244204323
2.5243889129591306,2.5243889129591306,0.9535925861642339,0.9535925861642339,0.2931487302621933,0.2880567056905421,0.26190831381265617,0.2578211174483661
2.5743889129591304,2.5743889129591304,1.0035925861642339,1.0035925861642339,0.3030671650965604,0.284705951208546,0.2652960918915691,0.2611053644055958
2.6243889129591302,2.6243889129591302,1.053592586164234,1.053592586164234,0.31174894907801876,0.28565659089559264,0.2690060069082185,0.2642786988203093
2.67438891295913,2.67438891295913,1.103592586164234,1.103592586164234,0.318151084888305,0.29055989422967826,0.27307429306656306,0.26764193337406117
2.72438891295913,2.72438891295913,1.153592586164234,1.153592586164234,0.3160973383351357,0.2968964639477369,0.27719148938539295,0.27122071434667683
2.7743889129591297,2.7743889129591297,1.203592586164234,1.203592586164234,0.3117538724001805,0.3017864893831243,0.28067103244838504,0.274631068108336
2.8243889129591295,2.8243889129591295,1.253592586164234,1.253592586164234,0.30862460284746873,0.30479875038691645,0.28358090563341476,0.2778413433677739
2.8743889129591293,2.8743889129591293,1.3035925861642341,1.3035925861642341,0.30833727752457685,0.30245923039216493,0.2860705051774908,0.2807335069087289
2.924388912959129,2.924388912959129,1.3535925861642342,1.3535925861642342,0.30945707487106344,0.2994556555367534,0.2880964053597139,0.2832650013235366
2.974388912959129,2.974388912959129,1.4035925861642342,1.4035925861642342,0.309071995600605,0.2978362045186586,0.28990498014565846,0.28514275671181577
3.024388912959129,3.024388912959129,1.4535925861642343,1.4535925861642343,0.30620940460750345,0.2978980335450911,0.29134641166705644,0.28734872500277087
3.0743889129591286,3.0743889129591286,1.5035925861642343,1.5035925861642343,0.30099094894965306,0.295819309289573,0.29227073723017316,0.2886403722897345
3.1243889129591285,3.1243889129591285,1.5535925861642343,1.5535925861642343,0.29372714391338306,0.2915867266870146,0.29261386122395644,0.28921722089748936
3.1743889129591283,3.1743889129591283,1.6035925861642344,1.6035925861642344,0.2899610903720924,0.28531191154085533,0.2921554648169004,0.2902569222974966
3.224388912959128,3.224388912959128,1.6535925861642344,1.6535925861642344,0.28964910214718037,0.27805082319391566,0.29229229631059206,0.28949250015126354
3.274388912959128,3.274388912959128,1.7035925861642345,1.7035925861642345,0.2849537596285038,0.27549053385294614,0.29128262416438944,0.2887310476935016
3.3243889129591278,3.3243889129591278,1.7535925861642345,1.7535925861642345,0.27540661696108953,0.27574529658020247,0.2900566555147533,0.2876768592681276
3.3743889129591276,3.3743889129591276,1.8035925861642346,1.8035925861642346,0.2642311065767498,0.2679365640117601,0.287838268973824,0.2873267357640034
3.4243889129591274,3.4243889129591274,1.8535925861642346,1.8535925861642346,0.2528745557696423,0.25838248413674914,0.28520461237343975,0.2845253842300067
3.474388912959127,3.474388912959127,1.9035925861642347,1.9035925861642347,0.24949508444974858,0.2485359632407608,0.28100545538732646,0.28137735736843195
3.524388912959127,3.524388912959127,1.9535925861642347,1.9535925861642347,0.2447934476974822,0.2451482930370553,0.27750251143691196,0.2774210275847807
3.574388912959127,3.574388912959127,2.0035925861642347,2.0035925861642347,0.23435545525702386,0.23961993534692297,0.2728607849200213,0.2736815317517895
3.6243889129591267,3.6243889129591267,2.0535925861642346,2.0535925861642346,0.2297387668024409,0.23236230786919548,0.26727164652184876,0.26941569813200855
3.6743889129591265,3.6743889129591265,2.1035925861642344,2.1035925861642344,0.22282018084399477,0.22706918826897796,0.2615536651301869,0.2649086610362916
3.7243889129591263,3.7243889129591263,2.153592586164234,2.153592586164234,0.21785318082616278,0.22154005562099913,0.25558356350182276,0.26086340727296686
3.774388912959126,3.774388912959126,2.203592586164234,2.203592586164234,0.21192017177324984,0.2164721356771122,0.2492999086826326,0.25476247640532945
3.824388912959126,3.824388912959126,2.253592586164234,2.253592586164234,0.20804239824542609,0.21179607043589666,0.24310918973336065,0.25183278003307796
3.874388912959126,3.874388912959126,2.3035925861642337,2.3035925861642337,0.20455304815088907,0.20818486992120475,0.23768964965845474,0.24528219684778868
3.9243889129591256,3.9243889129591256,2.3535925861642335,2.3535925861642335,0.20148207909644686,0.20508170754093763,0.23188070780094863,0.2434966326243881
3.9743889129591254,3.9743889129591254,2.4035925861642333,2.4035925861642333,0.1987939646951584,0.20242807157254777,0.2274818312797934,0.23735310994460576
4.024388912959125,4.024388912959125,2.453592586164233,2.453592586164233,0.1964269179533821,0.2001149101192998,0.2232622968608537,0.23615049812622887
4.074388912959125,4.074388912959125,2.503592586164233,2.503592586164233,0.19452684305508042,0.19831181145673774,0.21908234779350097,0.23122665793094344
4.124388912959125,4.124388912959125,2.553592586164233,2.553592586164233,0.19313878089228867,0.1968261218479694,0.21550669412021234,0.2299337723029563
4.174388912959125,4.174388912959125,2.6035925861642326,2.6035925861642326,0.19226177074336237,0.1959652630333527,0.21214798767041146,0.2263537176638883
4.2243889129591246,4.2243889129591246,2.6535925861642324,2.6535925861642324,0.1916719616438229,0.19501524770721956,0.20917156735307002,0.22561135550085776
4.274388912959124,4.274388912959124,2.7035925861642323,2.7035925861642323,0.19157796762589338,0.19476096032445755,0.20650786758565617,0.22294786159854602
4.324388912959124,4.324388912959124,2.753592586164232,2.753592586164232,0.1916415981353029,0.19496336384935847,0.20414622013245362,0.22288049632832663
4.374388912959124,4.374388912959124,2.803592586164232,2.803592586164232,0.19232593909678902,0.19530662758576767,0.20186794292391233,0.22072156902239345
4.424388912959124,4.424388912959124,2.8535925861642317,2.8535925861642317,0.1933137093127897,0.19583000444161647,0.1999576350413976,0.21981528340476045
4.474388912959124,4.474388912959124,2.9035925861642315,2.9035925861642315,0.1944393888996834,0.19689016154550604,0.1984791535256895,0.2182166326444638
4.5243889129591235,4.5243889129591235,2.9535925861642314,2.9535925861642314,0.1954356128785012,0.1981465501488724,0.1973117206420335,0.21669945256621798
4.574388912959123,4.574388912959123,3.003592586164231,3.003592586164231,0.19625232809631182,0.19929348596325672,0.19635261162809467,0.21535130103516795
4.624388912959123,4.624388912959123,3.053592586164231,3.053592586164231,0.19690493982465143,0.20024211253518362,0.195562493853614,0.21421343464254294
4.674388912959123,4.674388912959123,3.103592586164231,3.103592586164231,0.19742061279176373,0.2010149192949219,0.1949052187010965,0.2132427184025028
4.724388912959123,4.724388912959123,3.1535925861642307,3.1535925861642307,0.19782282449877728,0.2016388854078484,0.19435344075226513,0.21239391988506098
4.774388912959123,4.774388912959123,3.2035925861642305,3.2035925861642305,0.19813059948724643,0.20213513169111497,0.19388748830261268,0.2116407394629822
4.824388912959122,4.824388912959122,3.2535925861642303,3.2535925861642303,0.1983602761136226,0.2025226888318278,0.19349808219908507,0.2109830224528923
4.874388912959122,4.874388912959122,3.30359258616423,3.30359258616423,0.19852679617821012,0.20282046009084162,0.19317305005583343,0.2104164695510417
4.924388912959122,4.924388912959122,3.35359258616423,3.35359258616423,0.19864247191496281,0.20304469731766758,0.1928995281211827,0.2099261220946086
4.974388912959122,4.974388912959122,3.4035925861642298,3.4035925861642298,0.19871743832711825,0.20320866059791623,0.19266740273159988,0.20949843712742705
5.024388912959122,5.024388912959122,3.4535925861642296,3.4535925861642296,0.19875971093845837,0.2033231293609659,0.19246820184913702,0.20912220187610983
5.0743889129591215,5.0743889129591215,3.5035925861642294,3.5035925861642294,0.198775685417234,0.20339715240185904,0.19229564958766707,0.20878805272593834
5.124388912959121,5.124388912959121,3.5535925861642292,3.5535925861642292,0.19877059155796115,0.2034378913068471,0.19214437606953036,0.20848900436932236
5.174388912959121,5.174388912959121,3.603592586164229,3.603592586164229,0.19874868309992694,0.20345143685215236,0.19201043490514916,0.20821869434985152
5.224388912959121,5.224388912959121,3.653592586164229,3.653592586164229,0.19871334001160423,0.2034426613508437,0.19188994902261983,0.20797212010787827
5.274388912959121,5.274388912959121,3.7035925861642287,3.7035925861642287,0.19866730508218264,0.2034157823091702,0.1917805053340734,0.20774560575975362
5.324388912959121,5.324388912959121,3.7535925861642285,3.7535925861642285,0.19861268497724457,0.20337383067961334,0.19168006832329215,0.20753558550472934
5.3743889129591205,5.3743889129591205,3.8035925861642284,3.8035925861642284,0.19855144729755206,0.20332002469734184,0.19158644613043163,0.2073393563986255
5.42438891295912,5.42438891295912,3.853592586164228,3.853592586164228,0.19848484814791,0.2032559945355894,0.19149837247584744,0.20715455592120252
5.47438891295912,5.47438891295912,3.903592586164228,3.903592586164228,0.1984140966416217,0.20318408401026855,0.19141490355674645,0.20697974180418677
5.52438891295912,5.52438891295912,3.953592586164228,3.953592586164228,0.1983401232848399,0.20310560009411857,0.19133481641018674,0.20681287670404186
5.57438891295912,5.57438891295912,4.003592586164228,4.003592586164228,0.19826374761750196,0.203021951603071,0.1912576829160483,0.20665323705024574
5.62438891295912,5.62438891295912,4.0535925861642275,4.0535925861642275,0.19818537594185692,0.2029340561024826,0.19118256849026832,0.2064994404927312
5.674388912959119,5.674388912959119,4.103592586164227,4.103592586164227,0.19810569322241658,0.20284278521299698,0.191109420109026,0.2063506444580078
5.724388912959119,5.724388912959119,4.153592586164227,4.153592586164227,0.19802487501651517,0.20274895717673044,0.19103751469199654,0.20620642038719145
5.774388912959119,5.774388912959119,4.203592586164227,4.203592586164227,0.197943323145161,0.20265306094271532,0.19096679781262424,0.20606588556459088
5.824388912959119,5.824388912959119,4.253592586164227,4.253592586164227,0.19786135217683468,0.20255557673073504,0.190896858705543,0.20592873216761315
5.874388912959119,5.874388912959119,4.303592586164227,4.303592586164227,0.1977788786602304,0.20245689092565247,0.19082769859083742,0.2057946342180375
5.9243889129591185,5.9243889129591185,4.353592586164226,4.353592586164226,0.1976964309492131,0.20235739102211148,0.19075891593972383,0.2056630527612838
5.974388912959118,5.974388912959118,4.403592586164226,4.403592586164226,0.19761371824595977,0.20225731450778395,0.19069053800898592,0.20553372790579952
6.024388912959118,6.024388912959118,4.453592586164226,4.453592586164226,0.19753103428209645,0.20215685748834558,0.19062263480077943,0.2054065985307996
6.074388912959118,6.074388912959118,4.503592586164226,4.503592586164226,0.19744843804834475,0.20205621215883665,0.19055504843506893,0.20528136011592063
6.124388912959118,6.124388912959118,4.553592586164226,4.553592586164226,0.19736603307888634,0.20195566165361328,0.19048732973960256,0.2051574479383635
6.174388912959118,6.174388912959118,4.6035925861642255,4.6035925861642255,0.19728368170993482,0.2018551500569472,0.19042003986935555,0.20503576405779533
6.2243889129591174,6.2243889129591174,4.653592586164225,4.653592586164225,0.19720162177778058,0.20175493983230566,0.19035283185001958,0.20491523369836892
6.274388912959117,6.274388912959117,4.703592586164225,4.703592586164225,0.19711982603872533,0.20165501669444794,0.19028572493068202,0.2047959826259116
0.041203605779530965,0.041203605779530965,4.753592586164225,4.753592586164225,0.1970381079263468,0.2015554489784541,0.190218720424565,0.20467832468214328
0.09120360577953107,0.09120360577953107,4.803592586164225,4.803592586164225,0.19696416761170232,0.2014654758673165,0.19015205944744656,0.20456215507246844
0.14120360577953114,0.14120360577953114,4.853592586164225,4.853592586164225,0.19690199450956636,0.20138761859840557,0.19008692793172358,0.20444861733225816
0.19120360577953124,0.19120360577953124,4.903592586164224,4.903592586164224,0.1968516783135941,0.2013210660867444,0.19002408431511145,0.2043385004246514
0.24120360577953134,0.24120360577953134,4.953592586164224,4.953592586164224,0.19681186535845246,0.20126512489313705,0.18996454813669197,0.20423291206561256
0.2912036057795314,0.2912036057795314,5.003592586164224,5.003592586164224,0.19678198612079437,0.2012187427797566,0.18990890981109315,0.20413239377097087
0.34120360577953146,0.34120360577953146,5.053592586164224,5.053592586164224,0.19676135750621834,0.20118144107141392,0.18985766363868517,0.20403742222947033
0.3912036057795315,0.3912036057795315,5.103592586164224,5.103592586164224,0.19674938082487411,0.2011525654022481,0.1898109547726719,0.20394828148610805
0.44120360577953155,0.44120360577953155,5.1535925861642236,5.1535925861642236,0.1967454644627316,0.20113157380218766,0.1897694056478414,0.20386490185369166
0.4912036057795316,0.4912036057795316,5.203592586164223,5.203592586164223,0.19674903928865894,0.2011178881609695,0.1897329014913455,0.20378786562949713
0.5412036057795316,0.5412036057795316,5.253592586164223,5.253592586164223,0.19675704368173083,0.20110865815976992,0.18970159753786614,0.2037169126374204
0.5912036057795317,0.5912036057795317,5.303592586164223,5.303592586164223,0.19677090914041953,0.2011051955992544,0.18967562032484664,0.20365195542982925
0.6412036057795317,0.6412036057795317,5.353592586164223,5.353592586164223,0.19679116768906643,0.20110807125547045,0.1896547247989299,0.20359307372914415
0.6912036057795318,0.6912036057795318,5.403592586164223,5.403592586164223,0.19681742074859737,0.20111693498082173,0.1896392190221391,0.2035402362133912
0.7412036057795318,0.7412036057795318,5.4535925861642225,5.4535925861642225,0.19685310861503286,0.20113128943958136,0.18962908927273303,0.20349329977538846
0.7912036057795319,0.7912036057795319,5.503592586164222,5.503592586164222,0.1969089589488715,0.20115539414373665,0.18962477471276293,0.20345303543795842
0.8412036057795319,0.8412036057795319,5.553592586164222,5.553592586164222,0.1969883406483056,0.20119885244845054,0.18962781539797285,0.20342018170382178
0.891203605779532,0.891203605779532,5.603592586164222,5.603592586164222,0.19708960661136748,0.20126373867006092,0.1896396302429534,0.20339633730839307
0.941203605779532,0.941203605779532,5.653592586164222,5.653592586164222,0.19721061489555042,0.20134846800670678,0.18966146920079544,0.20338266413799622
0.991203605779532,0.991203605779532,5.703592586164222,5.703592586164222,0.19734956357155792,0.20145107821530217,0.18969402278989542,0.2033801670456884
1.041203605779532,1.041203605779532,5.753592586164221,5.753592586164221,0.1975043990602499,0.2015698508035068,0.18973789454656298,0.20338907826459132
1.091203605779532,1.091203605779532,5.803592586164221,5.803592586164221,0.1976686952753125,0.20169546349826878,0.18979342595329166,0.20340989281958774
1.141203605779532,1.141203605779532,5.853592586164221,5.853592586164221,0.19785829428459725,0.20182182674450033,0.18985996927329454,0.20344164446956997
1.191203605779532,1.191203605779532,5.903592586164221,5.903592586164221,0.19821504581463228,0.2022162667443724,0.18994305483242677,0.20348874985840418
1.2412036057795321,1.2412036057795321,5.953592586164221,5.953592586164221,0.1984922484752099,0.20267286131130766,0.19005968466350887,0.20357176640362218
1.2912036057795322,1.2912036057795322,6.0035925861642205,6.0035925861642205,0.1994416869629871,0.20335874634148632,0.19022761178011488,0.2037096109810426
1.3412036057795322,1.3412036057795322,6.05359258616422,6.05359258616422,0.20048619049882072,0.20471823518098237,0.1904617533803262,0.20390986966012684
1.3912036057795323,1.3912036057795323,6.10359258616422,6.10359258616422,0.2019416952523394,0.20582734571898897,0.190789086024112,0.20421962332783783
1.4412036057795323,1.4412036057795323,6.15359258616422,6.15359258616422,0.20313856252116902,0.20780144697684036,0.19128039120959342,0.20470616388059187
1.4912036057795324,1.4912036057795324,6.20359258616422,6.20359258616422,0.20651823760571256,0.21115090255244306,0.19191003188027103,0.20532724458591425
1.5412036057795324,1.5412036057795324,6.25359258616422,6.25359258616422,0.20763814908533915,0.21224645632738395,0.19273146471470415,0.2061871165792528
1.5912036057795325,1.5912036057795325,0.020407278984633303,0.020407278984633303,0.2116352090984943,0.21662688154783896,0.19370517058629386,0.20715513796344195
1.6412036057795325,1.6412036057795325,0.07040727898463338,0.07040727898463338,0.21368341639318375,0.21909238017906485,0.19491439310112132,0.20844876727803566
1.6912036057795325,1.6912036057795325,0.12040727898463345,0.12040727898463345,0.21871628027092405,0.22185446150816557,0.19632626753617743,0.20987416767507114
1.7412036057795326,1.7412036057795326,0.1704072789846335,0.1704072789846335,0.21944669539022985,0.22869789540951888,0.1979815816733179,0.21165000167764486
1.7912036057795326,1.7912036057795326,0.22040727898463358,0.22040727898463358,0.22662045294532032,0.22764236453891606,0.1998329907439686,0.21362525182260947
1.8412036057795327,1.8412036057795327,0.2704072789846336,0.2704072789846336,0.22590700483048104,0.23491273460960801,0.20183413070251524,0.21565382673613892
1.8912036057795327,1.8912036057795327,0.32040727898463367,0.32040727898463367,0.23245987497663856,0.23939927062981683,0.20416845311916443,0.21823843971290385
1.9412036057795328,1.9412036057795328,0.3704072789846337,0.3704072789846337,0.23498684041710544,0.23828759564367977,0.20678206896735685,0.22089724156187057
1.9912036057795328,1.9912036057795328,0.42040727898463376,0.42040727898463376,0.23647605116042428,0.2465832678247495,0.20904040657820258,0.22326027796673456
2.0412036057795326,2.0412036057795326,0.4704072789846338,0.4704072789846338,0.24579742396939333,0.2531416728540565,0.21216002169368742,0.22666619191219015
2.0912036057795325,2.0912036057795325,0.5204072789846338,0.5204072789846338,0.24537620459428536,0.2502190029598149,0.21541918426042747,0.2300270788624884
2.1412036057795323,2.1412036057795323,0.5704072789846338,0.5704072789846338,0.2464942969203729,0.25428253513093413,0.21777908610016225,0.23249475311046042
2.191203605779532,2.191203605779532,0.6204072789846339,0.6204072789846339,0.2561665294125598,0.26518138902655075,0.22076234976082623,0.23566967712176962
2.241203605779532,2.241203605779532,0.6704072789846339,0.6704072789846339,0.261273373844176,0.26392231653401566,0.22483003234283108,0.23984477378331598
2.2912036057795317,2.2912036057795317,0.720407278984634,0.720407278984634,0.2581997765177675,0.2625624484359173,0.22784586170828325,0.2428273902696559
2.3412036057795316,2.3412036057795316,0.770407278984634,0.770407278984634,0.2609931666877543,0.26850640800643144,0.23035073687797314,0.24540572329404942
2.3912036057795314,2.3912036057795314,0.8204072789846341,0.8204072789846341,0.27037305546089374,0.2793136661351624,0.23354383625258143,0.2487647030618173
2.441203605779531,2.441203605779531,0.8704072789846341,0.8704072789846341,0.2803551369713449,0.28059685764668524,0.23793463913146926,0.2532794920354206
2.491203605779531,2.491203605779531,0.9204072789846341,0.9204072789846341,0.2786629893835763,0.2766494320128214,0.24186488499601905,0.25699459179179174
2.541203605779531,2.541203605779531,0.9704072789846342,0.9704072789846342,0.275605671753348,0.27780491025391396,0.24468042154465658,0.25966105051550337
2.5912036057795307,2.5912036057795307,1.0204072789846341,1.0204072789846341,0.2775583399556365,0.28405874076143584,0.24723922393868122,0.2622541911801462
2.6412036057795305,2.6412036057795305,1.0704072789846342,1.0704072789846342,0.28428949674055165,0.29200747928517606,0.2501430107412331,0.2653287981040077
2.6912036057795303,2.6912036057795303,1.1204072789846342,1.1204072789846342,0.29171027763390134,0.29498176815778054,0.2536388349220558,0.2689885946860634
2.74120360577953,2.74120360577953,1.1704072789846343,1.1704072789846343,0.2972711673874846,0.2911128915470161,0.25720641869047195,0.27242229347079033
2.79120360577953,2.79120360577953,1.2204072789846343,1.2204072789846343,0.294559678763994,0.28907231450312487,0.2604245506515563,0.2752284347401386
2.84120360577953,2.84120360577953,1.2704072789846343,1.2704072789846343,0.2913916813576486,0.2912836185930351,0.26305873481583714,0.27756786014899776
2.8912036057795296,2.8912036057795296,1.3204072789846344,1.3204072789846344,0.29163658510840323,0.2940256164540433,0.2653090055652879,0.27971951408502127
2.9412036057795294,2.9412036057795294,1.3704072789846344,1.3704072789846344,0.2938341168105371,0.29468653902744424,0.26809021734614946,0.2823688579574992
2.9912036057795293,2.9912036057795293,1.4204072789846345,1.4204072789846345,0.29429389410344187,0.2932840826114206,0.2702583233903059,0.28454649564038725
3.041203605779529,3.041203605779529,1.4704072789846345,1.4704072789846345,0.2926294652761813,0.29126058454130316,0.2720925489765268,0.2862882539548491
3.091203605779529,3.091203605779529,1.5204072789846346,1.5204072789846346,0.2893362038086185,0.2891939420175616,0.273870843360377,0.2878387562119534
3.1412036057795287,3.1412036057795287,1.5704072789846346,1.5704072789846346,0.28808614579785913,0.2852613515231275,0.27479370791471514,0.288510193992339
3.1912036057795286,3.1912036057795286,1.6204072789846347,1.6204072789846347,0.28674514670140605,0.2792386640354413,0.27566417674667215,0.28862814554117344
3.2412036057795284,3.2412036057795284,1.6704072789846347,1.6704072789846347,0.28160257928974347,0.27605106095082066,0.27615197090971627,0.288227271044983
3.291203605779528,3.291203605779528,1.7204072789846347,1.7204072789846347,0.27439142202258276,0.27020994109637264,0.2762471677988602,0.288513433314266
3.341203605779528,3.341203605779528,1.7704072789846348,1.7704072789846348,0.2657666500585749,0.26341200365890977,0.27516669530985377,0.28766206445725767
3.391203605779528,3.391203605779528,1.8204072789846348,1.8204072789846348,0.26146214369850906,0.2567918683809814,0.2729578419060029,0.2858043307259198
3.4412036057795277,3.4412036057795277,1.8704072789846349,1.8704072789846349,0.25758032924707835,0.24974666860180764,0.2727353966571724,0.28429369908113455
3.4912036057795275,3.4912036057795275,1.920407278984635,1.920407278984635,0.24905368003430794,0.2429519947378897,0.27010767496630217,0.2821154574104482
3.5412036057795273,3.5412036057795273,1.970407278984635,1.970407278984635,0.24423872339921596,0.23787480422296828,0.26956311175100084,0.27956837864517886
3.591203605779527,3.591203605779527,2.020407278984635,2.020407278984635,0.23774709404233785,0.23270845735686416,0.26526943689554805,0.2755018012703558
3.641203605779527,3.641203605779527,2.070407278984635,2.070407278984635,0.2320138084388157,0.22779283529506794,0.2639948391492349,0.27017214101920606
3.6912036057795268,3.6912036057795268,2.1204072789846347,2.1204072789846347,0.2268153521988756,0.22483287153941844,0.25955409635734505,0.2650272846815854
3.7412036057795266,3.7412036057795266,2.1704072789846345,2.1704072789846345,0.2220792115298718,0.22083378451570684,0.25668563585496557,0.25988152227160033
3.7912036057795264,3.7912036057795264,2.2204072789846343,2.2204072789846343,0.21813815764929861,0.21745970880787488,0.2538124537353014,0.2554218995603001
3.8412036057795262,3.8412036057795262,2.270407278984634,2.270407278984634,0.21470352336523152,0.21447489161902902,0.24904285520400915,0.25057568454695767
3.891203605779526,3.891203605779526,2.320407278984634,2.320407278984634,0.21196612636880238,0.21220579225554603,0.24877505295296318,0.24758438217860843
3.941203605779526,3.941203605779526,2.3704072789846338,2.3704072789846338,0.20943694088172277,0.21017007229229617,0.2426935239861763,0.24298274080374263
3.9912036057795257,3.9912036057795257,2.4204072789846336,2.4204072789846336,0.207077477181868,0.20847727551616435,0.24203208171793,0.24011821423417523
4.0412036057795255,4.0412036057795255,2.4704072789846334,2.4704072789846334,0.20560954011978733,0.2073628289464144,0.23921818397306488,0.2367080062218069
4.091203605779525,4.091203605779525,2.5204072789846332,2.5204072789846332,0.2044014508328201,0.2062982240264177,0.23591997234118645,0.2353138986765492
4.141203605779525,4.141203605779525,2.570407278984633,2.570407278984633,0.20344661435750713,0.20570793575631866,0.23677673892261566,0.23145603083964925
4.191203605779525,4.191203605779525,2.620407278984633,2.620407278984633,0.203162349997094,0.20538501067214426,0.23216909054353377,0.23148140369844003
4.241203605779525,4.241203605779525,2.6704072789846327,2.6704072789846327,0.20292268680323558,0.20523399795983943,0.23238447944801405,0.22810133462139331
4.291203605779525,4.291203605779525,2.7204072789846325,2.7204072789846325,0.20300163127686843,0.20541280447130203,0.2328560783746098,0.22804979774517514
4.3412036057795245,4.3412036057795245,2.7704072789846323,2.7704072789846323,0.20352061162016435,0.20601057385015256,0.22951189042448106,0.22536543815137677
4.391203605779524,4.391203605779524,2.820407278984632,2.820407278984632,0.2041377339863991,0.20668261206418115,0.23098672027241013,0.22419826112086463
4.441203605779524,4.441203605779524,2.870407278984632,2.870407278984632,0.20528588305101086,0.20773178279148494,0.2302383375157515,0.22225621087401368
4.491203605779524,4.491203605779524,2.920407278984632,2.920407278984632,0.2064808908130475,0.20881596906333705,0.2286774976611071,0.22034589954600584
4.541203605779524,4.541203605779524,2.9704072789846316,2.9704072789846316,0.20796679473026597,0.2100555615737813,0.22937210801114358,0.21859521701905474
4.591203605779524,4.591203605779524,3.0204072789846315,3.0204072789846315,0.2095530446387912,0.21124189067891908,0.22766028233064564,0.21707381430235995
4.641203605779523,4.641203605779523,3.0704072789846313,3.0704072789846313,0.21089403278624858,0.2121912380238361,0.22663401123742988,0.21581864104699053
4.691203605779523,4.691203605779523,3.120407278984631,3.120407278984631,0.2119940725412758,0.21292869089882432,0.22528722824809744,0.2147565237846124
4.741203605779523,4.741203605779523,3.170407278984631,3.170407278984631,0.21285819082409702,0.21347465951728986,0.22400595242225424,0.213851191144775
4.791203605779523,4.791203605779523,3.2204072789846308,3.2204072789846308,0.21352114044873124,0.2138639691974653,0.2228726616368289,0.2130775822443905
4.841203605779523,4.841203605779523,3.2704072789846306,3.2704072789846306,0.21401909585229562,0.21412842552729555,0.2218984289719975,0.21242330294142545
4.8912036057795225,4.8912036057795225,3.3204072789846304,3.3204072789846304,0.21438398345961507,0.21429478780703268,0.2210640266960854,0.2118712139724059
4.941203605779522,4.941203605779522,3.37040727898463,3.37040727898463,0.2146417072305075,0.21438420642988784,0.220342448840795,0.21140036782852875
4.991203605779522,4.991203605779522,3.42040727898463,3.42040727898463,0.2148129469350378,0.2144132676818091,0.21971201424753212,0.2109940912523387
5.041203605779522,5.041203605779522,3.47040727898463,3.47040727898463,0.21491416532954008,0.21439484616327217,0.21915549110081847,0.2106388276615235
5.091203605779522,5.091203605779522,3.5204072789846297,3.5204072789846297,0.21495898721545778,0.21433913457103362,0.2186590677647873,0.21032417180017374
5.141203605779522,5.141203605779522,3.5704072789846295,3.5704072789846295,0.214958243021184,0.21425438665489144,0.2182115596788757,0.21004191267352962
5.1912036057795214,5.1912036057795214,3.6204072789846293,3.6204072789846293,0.21492046625175942,0.2141468558585924,0.21780417240096037,0.20978562426613948
5.241203605779521,5.241203605779521,3.670407278984629,3.670407278984629,0.2148530431415958,0.21402178086983775,0.21743002530266484,0.2095499988767084
5.291203605779521,5.291203605779521,3.720407278984629,3.720407278984629,0.21476179952955068,0.21388319746878862,0.2170829764133808,0.209330960141074
5.341203605779521,5.341203605779521,3.770407278984629,3.770407278984629,0.21465123957951646,0.21373428057546362,0.2167583812268246,0.20912537444998547
5.391203605779521,5.391203605779521,3.8204072789846286,3.8204072789846286,0.2145252628779304,0.21357755085945232,0.21645238555245958,0.2089305958647421
5.441203605779521,5.441203605779521,3.8704072789846284,3.8704072789846284,0.21438722573261532,0.2134151742404837,0.2161623650343046,0.208744493363228
5.49120360577952,5.49120360577952,3.9204072789846283,3.9204072789846283,0.21423929573661862,0.21324856310828869,0.21588521769776572,0.20856522825424018
5.54120360577952,5.54120360577952,3.970407278984628,3.970407278984628,0.21408376532459955,0.21307913375495324,0.21561913265185328,0.20839213777239504
5.59120360577952,5.59120360577952,4.020407278984628,4.020407278984628,0.21392230137861054,0.2129077841565622,0.2153624960761547,0.20822377079931428
5.64120360577952,5.64120360577952,4.070407278984628,4.070407278984628,0.2137562050320184,0.212735221226372,0.2151138613120564,0.20805942895103202
5.69120360577952,5.69120360577952,4.1204072789846276,4.1204072789846276,0.21358656612530857,0.2125621911216667,0.2148722353204969,0.20789850100125962
5.7412036057795195,5.7412036057795195,4.170407278984627,4.170407278984627,0.21341439900936574,0.2123891158616963,0.21463638903136797,0.20774036525274617
5.791203605779519,5.791203605779519,4.220407278984627,4.220407278984627,0.21324032894968664,0.21221626537281219,0.2144060519171013,0.207584851126398
5.841203605779519,5.841203605779519,4.270407278984627,4.270407278984627,0.21306510783593674,0.21204417013198545,0.2141801660058552,0.20743122116535284
5.891203605779519,5.891203605779519,4.320407278984627,4.320407278984627,0.21288907859694278,0.211872706517953,0.21395833019713492,0.20727983126334495
5.941203605779519,5.941203605779519,4.370407278984627,4.370407278984627,0.2127127096523387,0.2117022336786642,0.2137404067304049,0.207130102674006
5.991203605779519,5.991203605779519,4.4204072789846265,4.4204072789846265,0.21253626922815455,0.21153291252343004,0.21352572492113112,0.20698219814599292
6.041203605779518,6.041203605779518,4.470407278984626,4.470407278984626,0.21236005653385961,0.21136466403372395,0.2133142000240877,0.20683558318603182
6.091203605779518,6.091203605779518,4.520407278984626,4.520407278984626,0.2121844747939802,0.21119763911386005,0.21310544121947,0.20669046835910695
6.141203605779518,6.141203605779518,4.570407278984626,4.570407278984626,0.21200926524327446,0.21103190707649375,0.21289932641591305,0.2065464200347204
6.191203605779518,6.191203605779518,4.620407278984626,4.620407278984626,0.2118350415895603,0.21086754071568764,0.2126956600744178,0.20640387103309013
6.241203605779518,6.241203605779518,4.670407278984626,4.670407278984626,0.21166156988971355,0.21070443103692427,0.21249435688133175,0.20626241119946848
0.00801829859993141,0.00801829859993141,4.720407278984625,4.720407278984625,0.21148915216219868,0.2105427287944806,0.2122951952097339,0.20612214786202834
0.05801829859993152,0.05801829859993152,4.770407278984625,4.770407278984625,0.2113214435694508,0.2103860069635983,0.2120985190783592,0.20598328085701278
0.1080182985999316,0.1080182985999316,4.820407278984625,4.820407278984625,0.21118061777446728,0.21025625779210297,0.21190492291075594,0.20584685367381061
0.1580182985999317,0.1580182985999317,4.870407278984625,4.870407278984625,0.21107683557527018,0.21016283802527994,0.21171813999433106,0.2057160200554343
0.2080182985999318,0.2080182985999318,4.920407278984625,4.920407278984625,0.21098721592210007,0.2100829710387951,0.21154059888483578,0.20559355138673938
0.25801829859993186,0.25801829859993186,4.9704072789846245,4.9704072789846245,0.2109038672229497,0.210009907378153,0.21137203659565693,0.2054791625877287
0.3080182985999319,0.3080182985999319,5.020407278984624,5.020407278984624,0.2108275141134613,0.2099440206885097,0.21121180613507762,0.2053722098327632
0.35801829859993195,0.35801829859993195,5.070407278984624,5.070407278984624,0.21075819901727666,0.20988551014853984,0.21105998958246477,0.20527256341337188
0.408018298599932,0.408018298599932,5.120407278984624,5.120407278984624,0.2106958661637308,0.20983416279068015,0.21091622979652386,0.2051800766861813
0.45801829859993204,0.45801829859993204,5.170407278984624,5.170407278984624,0.21064019043020013,0.20978987826995865,0.210780310020595,0.20509494999646163
0.5080182985999321,0.5080182985999321,5.220407278984624,5.220407278984624,0.2105902595120952,0.2097512155726453,0.21065222601813838,0.20501644968950855
0.5580182985999321,0.5580182985999321,5.2704072789846235,5.2704072789846235,0.21054465189460878,0.20971725765182261,0.21053119377453086,0.20494499354565934
0.6080182985999322,0.6080182985999322,5.320407278984623,5.320407278984623,0.21050492934375467,0.2096892251111217,0.21041758012365047,0.20487949367833114
0.6580182985999322,0.6580182985999322,5.370407278984623,5.370407278984623,0.21047112449413163,0.2096672726157165,0.2103109008147747,0.20482103416432976
0.7080182985999323,0.7080182985999323,5.420407278984623,5.420407278984623,0.21044310422258442,0.20965111297513092,0.21021121601276443,0.204768551699732
0.7580182985999323,0.7580182985999323,5.470407278984623,5.470407278984623,0.21042030378916868,0.20964033652297373,0.21011815929754069,0.20472214706247072
0.8080182985999323,0.8080182985999323,5.520407278984623,5.520407278984623,0.21040265564618474,0.2096346913623258,0.21003186511369082,0.204681700750279
0.8580182985999324,0.8580182985999324,5.570407278984622,5.570407278984622,0.21039211870926514,0.2096367059408079,0.20995188417267635,0.20464744965876946
0.9080182985999324,0.9080182985999324,5.620407278984622,5.620407278984622,0.21039852940622164,0.20965572017829054,0.2098786928398276,0.20461920637382497
0.9580182985999325,0.9580182985999325,5.670407278984622,5.670407278984622,0.2104257015322155,0.20969546506098044,0.2098138571796636,0.20459895261321914
1.0080182985999324,1.0080182985999324,5.720407278984622,5.720407278984622,0.2104718613116286,0.20975424467633005,0.2097584821251955,0.20458737183431822
1.0580182985999325,1.0580182985999325,5.770407278984622,5.770407278984622,0.21053403153655786,0.2098288352002999,0.20971359297815964,0.20458579129752555
1.1080182985999325,1.1080182985999325,5.8204072789846215,5.8204072789846215,0.21060229868656508,0.2099101603601716,0.20967884224313782,0.2045940947691046
1.1580182985999325,1.1580182985999325,5.870407278984621,5.870407278984621,0.21069617124954512,0.2100162609626284,0.20965381135979183,0.20461298167151587
1.2080182985999326,1.2080182985999326,5.920407278984621,5.920407278984621,0.2111374762357451,0.21026758165705445,0.20965149822164328,0.20465266516629255
1.2580182985999326,1.2580182985999326,5.970407278984621,5.970407278984621,0.21173854927801133,0.21068987025710612,0.20968317820150162,0.20472720086048007
1.3080182985999327,1.3080182985999327,6.020407278984621,6.020407278984621,0.21266590423295345,0.21114419266903475,0.20978296773362298,0.20485664769633333
1.3580182985999327,1.3580182985999327,6.070407278984621,6.070407278984621,0.213926539261839,0.21161774760457316,0.20998378657214484,0.2050606710558803
1.4080182985999328,1.4080182985999328,6.1204072789846204,6.1204072789846204,0.21698114016722195,0.21228170844552005,0.21028667987432836,0.20533321983058964
1.4580182985999328,1.4580182985999328,6.17040727898462,6.17040727898462,0.21803967689422227,0.2131249291959634,0.21072915848062085,0.20570437202421551
1.5080182985999329,1.5080182985999329,6.22040727898462,6.22040727898462,0.2214585852642861,0.2138583630199054,0.21134614595367057,0.20620662014640376
1.558018298599933,1.558018298599933,6.27040727898462,6.27040727898462,0.22249315837728398,0.21697114401147258,0.21207332568817175,0.20681164099547886
1.608018298599933,1.608018298599933,0.037221971805033574,0.037221971805033574,0.22721470678784036,0.21790887744339296,0.21302203323446492,0.2076086349527286
1.658018298599933,1.658018298599933,0.08722197180503365,0.08722197180503365,0.2274573737196324,0.22082258113279574,0.21414054084462847,0.20858404155995144
1.708018298599933,1.708018298599933,0.13722197180503373,0.13722197180503373,0.23515373968744557,0.22305092216407335,0.21542482038999855,0.20969826674741868
1.758018298599933,1.758018298599933,0.1872219718050338,0.1872219718050338,0.2360737783784062,0.22717052647598426,0.21723925206537703,0.2112624258286694
1.8080182985999331,1.8080182985999331,0.23722197180503385,0.23722197180503385,0.23832039267533014,0.22775301357077588,0.218914041216037,0.21274476235763967
1.8580182985999332,1.8580182985999332,0.2872219718050339,0.2872219718050339,0.2475606782841993,0.23567605702799538,0.2209726743298564,0.21455944362439072
1.9080182985999332,1.9080182985999332,0.33722197180503394,0.33722197180503394,0.24704164752623564,0.23531235982003507,0.22350998562481325,0.2168364915929355
1.9580182985999333,1.9580182985999333,0.387221971805034,0.387221971805034,0.24881076733892088,0.23746428477521014,0.22563037388064222,0.2187324453069647
2.008018298599933,2.008018298599933,0.437221971805034,0.437221971805034,0.258663645970094,0.24546960254245995,0.22814348879723406,0.22105663005557782
2.058018298599933,2.058018298599933,0.48722197180503407,0.48722197180503407,0.26267519220468893,0.24343671117076365,0.2314240417262206,0.22396945552500488
2.1080182985999327,2.1080182985999327,0.5372219718050341,0.5372219718050341,0.26031322557689796,0.24781821910472468,0.23409429642663276,0.2262860018474631
2.1580182985999325,2.1580182985999325,0.5872219718050341,0.5872219718050341,0.2638218109831184,0.2577930469869512,0.23673538781408274,0.22890238393346943
2.2080182985999324,2.2080182985999324,0.6372219718050341,0.6372219718050341,0.27386101773379157,0.25586220508319835,0.23987951375196398,0.23206983170699264
2.258018298599932,2.258018298599932,0.6872219718050342,0.6872219718050342,0.2810576686949892,0.2555814830929025,0.24342737730526207,0.23511626541170152
2.308018298599932,2.308018298599932,0.7372219718050342,0.7372219718050342,0.2775379233686434,0.26331328713217433,0.24672242319310467,0.2379576924937396
2.358018298599932,2.358018298599932,0.7872219718050343,0.7872219718050343,0.2766049438029543,0.27390406053074995,0.2497646033169831,0.24110520128468496
2.4080182985999317,2.4080182985999317,0.8372219718050343,0.8372219718050343,0.2812343630905571,0.27306325921699837,0.2528453818884797,0.2445628321704339
2.4580182985999315,2.4580182985999315,0.8872219718050344,0.8872219718050344,0.2903032637868914,0.2701262780570904,0.25590236128452815,0.2475967785653841
2.5080182985999313,2.5080182985999313,0.9372219718050344,0.9372219718050344,0.2989869311379893,0.27238613351925617,0.25931577285113233,0.25057684807053293
2.558018298599931,2.558018298599931,0.9872219718050345,0.9872219718050345,0.2963797401522087,0.2799847464552406,0.2629113940564506,0.2537452641487698
2.608018298599931,2.608018298599931,1.0372219718050344,1.0372219718050344,0.29274402701447666,0.2882164417564691,0.2661171984144675,0.25702097029074866
2.6580182985999308,2.6580182985999308,1.0872219718050344,1.0872219718050344,0.29277372009299885,0.2917246539679904,0.26902767124587623,0.26040661893758826
2.7080182985999306,2.7080182985999306,1.1372219718050345,1.1372219718050345,0.29624315581261407,0.2882496798382815,0.27167488877170176,0.26347187577730413
2.7580182985999304,2.7580182985999304,1.1872219718050345,1.1872219718050345,0.30110427554307134,0.2859700775368638,0.2742105631152715,0.2660931165407488
2.8080182985999302,2.8080182985999302,1.2372219718050346,1.2372219718050346,0.3041276121225675,0.28811650824138924,0.276779678913638,0.26855655030469294
2.85801829859993,2.85801829859993,1.2872219718050346,1.2872219718050346,0.3043628712879801,0.291713795216887,0.2793907074565965,0.2711045413960244
2.90801829859993,2.90801829859993,1.3372219718050347,1.3372219718050347,0.3015706203453316,0.2935198452685662,0.281728292219495,0.27360247549384975
2.9580182985999297,2.9580182985999297,1.3872219718050347,1.3872219718050347,0.2992812050381636,0.29339247706133437,0.2838691316071777,0.2757343687464604
3.0080182985999295,3.0080182985999295,1.4372219718050347,1.4372219718050347,0.29830961014814666,0.29156099802891766,0.2856695405242873,0.27772058118227355
3.0580182985999294,3.0580182985999294,1.4872219718050348,1.4872219718050348,0.2953114323126855,0.2897727631393304,0.2867122362896534,0.2794638632189497
3.108018298599929,3.108018298599929,1.5372219718050348,1.5372219718050348,0.29013196733428054,0.28766938434175277,0.287567687110957,0.28042510702137924
3.158018298599929,3.158018298599929,1.5872219718050349,1.5872219718050349,0.28335326452521575,0.28364943560700906,0.28779986447900086,0.2808148943336297
3.208018298599929,3.208018298599929,1.637221971805035,1.637221971805035,0.28025391065977107,0.2776341309532779,0.2879783473272943,0.2809209845741533
3.2580182985999286,3.2580182985999286,1.687221971805035,1.687221971805035,0.277371070798399,0.2730584527494688,0.2874587251930239,0.28161979697177186
3.3080182985999285,3.3080182985999285,1.737221971805035,1.737221971805035,0.2692627270683039,0.2701001879864537,0.28653092453360496,0.2810302381038793
3.3580182985999283,3.3580182985999283,1.787221971805035,1.787221971805035,0.2600939548022682,0.2628365739028928,0.2845335707858954,0.2810191786613051
3.408018298599928,3.408018298599928,1.837221971805035,1.837221971805035,0.25565281562343567,0.2566715323087279,0.28281090671357156,0.2795111899431231
3.458018298599928,3.458018298599928,1.8872219718050351,1.8872219718050351,0.2473518089593088,0.24957032124019882,0.28020833705295073,0.27777718340529206
3.5080182985999278,3.5080182985999278,1.9372219718050352,1.9372219718050352,0.24131970769789615,0.2439633916234807,0.27611992143771363,0.2747222029951141
3.5580182985999276,3.5580182985999276,1.9872219718050352,1.9872219718050352,0.23443181504119875,0.2381215992038455,0.2732590253497188,0.27072574866874904
3.6080182985999274,3.6080182985999274,2.0372219718050353,2.0372219718050353,0.2286620167101162,0.23297727892249878,0.2677828002409819,0.2680412021588681
3.658018298599927,3.658018298599927,2.087221971805035,2.087221971805035,0.22342269156815517,0.2287371154376274,0.2648641538161491,0.26285863754820377
3.708018298599927,3.708018298599927,2.137221971805035,2.137221971805035,0.21890777165057515,0.22542750889286328,0.25859077137027003,0.26177855414335993
3.758018298599927,3.758018298599927,2.1872219718050347,2.1872219718050347,0.21526449556872965,0.22175815308421268,0.25567659463236103,0.25598643180863323
3.8080182985999267,3.8080182985999267,2.2372219718050346,2.2372219718050346,0.21148647850102031,0.2184908418183824,0.24981061189037213,0.25342555929654764
3.8580182985999265,3.8580182985999265,2.2872219718050344,2.2872219718050344,0.20895735796340523,0.21621334078827403,0.2476458385601574,0.25152270214823486
3.9080182985999263,3.9080182985999263,2.337221971805034,2.337221971805034,0.20711325004030387,0.21412787888367854,0.24155630516654727,0.24530048342846317
3.958018298599926,3.958018298599926,2.387221971805034,2.387221971805034,0.20505201407367574,0.21152938771536295,0.24047628687714773,0.24507690011536729
4.008018298599926,4.008018298599926,2.437221971805034,2.437221971805034,0.20439510394288893,0.2100491834897224,0.23622431902384344,0.24251210801793152
4.058018298599926,4.058018298599926,2.4872219718050337,2.4872219718050337,0.20308150104003236,0.20814419125203415,0.23343735972519586,0.23766119294218077
4.108018298599926,4.108018298599926,2.5372219718050335,2.5372219718050335,0.2027177683873727,0.2069866582115117,0.23375620204427053,0.2389418827707028
4.1580182985999254,4.1580182985999254,2.5872219718050333,2.5872219718050333,0.20296471574878477,0.20654730845417907,0.2288566886727909,0.23697550154043
4.208018298599925,4.208018298599925,2.637221971805033,2.637221971805033,0.20274334229292745,0.20556794798995645,0.22947994476554714,0.23357760258637503
4.258018298599925,4.258018298599925,2.687221971805033,2.687221971805033,0.2032624439606892,0.20516502102670386,0.2270957974588127,0.23559053214650036
4.308018298599925,4.308018298599925,2.737221971805033,2.737221971805033,0.20396478313814576,0.20540027929200846,0.2255412063092571,0.23401258753579218
4.358018298599925,4.358018298599925,2.7872219718050326,2.7872219718050326,0.20484459251454193,0.20567329698456568,0.22586913172551676,0.23212527582545503
4.408018298599925,4.408018298599925,2.8372219718050324,2.8372219718050324,0.20619802924404482,0.206143623349415,0.22336552254030756,0.2333598679938802
4.458018298599924,4.458018298599924,2.8872219718050323,2.8872219718050323,0.20773942078266408,0.20710980486365382,0.22296726238476317,0.23086139959059818
4.508018298599924,4.508018298599924,2.937221971805032,2.937221971805032,0.20933987439665025,0.2080411039406846,0.22105358924172464,0.23084299129798797
4.558018298599924,4.558018298599924,2.987221971805032,2.987221971805032,0.2107547421722073,0.20925485200669702,0.21939041954067956,0.22912145547671847
4.608018298599924,4.608018298599924,3.0372219718050317,3.0372219718050317,0.21191707086641273,0.21058874332635197,0.21791257498852887,0.2273765635979587
4.658018298599924,4.658018298599924,3.0872219718050316,3.0872219718050316,0.21282302109686171,0.21178780212555326,0.21666642191454463,0.2257792151951526
4.7080182985999235,4.7080182985999235,3.1372219718050314,3.1372219718050314,0.2135088188644873,0.21275227825218454,0.21561328488261053,0.22438686395231952
4.758018298599923,4.758018298599923,3.187221971805031,3.187221971805031,0.21401465054319455,0.21349997807760546,0.21470685027347278,0.22317895480776112
4.808018298599923,4.808018298599923,3.237221971805031,3.237221971805031,0.214374756082676,0.2140657060867927,0.2139300585671672,0.22213823256173795
4.858018298599923,4.858018298599923,3.287221971805031,3.287221971805031,0.2146183195482336,0.21448340962029128,0.2132722054010445,0.22124939903390425
4.908018298599923,4.908018298599923,3.3372219718050307,3.3372219718050307,0.2147696314313348,0.21478197807764451,0.21271230135143537,0.22048649740563772
4.958018298599923,4.958018298599923,3.3872219718050305,3.3872219718050305,0.21484809704943397,0.2149844747403231,0.2122304643024734,0.2198252291380937
5.008018298599922,5.008018298599922,3.4372219718050303,3.4372219718050303,0.2148691231324157,0.21510953636363442,0.211810539678003,0.2192463091733521
5.058018298599922,5.058018298599922,3.48722197180503,3.48722197180503,0.21484484507600152,0.21517217821962906,0.2114398387201975,0.21873409156183624
5.108018298599922,5.108018298599922,3.53722197180503,3.53722197180503,0.21478491830561522,0.21518438626042388,0.2111091070259853,0.2182763633367345
5.158018298599922,5.158018298599922,3.5872219718050298,3.5872219718050298,0.21469695702292124,0.2151560056378846,0.21080964707939756,0.21786304899503425
5.208018298599922,5.208018298599922,3.6372219718050296,3.6372219718050296,0.21458714432747208,0.21509489828645964,0.2105357751527249,0.21748596864819034
5.2580182985999215,5.2580182985999215,3.6872219718050294,3.6872219718050294,0.2144603964062102,0.21500769674334355,0.2102823421164197,0.21713901317963907
5.308018298599921,5.308018298599921,3.7372219718050292,3.7372219718050292,0.21432057726644987,0.21489935602737753,0.21004536970982665,0.21681651986546902
5.358018298599921,5.358018298599921,3.787221971805029,3.787221971805029,0.21417073026130592,0.21477424434993916,0.20982171609204658,0.21651436651224995
5.408018298599921,5.408018298599921,3.837221971805029,3.837221971805029,0.2140132645691231,0.21463575666578386,0.20960902542254653,0.21622927725862168
5.458018298599921,5.458018298599921,3.8872219718050287,3.8872219718050287,0.21385038392872796,0.21448675176239165,0.20940492499638302,0.21595826838031998
5.508018298599921,5.508018298599921,3.9372219718050285,3.9372219718050285,0.2136832260421658,0.2143293874528371,0.20920844700407815,0.21569917327662255
5.5580182985999205,5.5580182985999205,3.9872219718050284,3.9872219718050284,0.21351330034510835,0.21416555982810756,0.209017615308939,0.21545004554624786
5.60801829859992,5.60801829859992,4.037221971805028,4.037221971805028,0.21334139954026762,0.2139967382689806,0.2088321598816547,0.21520945186912127
5.65801829859992,5.65801829859992,4.087221971805028,4.087221971805028,0.21316829648349633,0.21382404414472314,0.20865085505021438,0.2149761577987032
5.70801829859992,5.70801829859992,4.137221971805028,4.137221971805028,0.21299472583528978,0.21364864879079917,0.20847307075124294,0.21474915676314696
5.75801829859992,5.75801829859992,4.187221971805028,4.187221971805028,0.21282104894961992,0.21347115869037311,0.20829862512768701,0.21452738270977706
5.80801829859992,5.80801829859992,4.2372219718050275,4.2372219718050275,0.21264752659498565,0.21329239625577645,0.20812667454465797,0.21431056663522172
5.858018298599919,5.858018298599919,4.287221971805027,4.287221971805027,0.21247469704100105,0.2131127629419492,0.2079570457364463,0.21409796622154065
5.908018298599919,5.908018298599919,4.337221971805027,4.337221971805027,0.21230257221448093,0.21293273362537182,0.20778973583177798,0.2138889779260707
5.958018298599919,5.958018298599919,4.387221971805027,4.387221971805027,0.21213127699165285,0.21275268814853263,0.20762431634587994,0.21368371094705774
6.008018298599919,6.008018298599919,4.437221971805027,4.437221971805027,0.21196107292454452,0.21257285451112037,0.20746081169045108,0.21348134820752054
6.058018298599919,6.058018298599919,4.487221971805027,4.487221971805027,0.21179198347366518,0.2123934804078714,0.20729901175726995,0.21328184335286035
6.1080182985999185,6.1080182985999185,4.537221971805026,4.537221971805026,0.21162413083584272,0.2122146559427387,0.2071387066854953,0.2130851725683217
6.158018298599918,6.158018298599918,4.587221971805026,4.587221971805026,0.21145747478396557,0.21203669069288045,0.2069797927202591,0.21289042821171034
6.208018298599918,6.208018298599918,4.637221971805026,4.637221971805026,0.21129218134780808,0.21185967427668229,0.20682238897704514,0.21269847236285222
6.258018298599918,6.258018298599918,4.687221971805026,4.687221971805026,0.2111282313460015,0.21168363220977002,0.20666657469366878,0.21250837843860398
0.024832991420331678,0.024832991420331678,4.737221971805026,4.737221971805026,0.21096554927484581,0.21150859528545804,0.20651205159438613,0.21232022740382855
0.07483299142033178,0.07483299142033178,4.7872219718050255,4.7872219718050255,0.21081557280505966,0.2113461891848723,0.20635896367483247,0.2121348381803056
0.12483299142033187,0.12483299142033187,4.837221971805025,4.837221971805025,0.2106977468120998,0.21121599761704676,0.2062097512282181,0.21195323781630093
0.17483299142033196,0.17483299142033196,4.887221971805025,4.887221971805025,0.2106086629567072,0.21111920750647942,0.20606764781427941,0.21177998492323558
0.22483299142033206,0.22483299142033206,4.937221971805025,4.937221971805025,0.21052867148468885,0.21103321645693307,0.20593399435814355,0.2116158338562048
0.27483299142033213,0.27483299142033213,4.987221971805025,4.987221971805025,0.2104556207817857,0.21095362163857115,0.20580837174974184,0.21146063493794026
0.3248329914203322,0.3248329914203322,5.037221971805025,5.037221971805025,0.2103897674150529,0.21088072318032064,0.20569062260985832,0.21131385583259701
0.3748329914203322,0.3748329914203322,5.0872219718050244,5.0872219718050244,0.21033121873013566,0.21081473754288962,0.20557992411372014,0.21117516311274112
0.42483299142033226,0.42483299142033226,5.137221971805024,5.137221971805024,0.21027973811881898,0.21075554236338878,0.20547683683628273,0.21104465559366364
0.4748329914203323,0.4748329914203323,5.187221971805024,5.187221971805024,0.21023519445353994,0.2107030363232726,0.20538098790983403,0.21092190245460699
0.5248329914203324,0.5248329914203324,5.237221971805024,5.237221971805024,0.21019552573105652,0.21065509028547857,0.20529197882756134,0.21080645506580822
0.5748329914203324,0.5748329914203324,5.287221971805024,5.287221971805024,0.21016109218949322,0.2106121711525656,0.20520967494557768,0.21069862407838783
0.6248329914203324,0.6248329914203324,5.337221971805024,5.337221971805024,0.21013283119120654,0.21057513026645794,0.2051341882082264,0.21059757237211152
0.6748329914203325,0.6748329914203325,5.387221971805023,5.387221971805023,0.2101103749365762,0.21054388149114459,0.2050648631886591,0.21050383633911707
0.7248329914203325,0.7248329914203325,5.437221971805023,5.437221971805023,0.21009379866307815,0.21051829579361356,0.20500205587779544,0.2104169709162549
0.7748329914203326,0.7748329914203326,5.487221971805023,5.487221971805023,0.21008254950468114,0.21049770764159964,0.20494553726174122,0.21033623119347866
0.8248329914203326,0.8248329914203326,5.537221971805023,5.537221971805023,0.21007626360607023,0.21048208488547707,0.20489485920363684,0.21026249859875423
0.8748329914203327,0.8748329914203327,5.587221971805023,5.587221971805023,0.21008129224296435,0.21047531100781539,0.20485015205797227,0.21019476041667867
0.9248329914203327,0.9248329914203327,5.6372219718050225,5.6372219718050225,0.21010603105596073,0.2104864496982203,0.20481241006112044,0.21013444295675962
0.9748329914203328,0.9748329914203328,5.687221971805022,5.687221971805022,0.2101512834506861,0.21051777763423346,0.20478286312460095,0.2100823939543135
1.0248329914203327,1.0248329914203327,5.737221971805022,5.737221971805022,0.2102149708780555,0.21056744243988693,0.20476248359717636,0.21004015810040666
1.0748329914203327,1.0748329914203327,5.787221971805022,5.787221971805022,0.21029428472282694,0.210630384841849,0.20475219253381044,0.21000833000276856
1.1248329914203328,1.1248329914203328,5.837221971805022,5.837221971805022,0.21037794100130472,0.21070149139595765,0.20475193418369783,0.20998671689501913
1.1748329914203328,1.1748329914203328,5.887221971805022,5.887221971805022,0.21047617531705962,0.21084000609892825,0.20476113815992394,0.20997524367997536
1.2248329914203329,1.2248329914203329,5.937221971805021,5.937221971805021,0.21097048591360087,0.21097361679260776,0.20479414190323397,0.2099863698921952
1.274832991420333,1.274832991420333,5.987221971805021,5.987221971805021,0.21183259647204436,0.21135212862678218,0.20486514436862652,0.21002950510726567
1.324832991420333,1.324832991420333,6.037221971805021,6.037221971805021,0.21278943641670892,0.21213545769544628,0.20501366291878761,0.21013654167479037
1.374832991420333,1.374832991420333,6.087221971805021,6.087221971805021,0.21385496218556385,0.21264719993235295,0.20523584176953025,0.21031084834886823
1.424832991420333,1.424832991420333,6.137221971805021,6.137221971805021,0.2153507150909454,0.21345015257854577,0.20559187021621791,0.21059679333036804
1.474832991420333,1.474832991420333,6.1872219718050205,6.1872219718050205,0.21872276310560415,0.2151889201800313,0.2060695992340188,0.21099207360628458
1.5248329914203331,1.5248329914203331,6.23722197180502,6.23722197180502,0.2204395507755342,0.2173942672651845,0.20671771379652093,0.2115322594670561
1.5748329914203332,1.5748329914203332,0.004036664625434017,0.004036664625434017,0.2243932810632891,0.21832875529742377,0.20761718544212454,0.21228632093894384
1.6248329914203332,1.6248329914203332,0.05403666462543409,0.05403666462543409,0.22568513252353206,0.22161942932358658,0.20864104405634798,0.21318686563056702
1.6748329914203333,1.6748329914203333,0.10403666462543416,0.10403666462543416,0.23157550520065107,0.22311359804594857,0.2099041369127148,0.2142726461520727
1.7248329914203333,1.7248329914203333,0.15403666462543422,0.15403666462543422,0.23117078605296948,0.22612502454120206,0.21140084804804182,0.2156077925652535
1.7748329914203334,1.7748329914203334,0.2040366646254343,0.2040366646254343,0.23867484973129086,0.22837813110405278,0.212949421387439,0.21699947280498066
1.8248329914203334,1.8248329914203334,0.25403666462543434,0.25403666462543434,0.2428496110067293,0.2332475256382035,0.21511862599410964,0.21892824509894002
1.8748329914203334,1.8748329914203334,0.3040366646254344,0.3040366646254344,0.2415372302319716,0.23290874964265962,0.21715797956009855,0.22077727902210964
1.9248329914203335,1.9248329914203335,0.3540366646254344,0.3540366646254344,0.24848601612930077,0.24056651526186418,0.21916160118440936,0.22265563380758754
1.9748329914203335,1.9748329914203335,0.40403666462543447,0.40403666462543447,0.2601476030640389,0.24025984237886747,0.2219486523979387,0.22521381347913666
2.0248329914203334,2.0248329914203334,0.4540366646254345,0.4540366646254345,0.26302678628575493,0.24226964274054416,0.22522737796837233,0.22786749026298803
2.074832991420333,2.074832991420333,0.5040366646254345,0.5040366646254345,0.25976105575518693,0.25212144881073784,0.22815337235768135,0.2304611140958841
2.124832991420333,2.124832991420333,0.5540366646254345,0.5540366646254345,0.26162175984899877,0.2525965370251901,0.23083922134925028,0.233256266767365
2.174832991420333,2.174832991420333,0.6040366646254346,0.6040366646254346,0.2708852764153822,0.2517613910011248,0.23349309225370551,0.23581326378440093
2.2248329914203326,2.2248329914203326,0.6540366646254346,0.6540366646254346,0.28367680115728217,0.2586248069563398,0.236982550751385,0.2388582498231166
2.2748329914203325,2.2748329914203325,0.7040366646254347,0.7040366646254347,0.29466878813702896,0.2686370997784743,0.24191023990544638,0.24322906948312567
2.3248329914203323,2.3248329914203323,0.7540366646254347,0.7540366646254347,0.29196108504396806,0.26764326328463794,0.24700132902282013,0.24785111146455116
2.374832991420332,2.374832991420332,0.8040366646254348,0.8040366646254348,0.2878792453087338,0.2646879898211416,0.2502888904607043,0.2508159912917967
2.424832991420332,2.424832991420332,0.8540366646254348,0.8540366646254348,0.2870547583483509,0.2680546210140599,0.2528546179855145,0.25320684915823666
2.4748329914203318,2.4748329914203318,0.9040366646254349,0.9040366646254349,0.2902440815815653,0.2771315214072098,0.25549545731052026,0.2558833052824807
2.5248329914203316,2.5248329914203316,0.9540366646254349,0.9540366646254349,0.2967897906699746,0.2867355764342996,0.25863924426919754,0.25929435970725995
2.5748329914203314,2.5748329914203314,1.0040366646254348,1.0040366646254348,0.3050748486428805,0.2897804800701837,0.26249205847589624,0.26350048559855993
2.624832991420331,2.624832991420331,1.0540366646254349,1.0540366646254349,0.31257657990421006,0.2855150354058127,0.26639681430270296,0.2673509951031481
2.674832991420331,2.674832991420331,1.104036664625435,1.104036664625435,0.31831942329938756,0.28268142024064435,0.2700901733389874,0.2705305070168648
2.724832991420331,2.724832991420331,1.154036664625435,1.154036664625435,0.3172376182920607,0.28486639358524274,0.27363487409425524,0.2734101651031266
2.7748329914203307,2.7748329914203307,1.204036664625435,1.204036664625435,0.3133887932158919,0.29033333267917755,0.27670077624987766,0.27613099323230844
2.8248329914203305,2.8248329914203305,1.254036664625435,1.254036664625435,0.3102696308841683,0.29467739260003617,0.27929604001374536,0.27883298559040837
2.8748329914203303,2.8748329914203303,1.304036664625435,1.304036664625435,0.31009747803956533,0.29706397977500437,0.2815657078660141,0.28151786529374584
2.92483299142033,2.92483299142033,1.3540366646254351,1.3540366646254351,0.3105789042822378,0.29656120390166046,0.28366649570508606,0.28406063115854074
2.97483299142033,2.97483299142033,1.4040366646254352,1.4040366646254352,0.30928606912399537,0.2940007546730112,0.2854566074684224,0.28623896773165897
3.02483299142033,3.02483299142033,1.4540366646254352,1.4540366646254352,0.30564175158363394,0.292079560198145,0.28685840967556836,0.2877893712340988
3.0748329914203296,3.0748329914203296,1.5040366646254353,1.5040366646254353,0.29974286904959707,0.2910660058075941,0.28851244091173384,0.2888323395128546
3.1248329914203294,3.1248329914203294,1.5540366646254353,1.5540366646254353,0.291739875424033,0.28812079658902284,0.2888165728572298,0.28943991518382955
3.1748329914203293,3.1748329914203293,1.6040366646254354,1.6040366646254354,0.2867169994857098,0.2831437322655412,0.2884401675247525,0.28931392431500175
3.224832991420329,3.224832991420329,1.6540366646254354,1.6540366646254354,0.28591705356285485,0.2761930509860487,0.2881784653547216,0.2888373265882495
3.274832991420329,3.274832991420329,1.7040366646254355,1.7040366646254355,0.28243661220158284,0.27280497647334556,0.28725190615870827,0.28864119528917664
3.3248329914203287,3.3248329914203287,1.7540366646254355,1.7540366646254355,0.2726641021989044,0.2721437406723672,0.2861703340278584,0.28871466829137793
3.3748329914203286,3.3748329914203286,1.8040366646254355,1.8040366646254355,0.2614082327149357,0.2648924680814714,0.2844332472113158,0.2869730532559438
3.4248329914203284,3.4248329914203284,1.8540366646254356,1.8540366646254356,0.24984986359506084,0.25622099895382483,0.281351277678746,0.2850275840124461
3.474832991420328,3.474832991420328,1.9040366646254356,1.9040366646254356,0.24574726764015467,0.25119158363695915,0.27694024762769054,0.28166944737759614
3.524832991420328,3.524832991420328,1.9540366646254357,1.9540366646254357,0.24055742101643096,0.2455614412883491,0.2727899476501208,0.27805899471101525
3.574832991420328,3.574832991420328,2.0040366646254357,2.0040366646254357,0.2307182032085772,0.23899680144612995,0.26815914427492865,0.27448081849425393
3.6248329914203277,3.6248329914203277,2.0540366646254355,2.0540366646254355,0.22594196998748228,0.23335966423435864,0.2635320604407883,0.26984266640190185
3.6748329914203275,3.6748329914203275,2.1040366646254354,2.1040366646254354,0.21944828372042452,0.22857880250427293,0.2583237813466744,0.2658736727788725
3.7248329914203273,3.7248329914203273,2.154036664625435,2.154036664625435,0.21361052950005938,0.2238083639637095,0.25347959131913905,0.2596698683193701
3.774832991420327,3.774832991420327,2.204036664625435,2.204036664625435,0.20906535038124482,0.21955401352668466,0.24897729374135033,0.2571558952120392
3.824832991420327,3.824832991420327,2.254036664625435,2.254036664625435,0.2060582862453516,0.21587559040418047,0.2423264489198761,0.25051073247884154
3.8748329914203268,3.8748329914203268,2.3040366646254347,2.3040366646254347,0.20233275244294077,0.2121632305854633,0.23643898273101627,0.24795716887970554
3.9248329914203266,3.9248329914203266,2.3540366646254345,2.3540366646254345,0.19926461881907806,0.20911745133821039,0.2325073376635655,0.2426369986330425
3.9748329914203264,3.9748329914203264,2.4040366646254343,2.4040366646254343,0.19679420874958622,0.20657915843131228,0.22709308407953396,0.2401660155052932
4.024832991420326,4.024832991420326,2.454036664625434,2.454036664625434,0.19517547022055864,0.20486224572151823,0.22368519298911158,0.2353586030868525
4.074832991420326,4.074832991420326,2.504036664625434,2.504036664625434,0.19355246963311828,0.20278302781008936,0.22008412802675634,0.2339134353920542
4.124832991420326,4.124832991420326,2.5540366646254338,2.5540366646254338,0.1924467991492857,0.20117325908560316,0.21673427009144192,0.22972588950969475
4.174832991420326,4.174832991420326,2.6040366646254336,2.6040366646254336,0.1919675526228926,0.19970796447928466,0.21519200239771244,0.22733290637074555
4.2248329914203255,4.2248329914203255,2.6540366646254334,2.6540366646254334,0.19219802181759424,0.19858636009908515,0.21270786000321124,0.2254577636932932
4.274832991420325,4.274832991420325,2.7040366646254332,2.7040366646254332,0.19248949674065632,0.19784631388771257,0.21114841652272598,0.22307464776119287
4.324832991420325,4.324832991420325,2.754036664625433,2.754036664625433,0.1931578801507752,0.1975801955307704,0.20976755604462266,0.22073928043130325
4.374832991420325,4.374832991420325,2.804036664625433,2.804036664625433,0.19421974908029155,0.19760449338193414,0.2077818101864162,0.21860246753786577
4.424832991420325,4.424832991420325,2.8540366646254327,2.8540366646254327,0.19558318103414132,0.19790718388689008,0.20630295071684046,0.2164959547119791
4.474832991420325,4.474832991420325,2.9040366646254325,2.9040366646254325,0.19680629275214556,0.19858294872589502,0.2048610201820633,0.2147411972669626
4.5248329914203245,4.5248329914203245,2.9540366646254324,2.9540366646254324,0.19783823604374795,0.19963118689382875,0.20363921737690366,0.21324837815415526
4.574832991420324,4.574832991420324,3.004036664625432,3.004036664625432,0.19867760817896432,0.2006646559838529,0.20262711031862216,0.21199506496062964
4.624832991420324,4.624832991420324,3.054036664625432,3.054036664625432,0.19934852907529124,0.20152940580618953,0.20178956274965287,0.21094391461500273
4.674832991420324,4.674832991420324,3.104036664625432,3.104036664625432,0.19987935688261443,0.20222609262372018,0.20108953856742298,0.21005579542062075
4.724832991420324,4.724832991420324,3.1540366646254316,3.1540366646254316,0.2002947559276717,0.20277979719233902,0.20049817428535482,0.20928591541214742
4.774832991420324,4.774832991420324,3.2040366646254315,3.2040366646254315,0.2006137993700384,0.20321390750288476,0.19999308613511577,0.20860365410084394
4.824832991420323,4.824832991420323,3.2540366646254313,3.2540366646254313,0.20085337092973019,0.20354793740182586,0.19956343119134615,0.20800897291004533
4.874832991420323,4.874832991420323,3.304036664625431,3.304036664625431,0.20102829739772757,0.20379976795382432,0.19920161147113452,0.20749798256742588
4.924832991420323,4.924832991420323,3.354036664625431,3.354036664625431,0.20115106705703048,0.20398457696240282,0.19889508355970217,0.20705726726036994
4.974832991420323,4.974832991420323,3.4040366646254308,3.4040366646254308,0.20123225108396423,0.2041149475679634,0.19863264606842543,0.20667385437607613
5.024832991420323,5.024832991420323,3.4540366646254306,3.4540366646254306,0.20127958741485177,0.20420069197836366,0.19840515355286217,0.20633707846593044
5.0748329914203225,5.0748329914203225,3.5040366646254304,3.5040366646254304,0.20130000921576674,0.20425024994958194,0.19820582426929584,0.20603902051529038
5.124832991420322,5.124832991420322,3.55403666462543,3.55403666462543,0.20129858802550113,0.2042702158925386,0.19802916072570437,0.20577246655874
5.174832991420322,5.174832991420322,3.60403666462543,3.60403666462543,0.2012796759025784,0.2042660193930821,0.19787057950754205,0.20553187723805882
5.224832991420322,5.224832991420322,3.65403666462543,3.65403666462543,0.20124658944338072,0.20424228518230947,0.19772671892337954,0.20531287578562957
5.274832991420322,5.274832991420322,3.7040366646254297,3.7040366646254297,0.20120238182560385,0.20420252552219087,0.19759468948193695,0.2051114928605035
5.324832991420322,5.324832991420322,3.7540366646254295,3.7540366646254295,0.20114917000640004,0.20414986561923237,0.19747210620432273,0.20492492623485375
5.3748329914203214,5.3748329914203214,3.8040366646254293,3.8040366646254293,0.20108871256576374,0.2040867203321091,0.1973571260956056,0.20475075649631413
5.424832991420321,5.424832991420321,3.854036664625429,3.854036664625429,0.20102262438378365,0.20401516764550162,0.1972483201031471,0.20458682686264168
5.474832991420321,5.474832991420321,3.904036664625429,3.904036664625429,0.20095196907171248,0.20393671787448867,0.19714463331090878,0.20443166303409105
5.524832991420321,5.524832991420321,3.954036664625429,3.954036664625429,0.20087754354144113,0.20385275920771323,0.19704498391412453,0.2042834074108716
5.574832991420321,5.574832991420321,4.004036664625429,4.004036664625429,0.20080045580385456,0.20376451336313509,0.19694857661691034,0.20414149885167251
5.624832991420321,5.624832991420321,4.054036664625428,4.054036664625428,0.200721236182313,0.20367285139830768,0.1968550124645621,0.20400489815114373
5.67483299142032,5.67483299142032,4.104036664625428,4.104036664625428,0.20064005909703495,0.20357848832446557,0.19676331780060471,0.20387250231614057
5.72483299142032,5.72483299142032,4.154036664625428,4.154036664625428,0.20055766651032314,0.2034821137996222,0.1966734643071461,0.20374389031960677
5.77483299142032,5.77483299142032,4.204036664625428,4.204036664625428,0.20047428147438165,0.2033840391826046,0.1965850231768814,0.20361880658451537
5.82483299142032,5.82483299142032,4.254036664625428,4.254036664625428,0.20039027547097757,0.2032849839743714,0.1964978372286209,0.2034963701851658
5.87483299142032,5.87483299142032,4.3040366646254276,4.3040366646254276,0.20030549807855652,0.20318496582752488,0.19641153114639617,0.2033768699462339
5.9248329914203195,5.9248329914203195,4.354036664625427,4.354036664625427,0.20022045999615437,0.2030844605560625,0.19632591004555539,0.20325910960259425
5.974832991420319,5.974832991420319,4.404036664625427,4.404036664625427,0.20013520545437513,0.20298362738270845,0.19624097478106245,0.2031437613562144
6.024832991420319,6.024832991420319,4.454036664625427,4.454036664625427,0.2000497428827269,0.20288270872480355,0.19615674853967738,0.20302998804776523
6.074832991420319,6.074832991420319,4.504036664625427,4.504036664625427,0.19996436258501044,0.20278183354025242,0.19607290524879026,0.20291787624923593
6.124832991420319,6.124832991420319,4.554036664625427,4.554036664625427,0.19987882816068894,0.20268106573832792,0.19598936633856143,0.20280735795709048
6.174832991420319,6.174832991420319,4.6040366646254265,4.6040366646254265,0.19979340471003346,0.20258057721571182,0.19590634095647433,0.2026982047354099
6.224832991420318,6.224832991420318,4.654036664625426,4.654036664625426,0.19970816297122185,0.20248050589271518,0.19582340196158257,0.20259009742577633
6.274832991420318,6.274832991420318,4.704036664625426,4.704036664625426,0.1996228808296334,0.20238077710871125,0.19574085323489893,0.20248337695388313
0.041647684240731946,0.041647684240731946,4.754036664625426,4.754036664625426,0.1995378240784181,0.20228148993089076,0.19565863512348183,0.2023779494053995
0.09164768424073205,0.09164768424073205,4.804036664625426,4.804036664625426,0.1994604451847326,0.20219496705806803,0.19557673899911676,0.20227370075007636
0.14164768424073212,0.14164768424073212,4.854036664625426,4.854036664625426,0.1993947843403181,0.20212130659301147,0.19549675378932413,0.20217215749474585
0.19164768424073222,0.19164768424073222,4.904036664625425,4.904036664625425,0.19934071656702756,0.20205892044123516,0.19541949228979288,0.202074447698916
0.24164768424073232,0.24164768424073232,4.954036664625425,4.954036664625425,0.19929714464672402,0.2020067284089662,0.19534549369461618,0.20198128301826318
0.2916476842407324,0.2916476842407324,5.004036664625425,5.004036664625425,0.19926349431145496,0.20196421208510462,0.19527584007056153,0.2018930474968717
0.34164768424073244,0.34164768424073244,5.054036664625425,5.054036664625425,0.19923889877248585,0.20193068572729148,0.19521071268100007,0.20181025857917673
0.3916476842407325,0.3916476842407325,5.104036664625425,5.104036664625425,0.19922295107620777,0.20190548270382394,0.1951507457069471,0.20173321945146055
0.44164768424073253,0.44164768424073253,5.1540366646254245,5.1540366646254245,0.1992150138823623,0.20188829793767643,0.19509565970844184,0.20166197893647445
0.4916476842407326,0.4916476842407326,5.204036664625424,5.204036664625424,0.19921439144157793,0.2018782678162349,0.19504609916430862,0.2015968704014891
0.5416476842407326,0.5416476842407326,5.254036664625424,5.254036664625424,0.1992182137097526,0.20187273520649118,0.19500193086514223,0.20153766298974754
0.5916476842407327,0.5916476842407327,5.304036664625424,5.304036664625424,0.19922794024194607,0.2018730707748529,0.19496321317045456,0.2014848351835934
0.6416476842407327,0.6416476842407327,5.354036664625424,5.354036664625424,0.1992440850889004,0.2018797196132711,0.19492996803598503,0.20143745748965697
0.6916476842407328,0.6916476842407328,5.404036664625424,5.404036664625424,0.19926614752552863,0.2018923596142246,0.1949022079483086,0.20139626516830114
0.7416476842407328,0.7416476842407328,5.4540366646254235,5.4540366646254235,0.19929444314745104,0.2019105418872711,0.19487987668784026,0.20136091594931574
0.7916476842407328,0.7916476842407328,5.504036664625423,5.504036664625423,0.19933811426226739,0.20193723662936705,0.19486311642725115,0.20133155535277503
0.8416476842407329,0.8416476842407329,5.554036664625423,5.554036664625423,0.19940470654142242,0.201982416458999,0.19485352897962782,0.20130935011937692
0.8916476842407329,0.8916476842407329,5.604036664625423,5.604036664625423,0.19949344539114391,0.20204927376346163,0.1948521844701628,0.20129547548859647
0.941647684240733,0.941647684240733,5.654036664625423,5.654036664625423,0.19960219880014524,0.20213620301046276,0.19486081384780307,0.2012914311135533
0.991647684240733,0.991647684240733,5.704036664625423,5.704036664625423,0.19972891207346063,0.20224127966109567,0.19487999569447678,0.2012980046158903
1.041647684240733,1.041647684240733,5.754036664625422,5.754036664625422,0.19987173783530585,0.20236249290253183,0.19491075401147334,0.20131590906502667
1.091647684240733,1.091647684240733,5.804036664625422,5.804036664625422,0.20002145685613293,0.20249082404454105,0.1949527032488752,0.20134518544047822
1.141647684240733,1.141647684240733,5.854036664625422,5.854036664625422,0.20017198741647685,0.2026210646226366,0.19500502280853796,0.2013846316928177
1.191647684240733,1.191647684240733,5.904036664625422,5.904036664625422,0.20046729748122383,0.20298106520412082,0.19506914494562297,0.20143654910449107
1.2416476842407331,1.2416476842407331,5.954036664625422,5.954036664625422,0.20085725615392958,0.2034941258939915,0.19516636376714222,0.20152592379515574
1.2916476842407332,1.2916476842407332,6.0040366646254215,6.0040366646254215,0.20172796451232752,0.20436550482766003,0.19530966818524637,0.20166947240093358
1.3416476842407332,1.3416476842407332,6.054036664625421,6.054036664625421,0.20254448184561838,0.20570597688779754,0.1955433050854418,0.201897061832992
1.3916476842407333,1.3916476842407333,6.104036664625421,6.104036664625421,0.20495882201407623,0.20715805553683855,0.19590793686008587,0.20225770059424195
1.4416476842407333,1.4416476842407333,6.154036664625421,6.154036664625421,0.20697294116869894,0.20855257527144896,0.19641933609218276,0.2027763782977438
1.4916476842407334,1.4916476842407334,6.204036664625421,6.204036664625421,0.2086304837698058,0.2119258598459442,0.19713037093205085,0.20346164029004246
1.5416476842407334,1.5416476842407334,6.254036664625421,6.254036664625421,0.21313059024311987,0.21310113366708933,0.1979621713827417,0.20428744540646254
1.5916476842407334,1.5916476842407334,0.020851357445834284,0.020851357445834284,0.21409052479085905,0.21633566171035798,0.19910521352898045,0.20538327157634126
1.6416476842407335,1.6416476842407335,0.07085135744583436,0.07085135744583436,0.2195513574899814,0.21826393110671802,0.200277896858215,0.2065136654276104
1.6916476842407335,1.6916476842407335,0.12085135744583443,0.12085135744583443,0.22183206233504088,0.22247740923872905,0.20190155221034928,0.20806183148345542
1.7416476842407336,1.7416476842407336,0.1708513574458345,0.1708513574458345,0.22440048259228648,0.223199915954535,0.20345173033854536,0.20957810970139795
1.7916476842407336,1.7916476842407336,0.22085135744583456,0.22085135744583456,0.23325494869987495,0.23184746536607873,0.20546315116529765,0.2114946992047489
1.8416476842407337,1.8416476842407337,0.2708513574458346,0.2708513574458346,0.2317047685357565,0.23231136777831066,0.20798534618940298,0.213986432569376
1.8916476842407337,1.8916476842407337,0.32085135744583465,0.32085135744583465,0.23685017861819846,0.2331648358230929,0.20998512168879824,0.21595765299587338
1.9416476842407338,1.9416476842407338,0.3708513574458347,0.3708513574458347,0.2470557371865738,0.2428954732256073,0.21278599305122511,0.21858463326814168
1.9916476842407338,1.9916476842407338,0.42085135744583474,0.42085135744583474,0.24455560322543746,0.25263071989599195,0.21643985287751158,0.22228170434394057
2.0416476842407336,2.0416476842407336,0.4708513574458348,0.4708513574458348,0.24539220791549035,0.2500608962094378,0.21928892935748193,0.22549723550689157
2.0916476842407334,2.0916476842407334,0.5208513574458348,0.5208513574458348,0.2558728895925058,0.24869417452493975,0.22183067707436305,0.22809388944126577
2.1416476842407333,2.1416476842407333,0.5708513574458348,0.5708513574458348,0.2677202503581544,0.25511552352580025,0.22544404853591976,0.23131978383816856
2.191647684240733,2.191647684240733,0.6208513574458349,0.6208513574458349,0.26483029310610967,0.26759868742317994,0.22977833083121962,0.23539523326187275
2.241647684240733,2.241647684240733,0.6708513574458349,0.6708513574458349,0.2616153160976707,0.2806600836733901,0.2336687178271162,0.23977592194420974
2.2916476842407327,2.2916476842407327,0.720851357445835,0.720851357445835,0.26525290565608717,0.2842253449450518,0.23741768538849795,0.24453551156086992
2.3416476842407326,2.3416476842407326,0.770851357445835,0.770851357445835,0.27582037465996817,0.27951459555921787,0.24097082781835366,0.2486982327585967
2.3916476842407324,2.3916476842407324,0.820851357445835,0.820851357445835,0.2884115350451715,0.2760842051268257,0.24484868849361116,0.25239269699029
2.441647684240732,2.441647684240732,0.8708513574458351,0.8708513574458351,0.29434504450873267,0.27809895400682555,0.24924371607724755,0.2560340698801465
2.491647684240732,2.491647684240732,0.9208513574458351,0.9208513574458351,0.2900266627497301,0.2855157535062374,0.25317238846439183,0.25941861385189835
2.541647684240732,2.541647684240732,0.9708513574458352,0.9708513574458352,0.2866283441680227,0.29644009485380207,0.2564995941185991,0.26287277282438404
2.5916476842407317,2.5916476842407317,1.020851357445835,1.020851357445835,0.2875343153199342,0.3066336097153603,0.25978241814337416,0.2668560105419419
2.6416476842407315,2.6416476842407315,1.0708513574458352,1.0708513574458352,0.29220465627369285,0.31460719081496763,0.26333855094955777,0.27136556060243855
2.6916476842407313,2.6916476842407313,1.1208513574458352,1.1208513574458352,0.29916239845730963,0.3151794617525493,0.2672692615764674,0.276156419264349
2.741647684240731,2.741647684240731,1.1708513574458352,1.1708513574458352,0.30552811085230946,0.31039900799709247,0.27095936849764773,0.2802006367602985
2.791647684240731,2.791647684240731,1.2208513574458353,1.2208513574458353,0.31003964159319203,0.30614391846930056,0.2744223564491721,0.2834961006089002
2.8416476842407308,2.8416476842407308,1.2708513574458353,1.2708513574458353,0.308754521639883,0.3052992658939785,0.27763913558793,0.28625483358731324
2.8916476842407306,2.8916476842407306,1.3208513574458354,1.3208513574458354,0.30539440598498196,0.3065366224550071,0.28031806176536866,0.2885817897106664
2.9416476842407304,2.9416476842407304,1.3708513574458354,1.3708513574458354,0.30313674343095076,0.30807510785028763,0.28244534263699694,0.2907004386204556
2.9916476842407302,2.9916476842407302,1.4208513574458355,1.4208513574458355,0.3037412647297408,0.30740966643756873,0.2850000330062354,0.2926369441343531
3.04164768424073,3.04164768424073,1.4708513574458355,1.4708513574458355,0.30280201278704655,0.30425863378220747,0.2866191786032519,0.2942774735554599
3.09164768424073,3.09164768424073,1.5208513574458355,1.5208513574458355,0.2995154902848093,0.2988023777104377,0.28784522743861585,0.295335936180331
3.1416476842407297,3.1416476842407297,1.5708513574458356,1.5708513574458356,0.29404520759161346,0.2931724432664194,0.28842326698295057,0.29558465118244776
3.1916476842407295,3.1916476842407295,1.6208513574458356,1.6208513574458356,0.28641662627906117,0.29149859717162646,0.28847376661178914,0.29532940669368524
3.2416476842407294,3.2416476842407294,1.6708513574458357,1.6708513574458357,0.2813151634887407,0.291277177852485,0.2877777757590788,0.294743428353165
3.291647684240729,3.291647684240729,1.7208513574458357,1.7208513574458357,0.2808455160067761,0.2840700258713262,0.2866937657023861,0.294121985639293
3.341647684240729,3.341647684240729,1.7708513574458358,1.7708513574458358,0.27632957692582183,0.2741658324817323,0.28592762665976457,0.29300583450005885
3.391647684240729,3.391647684240729,1.8208513574458358,1.8208513574458358,0.2668681383091755,0.26287890367626376,0.28398269257607633,0.29088253045448836
3.4416476842407286,3.4416476842407286,1.8708513574458359,1.8708513574458359,0.25628950704327913,0.2515070184962213,0.2810347522260315,0.2879942247661494
3.4916476842407285,3.4916476842407285,1.920851357445836,1.920851357445836,0.2475658888551384,0.24845849489017652,0.2771502553369746,0.2841210808202289
3.5416476842407283,3.5416476842407283,1.970851357445836,1.970851357445836,0.2463853722295794,0.24531197873101648,0.2750523699444143,0.2817904509241316
3.591647684240728,3.591647684240728,2.020851357445836,2.020851357445836,0.23800994421445018,0.23510119925877465,0.2709125659751795,0.2774892537730795
3.641647684240728,3.641647684240728,2.070851357445836,2.070851357445836,0.23199070001464708,0.23046822716706364,0.26724457703382903,0.2719177071943814
3.6916476842407278,3.6916476842407278,2.1208513574458356,2.1208513574458356,0.22674179354992566,0.22357063921227524,0.2616556881065267,0.26630550530868413
3.7416476842407276,3.7416476842407276,2.1708513574458355,2.1708513574458355,0.22108160227946963,0.2181099605437408,0.25651539704445625,0.25992115893401235
3.7916476842407274,3.7916476842407274,2.2208513574458353,2.2208513574458353,0.21573357460499007,0.2122656219750312,0.25217114619574316,0.25347656906048394
3.8416476842407272,3.8416476842407272,2.270851357445835,2.270851357445835,0.21164135760465116,0.2081946185770455,0.246245068595863,0.24794633877579453
3.891647684240727,3.891647684240727,2.320851357445835,2.320851357445835,0.20788791869295092,0.20481789640289083,0.2422997368664451,0.24143329824505091
3.941647684240727,3.941647684240727,2.3708513574458348,2.3708513574458348,0.20431989383562388,0.2015061547913991,0.236483983802629,0.2359812329454411
3.9916476842407267,3.9916476842407267,2.4208513574458346,2.4208513574458346,0.20144648644089008,0.19813448142462634,0.2334540037182562,0.23081081825481053
4.0416476842407265,4.0416476842407265,2.4708513574458344,2.4708513574458344,0.19897742367051233,0.1957756611727,0.22807856606372465,0.2254952273330786
4.091647684240726,4.091647684240726,2.520851357445834,2.520851357445834,0.1969634650434616,0.19358510095493,0.2254175184451512,0.22203480628033062
4.141647684240726,4.141647684240726,2.570851357445834,2.570851357445834,0.1949031438510906,0.1917366329799055,0.2212728567628653,0.21852846594878556
4.191647684240726,4.191647684240726,2.620851357445834,2.620851357445834,0.19440145221531818,0.19076648515762604,0.21900317113279386,0.21453172871400594
4.241647684240726,4.241647684240726,2.6708513574458337,2.6708513574458337,0.1936547375799007,0.18971256379763968,0.21635914623975602,0.21185124520606166
4.291647684240726,4.291647684240726,2.7208513574458335,2.7208513574458335,0.193044313952341,0.18919758859384908,0.21401682854234266,0.20918041926295577
4.3416476842407254,4.3416476842407254,2.7708513574458333,2.7708513574458333,0.19278817205848184,0.189231982001828,0.21202372137003053,0.20668336901785994
4.391647684240725,4.391647684240725,2.820851357445833,2.820851357445833,0.19301903458852368,0.18962148579938876,0.20988697244057208,0.20444832023585371
4.441647684240725,4.441647684240725,2.870851357445833,2.870851357445833,0.19355742096242798,0.19042136850213992,0.20797854526662393,0.20266480126191008
4.491647684240725,4.491647684240725,2.920851357445833,2.920851357445833,0.19449409244948657,0.1914554502595104,0.20642077983379242,0.20130319016439718
4.541647684240725,4.541647684240725,2.9708513574458326,2.9708513574458326,0.19556992103696935,0.19240311331383023,0.2051197594946709,0.20018989658793074
4.591647684240725,4.591647684240725,3.0208513574458324,3.0208513574458324,0.19649379412976473,0.1931806732663097,0.2040301181319242,0.1992660517223923
4.641647684240724,4.641647684240724,3.0708513574458323,3.0708513574458323,0.19724894314181798,0.1938084032606456,0.2031129392647014,0.19849400445616489
4.691647684240724,4.691647684240724,3.120851357445832,3.120851357445832,0.19786114323323487,0.1943105590020739,0.20233458051098147,0.19784305611741496
4.741647684240724,4.741647684240724,3.170851357445832,3.170851357445832,0.1983534428554752,0.19470790088828602,0.20166717836543704,0.19728876496005024
4.791647684240724,4.791647684240724,3.2208513574458317,3.2208513574458317,0.19874512856797644,0.1950178988987609,0.2010886404617999,0.19681706419097175
4.841647684240724,4.841647684240724,3.2708513574458316,3.2708513574458316,0.19905282220969944,0.19525557342645863,0.20059021170083696,0.19641810208406507
4.8916476842407235,4.8916476842407235,3.3208513574458314,3.3208513574458314,0.19929116691717647,0.1954342703810802,0.2001646961660812,0.19608010192462413
4.941647684240723,4.941647684240723,3.370851357445831,3.370851357445831,0.199472549220323,0.19556494578384576,0.19979959607641215,0.19579146553685647
4.991647684240723,4.991647684240723,3.420851357445831,3.420851357445831,0.19960705299882028,0.19565652629464186,0.19948408279483165,0.1955428327773842
5.041647684240723,5.041647684240723,3.470851357445831,3.470851357445831,0.19970318447791513,0.19571637033189312,0.19920940641344947,0.19532669670600608
5.091647684240723,5.091647684240723,3.5208513574458307,3.5208513574458307,0.19976764958197832,0.1957503306814362,0.1989681012239243,0.1951371170679868
5.141647684240723,5.141647684240723,3.5708513574458305,3.5708513574458305,0.19980642047585176,0.19576332953593503,0.1987541394213874,0.19496895245069049
5.191647684240722,5.191647684240722,3.6208513574458303,3.6208513574458303,0.19982361248928693,0.19575927535414223,0.19856252397893367,0.19481843484822875
5.241647684240722,5.241647684240722,3.67085135744583,3.67085135744583,0.19982328172537756,0.19574132403848063,0.19838892108272985,0.194682354432549
5.291647684240722,5.291647684240722,3.72085135744583,3.72085135744583,0.19980854732679124,0.1957122135031403,0.1982304571863998,0.19455792875053068
5.341647684240722,5.341647684240722,3.7708513574458298,3.7708513574458298,0.1997817852622765,0.19567389387571038,0.19808419487946918,0.19444289982475677
5.391647684240722,5.391647684240722,3.8208513574458296,3.8208513574458296,0.1997452744221304,0.19562820374753093,0.19794819684722606,0.1943358156968461
5.4416476842407215,5.4416476842407215,3.8708513574458294,3.8708513574458294,0.19970071871866932,0.19557663890917937,0.19782077448319554,0.19423511367665602
5.491647684240721,5.491647684240721,3.9208513574458292,3.9208513574458292,0.1996493728831491,0.19552018864120913,0.19770040773363864,0.19413935965304038
5.541647684240721,5.541647684240721,3.970851357445829,3.970851357445829,0.19959253538881308,0.1954598828523292,0.19758547596669238,0.19404795266877498
5.591647684240721,5.591647684240721,4.020851357445829,4.020851357445829,0.19953137852864328,0.19539657835711807,0.19747575904892958,0.19395995874432417
5.641647684240721,5.641647684240721,4.070851357445829,4.070851357445829,0.1994663005988234,0.19533073470406145,0.19737000872766813,0.19387512416704866
5.691647684240721,5.691647684240721,4.1208513574458285,4.1208513574458285,0.1993983370382273,0.19526297933398837,0.19726765208385028,0.1937923262245632
5.7416476842407205,5.7416476842407205,4.170851357445828,4.170851357445828,0.19932785170727102,0.19519359819376414,0.19716800217924843,0.1937112940244175
5.79164768424072,5.79164768424072,4.220851357445828,4.220851357445828,0.19925536232975108,0.1951231551679838,0.19707085225082321,0.19363215032260644
5.84164768424072,5.84164768424072,4.270851357445828,4.270851357445828,0.1991811838153397,0.1950515763973975,0.19697579644005317,0.19355418593192897
5.89164768424072,5.89164768424072,4.320851357445828,4.320851357445828,0.19910551125388293,0.1949794200830449,0.1968823502196572,0.19347707790993646
5.94164768424072,5.94164768424072,4.370851357445828,4.370851357445828,0.1990288854603272,0.1949066907760063,0.1967905193901854,0.19340128669928777
5.99164768424072,5.99164768424072,4.4208513574458275,4.4208513574458275,0.19895138758742115,0.194833589836678,0.1966997906504594,0.19332588690107064
6.041647684240719,6.041647684240719,4.470851357445827,4.470851357445827,0.19887321522058063,0.1947602038576191,0.19661017469886502,0.19325128904533337
6.091647684240719,6.091647684240719,4.520851357445827,4.520851357445827,0.19879439272905328,0.19468656604901516,0.19652159412819006,0.19317727451271122
6.141647684240719,6.141647684240719,4.570851357445827,4.570851357445827,0.1987150612835816,0.1946128100607552,0.1964336065814707,0.19310356304421789
6.191647684240719,6.191647684240719,4.620851357445827,4.620851357445827,0.19863561571671579,0.1945390382230419,0.19634655048127517,0.19303036235588053
6.241647684240719,6.241647684240719,4.670851357445827,4.670851357445827,0.19855578304974597,0.19446536528420866,0.196260003132037,0.19295735839474337
0.008462377061132391,0.008462377061132391,4.720851357445826,4.720851357445826,0.1984758333852338,0.19439158040010793,0.19617406724079703,0.19288478745726942
0.0584623770611325,0.0584623770611325,4.770851357445826,4.770851357445826,0.19839733807227505,0.19431939121905503,0.19608876920083737,0.19281251079014458
0.10846237706113258,0.10846237706113258,4.820851357445826,4.820851357445826,0.19832828930549062,0.19425694265742843,0.19600423519455717,0.19274100255398055
0.15846237706113267,0.15846237706113267,4.870851357445826,4.870851357445826,0.19827133422443682,0.19420658362340543,0.19592189655631773,0.19267135330722215
0.20846237706113277,0.20846237706113277,4.920851357445826,4.920851357445826,0.1982255198155522,0.19416732371539586,0.19584260347758206,0.19260464035641078
0.25846237706113284,0.25846237706113284,4.9708513574458255,4.9708513574458255,0.19818985200073747,0.19413831315936117,0.19576719731987008,0.19254155805918266
0.3084623770611329,0.3084623770611329,5.020851357445825,5.020851357445825,0.19816353934183883,0.19411876184693716,0.19569625675812602,0.19248280926226968
0.35846237706113293,0.35846237706113293,5.070851357445825,5.070851357445825,0.19814601241777724,0.19410794130851955,0.19563038637828561,0.1924285826305678
0.408462377061133,0.408462377061133,5.120851357445825,5.120851357445825,0.19813661637768484,0.19410535737868226,0.19556944180756075,0.19237946051732507
0.458462377061133,0.458462377061133,5.170851357445825,5.170851357445825,0.19813487971289187,0.1941105816506111,0.19551416387895137,0.19233565733284794
0.5084623770611331,0.5084623770611331,5.220851357445825,5.220851357445825,0.19813958985766178,0.19412205644581926,0.1954642119752395,0.19229711033100297
0.5584623770611331,0.5584623770611331,5.2708513574458244,5.2708513574458244,0.19814862858228635,0.19413802479553294,0.1954201504967919,0.19226403371570175
0.6084623770611332,0.6084623770611332,5.320851357445824,5.320851357445824,0.19816382051557505,0.19416000803988928,0.19538139730106804,0.19223620134289007
0.6584623770611332,0.6584623770611332,5.370851357445824,5.370851357445824,0.19818490959966864,0.19418801081852707,0.19534842228453023,0.19221391307385222
0.7084623770611332,0.7084623770611332,5.420851357445824,5.420851357445824,0.19821180242877484,0.1942227611592011,0.1953209391707433,0.19219718094086
0.7584623770611333,0.7584623770611333,5.470851357445824,5.470851357445824,0.19824885349094562,0.19427471782078037,0.1952993783673899,0.19218607485751144
0.8084623770611333,0.8084623770611333,5.520851357445824,5.520851357445824,0.19830572565288682,0.19435017492814458,0.19528490880216398,0.19218212027629888
0.8584623770611334,0.8584623770611334,5.570851357445823,5.570851357445823,0.19838473140339197,0.19444836254767336,0.19527891250891766,0.19218705597353586
0.9084623770611334,0.9084623770611334,5.620851357445823,5.620851357445823,0.19848442003760655,0.19456693962723132,0.19528307025223232,0.19220202314877596
0.9584623770611335,0.9584623770611335,5.670851357445823,5.670851357445823,0.19860272995469538,0.19470425582411713,0.1952979788117495,0.1922278180101338
1.0084623770611334,1.0084623770611334,5.720851357445823,5.720851357445823,0.1987379045908463,0.1948581895784015,0.1953244903145697,0.19226533362493323
1.0584623770611334,1.0584623770611334,5.770851357445823,5.770851357445823,0.19888802156659632,0.19502685633637928,0.19536277779025343,0.1923148645318155
1.1084623770611335,1.1084623770611335,5.8208513574458225,5.8208513574458225,0.19905095519526225,0.19519685140041876,0.1954130236576588,0.19237622589169442
1.1584623770611335,1.1584623770611335,5.870851357445822,5.870851357445822,0.19921282565195048,0.1953784248347054,0.19547425120886175,0.1924483866275162
1.2084623770611336,1.2084623770611336,5.920851357445822,5.920851357445822,0.19961131213365288,0.19577080283981754,0.19555554935135938,0.19253929387087623
1.2584623770611336,1.2584623770611336,5.970851357445822,5.970851357445822,0.20013727495130149,0.19604903274564228,0.19567016493175937,0.19266155282136302
1.3084623770611337,1.3084623770611337,6.020851357445822,6.020851357445822,0.2007225935529915,0.1968265627528002,0.195833603348674,0.1928316454058427
1.3584623770611337,1.3584623770611337,6.070851357445822,6.070851357445822,0.20149952652276573,0.19822942062280355,0.1960566615602071,0.19307292163999887
1.4084623770611338,1.4084623770611338,6.120851357445821,6.120851357445821,0.20295818724389383,0.19994398061198312,0.19636033091450739,0.19340531652504397
1.4584623770611338,1.4584623770611338,6.170851357445821,6.170851357445821,0.20403357352386042,0.20192404674840192,0.19679410963327149,0.1938708968859632
1.5084623770611338,1.5084623770611338,6.220851357445821,6.220851357445821,0.20564726778668044,0.2031443119260652,0.19736666270967837,0.1944815298427331
1.5584623770611339,1.5584623770611339,6.270851357445821,6.270851357445821,0.2085714181464611,0.2054083890603865,0.19809309282706192,0.19525278783603328
1.608462377061134,1.608462377061134,0.037666050266234555,0.037666050266234555,0.21075245576144352,0.20981571637841095,0.19894895552877678,0.19615859578232178
1.658462377061134,1.658462377061134,0.08766605026623463,0.08766605026623463,0.21369940068953167,0.21066054041933766,0.20011029411597453,0.1973634635627379
1.708462377061134,1.708462377061134,0.1376660502662347,0.1376660502662347,0.21672079412760983,0.21718083839643296,0.20135819494121485,0.19868356421907798
1.758462377061134,1.758462377061134,0.18766605026623479,0.18766605026623479,0.22131315501967236,0.21678647080770033,0.2030035938990374,0.20037223772977716
1.808462377061134,1.808462377061134,0.23766605026623483,0.23766605026623483,0.22150750967972044,0.22317326235977455,0.2046352737931264,0.2020228086273625
1.8584623770611342,1.8584623770611342,0.2876660502662349,0.2876660502662349,0.23015954034068714,0.2261563507169174,0.20668170502465896,0.2042256837050263
1.9084623770611342,1.9084623770611342,0.3376660502662349,0.3376660502662349,0.23045489754027176,0.22696118829523731,0.20899590450644495,0.20646348921226546
1.9584623770611342,1.9584623770611342,0.38766605026623496,0.38766605026623496,0.23291201666767342,0.23727188261063087,0.21116633259509301,0.20872063365357302
2.008462377061134,2.008462377061134,0.437666050266235,0.437666050266235,0.24220376198433732,0.24004439454231455,0.21427155696658817,0.21205262378569992
2.058462377061134,2.058462377061134,0.48766605026623505,0.48766605026623505,0.24095388432571002,0.23805599532195798,0.21722441384928087,0.2149646397010072
2.1084623770611337,2.1084623770611337,0.537666050266235,0.537666050266235,0.24326501658556537,0.24531093379890992,0.2195181267078821,0.21728563913541862
2.1584623770611335,2.1584623770611335,0.5876660502662351,0.5876660502662351,0.2535395514288614,0.2578127766862285,0.22282242481792155,0.2207948831428728
2.2084623770611334,2.2084623770611334,0.6376660502662351,0.6376660502662351,0.2577026930391295,0.25914046154219333,0.227327818154244,0.22551477025781608
2.258462377061133,2.258462377061133,0.6876660502662352,0.6876660502662352,0.25437648082690406,0.2557034946091397,0.2305399300778461,0.22880509640454416
2.308462377061133,2.308462377061133,0.7376660502662352,0.7376660502662352,0.25734090804783916,0.2587413186231497,0.2329255770312873,0.23124580579030374
2.358462377061133,2.358462377061133,0.7876660502662353,0.7876660502662353,0.26735267814555186,0.26892731922234386,0.23596414099315363,0.23435687374053002
2.4084623770611326,2.4084623770611326,0.8376660502662353,0.8376660502662353,0.27834248253146554,0.28073171161333116,0.2405808113269243,0.23906160200099022
2.4584623770611325,2.4584623770611325,0.8876660502662354,0.8876660502662354,0.2770205663504414,0.2863273498770773,0.24596624968282368,0.24468501983122162
2.5084623770611323,2.5084623770611323,0.9376660502662354,0.9376660502662354,0.27283701631896423,0.2820132698106619,0.24958514626479458,0.2486572663847527
2.558462377061132,2.558462377061132,0.9876660502662354,0.9876660502662354,0.27343747318476913,0.27923586091840386,0.2521025314062161,0.2514115887299676
2.608462377061132,2.608462377061132,1.0376660502662354,1.0376660502662354,0.28003718129158045,0.281422844990823,0.25461864209786084,0.25398625136594916
2.6584623770611318,2.6584623770611318,1.0876660502662354,1.0876660502662354,0.2891687238657629,0.2878994828455693,0.2576938931740918,0.2569647251488878
2.7084623770611316,2.7084623770611316,1.1376660502662355,1.1376660502662355,0.29651085505862473,0.2958222427416063,0.2615604039443859,0.2606714575872927
2.7584623770611314,2.7584623770611314,1.1876660502662355,1.1876660502662355,0.29984528459366455,0.30187874786697366,0.26594656645725795,0.26494598991855606
2.808462377061131,2.808462377061131,1.2376660502662356,1.2376660502662356,0.29572031643912094,0.3059082129792276,0.26980307248215796,0.26891553796858747
2.858462377061131,2.858462377061131,1.2876660502662356,1.2876660502662356,0.29206005404187113,0.30284572071757737,0.27281513978101685,0.27223913543689315
2.908462377061131,2.908462377061131,1.3376660502662356,1.3376660502662356,0.2924045028661309,0.2995370114108852,0.2751255386846043,0.2749276324147712
2.9584623770611307,2.9584623770611307,1.3876660502662357,1.3876660502662357,0.2949062227465637,0.2983305909162229,0.2779130465397882,0.27703632906458314
3.0084623770611305,3.0084623770611305,1.4376660502662357,1.4376660502662357,0.29546389702599596,0.29928574649929,0.2799480998562305,0.2800387680271537
3.0584623770611303,3.0584623770611303,1.4876660502662358,1.4876660502662358,0.29374098053577646,0.2984105376713261,0.2818697518420249,0.28208039760389175
3.10846237706113,3.10846237706113,1.5376660502662358,1.5376660502662358,0.28987909675579504,0.2951977959432612,0.2832989271008591,0.28389791590824776
3.15846237706113,3.15846237706113,1.5876660502662359,1.5876660502662359,0.28771068914709047,0.2898272780623473,0.2838958356627502,0.2851862809226574
3.20846237706113,3.20846237706113,1.637666050266236,1.637666050266236,0.2870962969161877,0.28319563077759485,0.2843728751394362,0.28564739838367403
3.2584623770611296,3.2584623770611296,1.687666050266236,1.687666050266236,0.28346578612891976,0.28082153142061755,0.2845373148971355,0.28659740288554647
3.3084623770611294,3.3084623770611294,1.737666050266236,1.737666050266236,0.2763971385560852,0.2805919942056577,0.284600655814049,0.2864920617637441
3.3584623770611293,3.3584623770611293,1.787666050266236,1.787666050266236,0.26765012575471475,0.2732358694174681,0.2838999486282952,0.2859795140964932
3.408462377061129,3.408462377061129,1.837666050266236,1.837666050266236,0.25863432444884726,0.2639209960295222,0.2817575732396054,0.28403037763093875
3.458462377061129,3.458462377061129,1.8876660502662361,1.8876660502662361,0.2567143868346663,0.25367187649419304,0.2797013341796318,0.28236588811200514
3.5084623770611287,3.5084623770611287,1.9376660502662362,1.9376660502662362,0.250691464882499,0.24930962848574548,0.2782246742646594,0.27970201309292997
3.5584623770611286,3.5584623770611286,1.9876660502662362,1.9876660502662362,0.24230210405552977,0.24393331077275537,0.2752247530786843,0.27629899862798624
3.6084623770611284,3.6084623770611284,2.0376660502662363,2.0376660502662363,0.2370850950750292,0.2359160026159588,0.2730824117875641,0.27402018399986555
3.658462377061128,3.658462377061128,2.087666050266236,2.087666050266236,0.23156318629773884,0.2307411717651935,0.2684532275393266,0.2690483619113869
3.708462377061128,3.708462377061128,2.137666050266236,2.137666050266236,0.22637087059153788,0.22571243768581054,0.26362340033509435,0.2643357997417056
3.758462377061128,3.758462377061128,2.1876660502662357,2.1876660502662357,0.22160817365160337,0.2196753492908189,0.25744849447886,0.2597234435879088
3.8084623770611277,3.8084623770611277,2.2376660502662356,2.2376660502662356,0.21733021312007342,0.21574531068283195,0.2537659158099509,0.2558823224153133
3.8584623770611275,3.8584623770611275,2.2876660502662354,2.2876660502662354,0.21381271763677492,0.21241824365892403,0.24774229518096438,0.25035031822987625
3.9084623770611273,3.9084623770611273,2.337666050266235,2.337666050266235,0.21104279201167858,0.20908705261915617,0.24293810451574038,0.2452428997995634
3.958462377061127,3.958462377061127,2.387666050266235,2.387666050266235,0.2079351018830429,0.20535337631403594,0.23843411864911293,0.24133576951971297
4.008462377061127,4.008462377061127,2.437666050266235,2.437666050266235,0.20542169655615908,0.20222202006665355,0.23413069525170715,0.23590454782602327
4.058462377061127,4.058462377061127,2.4876660502662347,2.4876660502662347,0.20363954172343315,0.19958382872364483,0.2311822277716569,0.2330576100744397
4.108462377061127,4.108462377061127,2.5376660502662345,2.5376660502662345,0.20171350462589496,0.19775770841120457,0.22688829685550033,0.22874955057867732
4.158462377061126,4.158462377061126,2.5876660502662343,2.5876660502662343,0.20043002972338703,0.1959321271260541,0.22462326986157785,0.22509078138483654
4.208462377061126,4.208462377061126,2.637666050266234,2.637666050266234,0.19942748192347134,0.19465223137658108,0.22176765386342537,0.22264590124942105
4.258462377061126,4.258462377061126,2.687666050266234,2.687666050266234,0.19878029176538503,0.1938328030750586,0.2195670647588177,0.21922227335104452
4.308462377061126,4.308462377061126,2.7376660502662338,2.7376660502662338,0.19810126489828642,0.1932330322390577,0.2176604055512389,0.21682222714242552
4.358462377061126,4.358462377061126,2.7876660502662336,2.7876660502662336,0.19840871467583118,0.19339422996365624,0.21577948471263658,0.21416053863454307
4.4084623770611255,4.4084623770611255,2.8376660502662334,2.8376660502662334,0.19861008319760257,0.1938065881945327,0.2138702079330371,0.21180116102663935
4.458462377061125,4.458462377061125,2.8876660502662332,2.8876660502662332,0.199275718756,0.19458449910248668,0.2119760578177553,0.20987284221710886
4.508462377061125,4.508462377061125,2.937666050266233,2.937666050266233,0.20019605159069534,0.19565858341250908,0.21039725225811856,0.20834078984380677
4.558462377061125,4.558462377061125,2.987666050266233,2.987666050266233,0.2012578365702168,0.1967223026929626,0.20906638693700014,0.20706842512030854
4.608462377061125,4.608462377061125,3.0376660502662327,3.0376660502662327,0.20217416013399211,0.19759838669534127,0.20795789896898553,0.20601392903127838
4.658462377061125,4.658462377061125,3.0876660502662325,3.0876660502662325,0.20291397414447687,0.19830274022073457,0.20703000354129664,0.20513381695291397
4.7084623770611245,4.7084623770611245,3.1376660502662324,3.1376660502662324,0.2034999268624452,0.19886459852844585,0.20624296684357946,0.20439178743585948
4.758462377061124,4.758462377061124,3.187666050266232,3.187666050266232,0.20395786638305613,0.19930805173189517,0.20555320845847086,0.20375378658958257
4.808462377061124,4.808462377061124,3.237666050266232,3.237666050266232,0.20430876273689788,0.19965234017043515,0.20495283586266758,0.20320552493467572
4.858462377061124,4.858462377061124,3.287666050266232,3.287666050266232,0.2045718601147278,0.19991506577282533,0.2044398869074187,0.20274110224813408
4.908462377061124,4.908462377061124,3.3376660502662316,3.3376660502662316,0.20476360823244896,0.2001116315584723,0.20400132387582512,0.20234719792414638
4.958462377061124,4.958462377061124,3.3876660502662315,3.3876660502662315,0.20489764291361054,0.20025441591557042,0.20362331748883983,0.20201063104480887
5.008462377061123,5.008462377061123,3.4376660502662313,3.4376660502662313,0.20498505124770403,0.2003537715567691,0.20329447812980045,0.20172049173714812
5.058462377061123,5.058462377061123,3.487666050266231,3.487666050266231,0.20503467463221034,0.2004179494678715,0.20300537993358495,0.20146823511206013
5.108462377061123,5.108462377061123,3.537666050266231,3.537666050266231,0.20505353380714716,0.2004533614748593,0.2027491411291401,0.20124650085849805
5.158462377061123,5.158462377061123,3.5876660502662308,3.5876660502662308,0.20504784458371622,0.20046566782404066,0.20251947553152824,0.2010498527603085
5.208462377061123,5.208462377061123,3.6376660502662306,3.6376660502662306,0.20502221039600776,0.2004591211313046,0.20231151462995328,0.20087379166557998
5.2584623770611225,5.2584623770611225,3.6876660502662304,3.6876660502662304,0.20498043583178557,0.20043734264006463,0.20212146918817125,0.20071430720610564
5.308462377061122,5.308462377061122,3.7376660502662302,3.7376660502662302,0.2049258162480266,0.20040319727969122,0.20194630260138455,0.20056828784507288
5.358462377061122,5.358462377061122,3.78766605026623,3.78766605026623,0.20486080545393096,0.20035904694544776,0.20178300248576259,0.20043314795222808
5.408462377061122,5.408462377061122,3.83766605026623,3.83766605026623,0.20478755224908143,0.2003069272649492,0.2016298874827952,0.20030667444562486
5.458462377061122,5.458462377061122,3.8876660502662297,3.8876660502662297,0.20470764388826462,0.20024822776003187,0.2014851202593898,0.20018748649236986
5.508462377061122,5.508462377061122,3.9376660502662295,3.9376660502662295,0.20462270148924142,0.20018425505274062,0.20134732556628399,0.2000737502587415
5.5584623770611215,5.5584623770611215,3.9876660502662293,3.9876660502662293,0.20453357838118943,0.20011604534124142,0.20121538556924354,0.199965119468009
5.608462377061121,5.608462377061121,4.037666050266229,4.037666050266229,0.20444125342852185,0.20004442223807373,0.20108830272796674,0.19986049742743706
5.658462377061121,5.658462377061121,4.087666050266229,4.087666050266229,0.20434653620248222,0.19997003783778255,0.20096526953751084,0.1997589513782486
5.708462377061121,5.708462377061121,4.137666050266229,4.137666050266229,0.20424994182771278,0.199893501252838,0.20084567440697745,0.19966022061211733
5.758462377061121,5.758462377061121,4.187666050266229,4.187666050266229,0.20415191841891817,0.1998151409636926,0.20072925098504707,0.1995635841459475
5.808462377061121,5.808462377061121,4.2376660502662284,4.2376660502662284,0.20405312045223645,0.19973541168797374,0.2006154817591054,0.19946874811055001
5.85846237706112,5.85846237706112,4.287666050266228,4.287666050266228,0.20395367209397205,0.1996546550764706,0.20050396602496895,0.19937563853560564
5.90846237706112,5.90846237706112,4.337666050266228,4.337666050266228,0.20385397138755246,0.19957306061942828,0.2003943036936882,0.1992835258586589
5.95846237706112,5.95846237706112,4.387666050266228,4.387666050266228,0.20375389173927583,0.19949084550571083,0.20028657896761703,0.19919274429599057
6.00846237706112,6.00846237706112,4.437666050266228,4.437666050266228,0.20365388502054818,0.19940804413984686,0.2001804188767613,0.19910276497293797
6.05846237706112,6.05846237706112,4.487666050266228,4.487666050266228,0.20355405218327105,0.1993248779472073,0.2000755948700184,0.19901359532574273
6.1084623770611195,6.1084623770611195,4.537666050266227,4.537666050266227,0.20345457579769824,0.19924149493507398,0.1999723437566478,0.19892503879946066
6.158462377061119,6.158462377061119,4.587666050266227,4.587666050266227,0.20335534873843944,0.19915798832727222,0.1998700256166306,0.19883701189061878
6.208462377061119,6.208462377061119,4.637666050266227,4.637666050266227,0.20325659988670267,0.1990742852260418,0.19976905109317492,0.1987497084798118
6.258462377061119,6.258462377061119,4.687666050266227,4.687666050266227,0.20315820067354642,0.198990546201018,0.1996689340288974,0.19866249804212877
0.02527706988153266,0.02527706988153266,4.737666050266227,4.737666050266227,0.20306043489013842,0.19890681800802687,0.1995699570911984,0.19857581591857495
0.07527706988153277,0.07527706988153277,4.7876660502662265,4.7876660502662265,0.20297243204411128,0.19882764794151458,0.19947226856351205,0.19848999437878317
0.12527706988153284,0.12527706988153284,4.837666050266226,4.837666050266226,0.20289659480196393,0.1987590474079308,0.19937663359819136,0.19840532066397085
0.17527706988153294,0.17527706988153294,4.887666050266226,4.887666050266226,0.2028323003848327,0.19870220219901688,0.1992841439369467,0.19832340832114734
0.22527706988153304,0.22527706988153304,4.937666050266226,4.937666050266226,0.20277877598386035,0.19865625746860474,0.1991958634816897,0.19824485396969335
0.2752770698815331,0.2752770698815331,4.987666050266226,4.987666050266226,0.20273519220048647,0.19862013113674162,0.19911231127055234,0.19817006732409065
0.32527706988153315,0.32527706988153315,5.037666050266226,5.037666050266226,0.20270089063508123,0.1985934732097512,0.19903386062082132,0.19810007237786584
0.3752770698815332,0.3752770698815332,5.087666050266225,5.087666050266225,0.2026750725655341,0.19857523662196258,0.1989610433660363,0.19803514708677336
0.42527706988153324,0.42527706988153324,5.137666050266225,5.137666050266225,0.20265757115385516,0.19856524621956012,0.19889370607996945,0.19797516523657765
0.4752770698815333,0.4752770698815333,5.187666050266225,5.187666050266225,0.20264775884693154,0.19856281585350732,0.1988322551862545,0.19792083586765702
0.5252770698815333,0.5252770698815333,5.237666050266225,5.237666050266225,0.20264309185904822,0.1985655025793926,0.19877677719469117,0.1978721686606273
0.5752770698815334,0.5752770698815334,5.287666050266225,5.287666050266225,0.20264397179988436,0.1985735952807435,0.1987271743553339,0.19782889250803132
0.6252770698815334,0.6252770698815334,5.3376660502662245,5.3376660502662245,0.20265104067738446,0.19858773528198342,0.1986831732302358,0.19779123884256905
0.6752770698815335,0.6752770698815335,5.387666050266224,5.387666050266224,0.2026643546132294,0.19860804028724197,0.1986446997239803,0.19775908590331362
0.7252770698815335,0.7252770698815335,5.437666050266224,5.437666050266224,0.20268335639892232,0.19863391251396043,0.19861208928574983,0.19773264753119324
0.7752770698815336,0.7752770698815336,5.487666050266224,5.487666050266224,0.20270832210171807,0.1986715295739659,0.19858518894952334,0.19771179364695618
0.8252770698815336,0.8252770698815336,5.537666050266224,5.537666050266224,0.2027490256177986,0.19873053913449787,0.19856443101204477,0.19769750607437286
0.8752770698815336,0.8752770698815336,5.587666050266224,5.587666050266224,0.2028115388387312,0.19881199693179144,0.19855154151377677,0.19769152585753322
0.9252770698815337,0.9252770698815337,5.6376660502662235,5.6376660502662235,0.2028948333970307,0.1989140600990411,0.19854793531995332,0.19769496035241346
0.9752770698815337,0.9752770698815337,5.687666050266223,5.687666050266223,0.20299686940956904,0.1990347008670642,0.19855448321176264,0.1977090275664563
1.0252770698815337,1.0252770698815337,5.737666050266223,5.737666050266223,0.20311577091646224,0.19917191503710557,0.19857212897857188,0.1977343213973062
1.0752770698815337,1.0752770698815337,5.787666050266223,5.787666050266223,0.20324937872640647,0.19932346662740388,0.1986011182673916,0.19777134085402995
1.1252770698815338,1.1252770698815338,5.837666050266223,5.837666050266223,0.20340154047540254,0.19947513883689752,0.19864113612458523,0.19781984434520877
1.1752770698815338,1.1752770698815338,5.887666050266223,5.887666050266223,0.20361518982819052,0.1996902358734574,0.19869340247701464,0.19788034545020117
1.2252770698815338,1.2252770698815338,5.937666050266222,5.937666050266222,0.20413622082473384,0.19998373057430524,0.19877082098981508,0.197964331991207
1.2752770698815339,1.2752770698815339,5.987666050266222,5.987666050266222,0.2048331145937949,0.2006170794052361,0.1988990620994866,0.19808950591610178
1.325277069881534,1.325277069881534,6.037666050266222,6.037666050266222,0.20652115854747777,0.20160522369640943,0.19912071121367417,0.19829729768287363
1.375277069881534,1.375277069881534,6.087666050266222,6.087666050266222,0.20839464695236903,0.20245945154652462,0.1994386763456791,0.19858986780250878
1.425277069881534,1.425277069881534,6.137666050266222,6.137666050266222,0.20959087569500118,0.2035618164603501,0.19992757681589823,0.19901839451179984
1.475277069881534,1.475277069881534,6.1876660502662215,6.1876660502662215,0.21403377987503738,0.20505563489766993,0.20055355589815715,0.19957356542000318
1.525277069881534,1.525277069881534,6.237666050266221,6.237666050266221,0.21467213499955884,0.20724183900630408,0.20138028658355617,0.2002822754205208
1.5752770698815342,1.5752770698815342,0.0044807430866349975,0.0044807430866349975,0.2207190328045807,0.2102432578595708,0.20236978128053787,0.20113996893361952
1.6252770698815342,1.6252770698815342,0.05448074308663507,0.05448074308663507,0.2205394951885213,0.21092863580941232,0.20362686058760132,0.2022459417738353
1.6752770698815342,1.6752770698815342,0.10448074308663514,0.10448074308663514,0.2279917611687504,0.21670373158044018,0.20497963754188997,0.2034435941421308
1.7252770698815343,1.7252770698815343,0.1544807430866352,0.1544807430866352,0.230843144833044,0.21664428395338928,0.2069123997051079,0.2051285745799299
1.7752770698815343,1.7752770698815343,0.20448074308663527,0.20448074308663527,0.23130790955549652,0.22197300183473043,0.2086714064937468,0.20666185828549094
1.8252770698815344,1.8252770698815344,0.2544807430866353,0.2544807430866353,0.24083527655811288,0.22692432753438527,0.21085736761055154,0.20876070951996578
1.8752770698815344,1.8752770698815344,0.30448074308663536,0.30448074308663536,0.24852774184436,0.22579696449011177,0.21379984296934945,0.21130121622833475
1.9252770698815345,1.9252770698815345,0.3544807430866354,0.3544807430866354,0.24570015404107157,0.23425054786532884,0.21660314503435077,0.21368270306201922
1.9752770698815345,1.9752770698815345,0.40448074308663545,0.40448074308663545,0.24750951958726042,0.24054308770044125,0.21932406423458684,0.21649089322267584
2.0252770698815343,2.0252770698815343,0.4544807430866355,0.4544807430866355,0.2582257962637389,0.23784429457528053,0.22218602759479392,0.21933743591093885
2.075277069881534,2.075277069881534,0.5044807430866355,0.5044807430866355,0.27184078626082486,0.24175909373633583,0.22585855496310803,0.22245282435079908
2.125277069881534,2.125277069881534,0.5544807430866355,0.5544807430866355,0.27430056273157244,0.25294845106602837,0.2306828769297537,0.22656345637343944
2.175277069881534,2.175277069881534,0.6044807430866356,0.6044807430866356,0.26944616795650017,0.2638095030822494,0.23508175685758742,0.23091385818985563
2.2252770698815336,2.2252770698815336,0.6544807430866356,0.6544807430866356,0.26795748654055473,0.261037282115129,0.23836455345425578,0.2346420056303233
2.2752770698815334,2.2752770698815334,0.7044807430866357,0.7044807430866357,0.2738054756179873,0.2581752505783492,0.24096964635967602,0.23743392371252955
2.3252770698815333,2.3252770698815333,0.7544807430866357,0.7544807430866357,0.2851501440220796,0.2613568318338048,0.24397497460015388,0.24023496952833526
2.375277069881533,2.375277069881533,0.8044807430866358,0.8044807430866358,0.29797066995732224,0.27094096542443197,0.24832109858782678,0.24411804870062245
2.425277069881533,2.425277069881533,0.8544807430866358,0.8544807430866358,0.3087377108915935,0.28255581160841736,0.25417969106618005,0.24949146923098772
2.4752770698815327,2.4752770698815327,0.9044807430866358,0.9044807430866358,0.31156042472219875,0.2926194769970402,0.26100622505281473,0.2560172640972897
2.5252770698815326,2.5252770698815326,0.9544807430866359,0.9544807430866359,0.3055489942667453,0.29570092337954307,0.26633819468015124,0.26162148822645964
2.5752770698815324,2.5752770698815324,1.0044807430866358,1.0044807430866358,0.3011077542353138,0.29127548474367526,0.26969734617464325,0.2653854651774896
2.625277069881532,2.625277069881532,1.0544807430866359,1.0544807430866359,0.30065467430884607,0.2876542211105889,0.2722138811489225,0.268186010929678
2.675277069881532,2.675277069881532,1.104480743086636,1.104480743086636,0.3029132957172945,0.2883824077246629,0.2745193791419383,0.27061428066909043
2.725277069881532,2.725277069881532,1.154480743086636,1.154480743086636,0.30699281817938984,0.29301242291491675,0.2769522336990607,0.273112951845888
2.7752770698815317,2.7752770698815317,1.204480743086636,1.204480743086636,0.31195304719920813,0.2999787107427687,0.27972124066820186,0.27597129348524335
2.8252770698815315,2.8252770698815315,1.254480743086636,1.254480743086636,0.3152808224833703,0.3057346052187553,0.2827893416028237,0.2792284428073102
2.8752770698815313,2.8752770698815313,1.304480743086636,1.304480743086636,0.3160443390987128,0.3090735931713578,0.285861747110874,0.2825973933727096
2.925277069881531,2.925277069881531,1.3544807430866361,1.3544807430866361,0.31438570235195845,0.310073281532317,0.2886553528848083,0.2859400438316951
2.975277069881531,2.975277069881531,1.4044807430866362,1.4044807430866362,0.3115712665689945,0.3082605618785334,0.2910946579325026,0.2886641672337814
3.025277069881531,3.025277069881531,1.4544807430866362,1.4544807430866362,0.3090784020046472,0.30555852593642324,0.29279336426394215,0.2907795818283393
3.0752770698815306,3.0752770698815306,1.5044807430866363,1.5044807430866363,0.3066350328294294,0.30331489594461186,0.2942092393145493,0.2923672157722211
3.1252770698815304,3.1252770698815304,1.5544807430866363,1.5544807430866363,0.30212992727636256,0.30116559867815273,0.29521608625683043,0.29341425642079205
3.1752770698815302,3.1752770698815302,1.6044807430866364,1.6044807430866364,0.295220643065033,0.2967051012789681,0.29537040997986647,0.29394205706514914
3.22527706988153,3.22527706988153,1.6544807430866364,1.6544807430866364,0.28620241426021836,0.2900056118131269,0.29494338642230866,0.29366327057056313
3.27527706988153,3.27527706988153,1.7044807430866364,1.7044807430866364,0.275526692689628,0.281451779754537,0.2939431713957479,0.2932865124253021
3.3252770698815297,3.3252770698815297,1.7544807430866365,1.7544807430866365,0.26858430543448464,0.2725199895909368,0.29153371111911935,0.2918764387553998
3.3752770698815295,3.3752770698815295,1.8044807430866365,1.8044807430866365,0.26816538554012087,0.26939125064080965,0.2885987845405583,0.28954019086922317
3.4252770698815294,3.4252770698815294,1.8544807430866366,1.8544807430866366,0.2594162097501088,0.26752150099230376,0.28710321315360626,0.2877388450516495
3.475277069881529,3.475277069881529,1.9044807430866366,1.9044807430866366,0.24820023503572544,0.2578065253877693,0.28371422112468175,0.28543614500599995
3.525277069881529,3.525277069881529,1.9544807430866367,1.9544807430866367,0.23931216627684732,0.24782000953058161,0.2787265801503029,0.2813610172659896
3.575277069881529,3.575277069881529,2.0044807430866367,2.0044807430866367,0.23610010977213383,0.2435943386340033,0.2736973191246249,0.27620378615726077
3.6252770698815286,3.6252770698815286,2.0544807430866365,2.0544807430866365,0.22740077654123442,0.23578390064748841,0.26843897645128634,0.2722433420596815
3.6752770698815285,3.6752770698815285,2.1044807430866364,2.1044807430866364,0.22208807443729703,0.22998052055467577,0.2633311441494571,0.26603071326285094
3.7252770698815283,3.7252770698815283,2.154480743086636,2.154480743086636,0.21670391341918954,0.22315172086767882,0.25812425357032937,0.2605174253505251
3.775277069881528,3.775277069881528,2.204480743086636,2.204480743086636,0.21092187873473037,0.21783268158569413,0.2524050151318217,0.2536997578354818
3.825277069881528,3.825277069881528,2.254480743086636,2.254480743086636,0.2080205929225753,0.21301574774583376,0.24660985249535997,0.247068116791882
3.8752770698815278,3.8752770698815278,2.3044807430866356,2.3044807430866356,0.20430288549432055,0.2078500750448816,0.24243554939730583,0.24041793930001326
3.9252770698815276,3.9252770698815276,2.3544807430866355,2.3544807430866355,0.2012076734776581,0.20448489156814376,0.23646982498067212,0.23476787282429618
3.9752770698815274,3.9752770698815274,2.4044807430866353,2.4044807430866353,0.19854589865977756,0.19999758415839217,0.23370547380448697,0.23026271109990412
4.025277069881527,4.025277069881527,2.454480743086635,2.454480743086635,0.19640542348430054,0.19788060528230025,0.22845653823452286,0.2247708187427653
4.075277069881527,4.075277069881527,2.504480743086635,2.504480743086635,0.19493487547521363,0.19559434575801085,0.22625504311780342,0.2201083419044301
4.125277069881527,4.125277069881527,2.5544807430866348,2.5544807430866348,0.1937392298184093,0.1932249943326276,0.2229189285962939,0.21589835909580618
4.175277069881527,4.175277069881527,2.6044807430866346,2.6044807430866346,0.19304337305069869,0.19121330602183437,0.22058769227377395,0.2119615837734538
4.2252770698815265,4.2252770698815265,2.6544807430866344,2.6544807430866344,0.19242843389668518,0.18962608983763604,0.21934288665930166,0.20853861049204594
4.275277069881526,4.275277069881526,2.704480743086634,2.704480743086634,0.19236305433079354,0.1885163646280866,0.2169989251304976,0.2052431314566809
4.325277069881526,4.325277069881526,2.754480743086634,2.754480743086634,0.1926453396721927,0.18804771446632773,0.21516992105715196,0.20245465107272145
4.375277069881526,4.375277069881526,2.804480743086634,2.804480743086634,0.19342113239358666,0.18812159551532875,0.2134017637731074,0.20013986821751079
4.425277069881526,4.425277069881526,2.8544807430866337,2.8544807430866337,0.19456635857390472,0.188486344094986,0.21161254645129715,0.1983258548457004
4.475277069881526,4.475277069881526,2.9044807430866335,2.9044807430866335,0.19580024885923483,0.18935047247902048,0.21006488582623106,0.19694809330323385
4.5252770698815254,4.5252770698815254,2.9544807430866333,2.9544807430866333,0.19690062866219743,0.190301221636939,0.2087637665150095,0.19583871794242658
4.575277069881525,4.575277069881525,3.004480743086633,3.004480743086633,0.19781305391848544,0.19110310627658564,0.2076726744277443,0.1949166425360603
4.625277069881525,4.625277069881525,3.054480743086633,3.054480743086633,0.19855798637878797,0.19175503748744024,0.20675496071634825,0.1941454303793138
4.675277069881525,4.675277069881525,3.104480743086633,3.104480743086633,0.19916083122900682,0.19228049837175668,0.20597659262962895,0.1934950176628474
4.725277069881525,4.725277069881525,3.1544807430866326,3.1544807430866326,0.19964398821694218,0.19270021970065193,0.2053051410464856,0.19294159025412447
4.775277069881525,4.775277069881525,3.2044807430866324,3.2044807430866324,0.2000261119788016,0.19303090633837997,0.20471044450343773,0.1924688116401554
4.825277069881524,4.825277069881524,3.2544807430866323,3.2544807430866323,0.20032296025433466,0.19328730242644904,0.2041910268833655,0.19206893819315388
4.875277069881524,4.875277069881524,3.304480743086632,3.304480743086632,0.20054922413454684,0.19348249405514,0.20374488202941984,0.19173121842611576
4.925277069881524,4.925277069881524,3.354480743086632,3.354480743086632,0.20071791099613512,0.1936282318650282,0.20336038937850137,0.19144422965707605
4.975277069881524,4.975277069881524,3.4044807430866317,3.4044807430866317,0.2008393363983824,0.1937333567751515,0.2030262001306433,0.1911981769524067
5.025277069881524,5.025277069881524,3.4544807430866316,3.4544807430866316,0.2009220741484919,0.19380543879075685,0.20273321585173204,0.19098582559628072
5.0752770698815235,5.0752770698815235,3.5044807430866314,3.5044807430866314,0.20097298739183314,0.19385049017438735,0.20247441633512012,0.1908006426401916
5.125277069881523,5.125277069881523,3.554480743086631,3.554480743086631,0.2009981361295142,0.19387364418226516,0.20224353136738848,0.190637842315813
5.175277069881523,5.175277069881523,3.604480743086631,3.604480743086631,0.20100196616882904,0.1938789214475079,0.20203540307192847,0.19049321206530623
5.225277069881523,5.225277069881523,3.654480743086631,3.654480743086631,0.20098837146452994,0.19386946686164477,0.20184641553954713,0.19036342687895122
5.275277069881523,5.275277069881523,3.7044807430866307,3.7044807430866307,0.20096060773945612,0.19384819235826964,0.20167295121542836,0.1902459753081171
5.325277069881523,5.325277069881523,3.7544807430866305,3.7544807430866305,0.2009212335710011,0.19381714825077678,0.20151240255306377,0.1901381978105535
5.375277069881522,5.375277069881522,3.8044807430866303,3.8044807430866303,0.2008724188271434,0.19377833735636038,0.20136265771674844,0.19003866744131304
5.425277069881522,5.425277069881522,3.85448074308663,3.85448074308663,0.2008159112090503,0.19373303740057674,0.2012219515423998,0.18994582400208454
5.475277069881522,5.475277069881522,3.90448074308663,3.90448074308663,0.20075314302091185,0.19368288116106766,0.20108832208313207,0.18985838726434423
5.525277069881522,5.525277069881522,3.95448074308663,3.95448074308663,0.2006853882618729,0.19362833084628853,0.20096132329971644,0.18977540967384773
5.575277069881522,5.575277069881522,4.00448074308663,4.00448074308663,0.20061348285153263,0.1935705171892585,0.20083924107305806,0.18969610576253976
5.6252770698815215,5.6252770698815215,4.054480743086629,4.054480743086629,0.20053825359706218,0.1935098997316848,0.20072166187645257,0.1896198171500997
5.675277069881521,5.675277069881521,4.104480743086629,4.104480743086629,0.20046036308599055,0.193447209630986,0.2006079051937624,0.1895458311037836
5.725277069881521,5.725277069881521,4.154480743086629,4.154480743086629,0.20038043245041945,0.19338288262570405,0.20049727149498336,0.18947397371606745
5.775277069881521,5.775277069881521,4.204480743086629,4.204480743086629,0.2002987371998636,0.19331706058296777,0.20038902464717573,0.18940367633824853
5.825277069881521,5.825277069881521,4.254480743086629,4.254480743086629,0.20021586936892305,0.19325024097631718,0.20028311905490165,0.18933482303562255
5.875277069881521,5.875277069881521,4.3044807430866285,4.3044807430866285,0.20013196319475038,0.19318259518779424,0.20017933587305237,0.18926714911907982
5.9252770698815205,5.9252770698815205,4.354480743086628,4.354480743086628,0.20004727809356945,0.19311427580560767,0.20007749704927388,0.1892003436975384
5.97527706988152,5.97527706988152,4.404480743086628,4.404480743086628,0.19996213041671348,0.19304549601196533,0.1999768528088349,0.18913431779594414
6.02527706988152,6.02527706988152,4.454480743086628,4.454480743086628,0.1998766280619227,0.19297658682488397,0.19987786259993368,0.18906886056573707
6.07527706988152,6.07527706988152,4.504480743086628,4.504480743086628,0.1997908352618106,0.19290724216980693,0.19977976704527967,0.18900411059909175
6.12527706988152,6.12527706988152,4.554480743086628,4.554480743086628,0.19970492043651908,0.19283778421191966,0.19968311174845557,0.18893963984713102
6.17527706988152,6.17527706988152,4.6044807430866275,4.6044807430866275,0.19961905376666028,0.1927682309216677,0.19958686585814,0.18887565848051305
6.225277069881519,6.225277069881519,4.654480743086627,4.654480743086627,0.19953306788158695,0.1926987119840916,0.19949197014314474,0.1888118771409021
6.275277069881519,6.275277069881519,4.704480743086627,4.704480743086627,0.1994472957467985,0.1926291818648593,0.19939790663578832,0.1887484994886772
0.042091762701932926,0.042091762701932926,4.754480743086627,4.754480743086627,0.1993615856892784,0.19255964749162055,0.1993043532117708,0.18868542039982292
0.09209176270193303,0.09209176270193303,4.804480743086627,4.804480743086627,0.1992838200337631,0.19249778711186666,0.19921208252617392,0.18862276557966468
0.1420917627019331,0.1420917627019331,4.854480743086627,4.854480743086627,0.19921796900079283,0.19244775359458977,0.19912166733456724,0.18856153047420948
0.1920917627019332,0.1920917627019332,4.904480743086626,4.904480743086626,0.19916384712187,0.1924091776075746,0.1990344188433039,0.18850289231681921
0.2420917627019333,0.2420917627019333,4.954480743086626,4.954480743086626,0.19912041931342642,0.19238099085209237,0.19895119559157204,0.18844756229889667
0.2920917627019334,0.2920917627019334,5.004480743086626,5.004480743086626,0.19908678773950528,0.1923625224485595,0.1988722541571599,0.18839610453007308
0.3420917627019334,0.3420917627019334,5.054480743086626,5.054480743086626,0.19906229947134915,0.19235315378360746,0.19879799787398464,0.18834904434387875
0.39209176270193347,0.39209176270193347,5.104480743086626,5.104480743086626,0.19904638265585847,0.1923522069164362,0.19872904107176828,0.1883068728423834
0.4420917627019335,0.4420917627019335,5.1544807430866255,5.1544807430866255,0.19903835589449426,0.19235901651698145,0.19866535529693913,0.18826964391866816
0.49209176270193355,0.49209176270193355,5.204480743086625,5.204480743086625,0.199037585055542,0.19237318830518632,0.19860743394311506,0.18823787656897936
0.5420917627019336,0.5420917627019336,5.254480743086625,5.254480743086625,0.19904131954454532,0.19239166486985743,0.19855515288441197,0.18821122280547958
0.5920917627019336,0.5920917627019336,5.304480743086625,5.304480743086625,0.19905064462878574,0.19241574497330555,0.19850829763333167,0.18818966609448953
0.6420917627019337,0.6420917627019337,5.354480743086625,5.354480743086625,0.19906636253901674,0.1924460630910237,0.19846724686527115,0.18817350902769114
0.6920917627019337,0.6920917627019337,5.404480743086625,5.404480743086625,0.19908787484835094,0.1924828499174334,0.19843183291442654,0.18816265497703877
0.7420917627019338,0.7420917627019338,5.4544807430866245,5.4544807430866245,0.1991153870230793,0.19253673931571014,0.19840236741715112,0.18815730076772685
0.7920917627019338,0.7920917627019338,5.504480743086624,5.504480743086624,0.19915839984714304,0.19261478135617457,0.1983795060966179,0.18815879326470603
0.8420917627019339,0.8420917627019339,5.554480743086624,5.554480743086624,0.19922325829271795,0.19271609131959208,0.19836507078419777,0.18816877020877676
0.8920917627019339,0.8920917627019339,5.604480743086624,5.604480743086624,0.19930936419177006,0.1928386931451809,0.19835993121233683,0.1881882766165007
0.942091762701934,0.942091762701934,5.654480743086624,5.654480743086624,0.19941467419761041,0.1929802661967605,0.19836582157413032,0.18821855695136655
0.992091762701934,0.992091762701934,5.704480743086624,5.704480743086624,0.19953742072466665,0.19313925318557373,0.19838285467387193,0.18826028348226123
1.042091762701934,1.042091762701934,5.754480743086623,5.754480743086623,0.19967581192243644,0.19331363016717232,0.19841178382320174,0.18831373896164658
1.092091762701934,1.092091762701934,5.804480743086623,5.804480743086623,0.1998197507896186,0.19349637859284102,0.1984528186701384,0.18837907806033602
1.142091762701934,1.142091762701934,5.854480743086623,5.854480743086623,0.1999678258479053,0.19368652819288568,0.19850443836192438,0.18845515519275868
1.192091762701934,1.192091762701934,5.904480743086623,5.904480743086623,0.20040837680627288,0.1941740391027839,0.19857688666648932,0.18855306495145666
1.242091762701934,1.242091762701934,5.954480743086623,5.954480743086623,0.2007004704373344,0.19456392971885636,0.1986846670821214,0.18868641122218252
1.2920917627019342,1.2920917627019342,6.0044807430866225,6.0044807430866225,0.20119234603885772,0.19508843354679792,0.19881840124456265,0.1888485385786623
1.3420917627019342,1.3420917627019342,6.054480743086622,6.054480743086622,0.20191336634176615,0.19638972083343093,0.19902248689516502,0.18908765956400914
1.3920917627019342,1.3920917627019342,6.104480743086622,6.104480743086622,0.20257642792771824,0.1988430043509944,0.19930190921949076,0.18941884059579472
1.4420917627019343,1.4420917627019343,6.154480743086622,6.154480743086622,0.2033538086129739,0.20067817162838117,0.19967088550008188,0.1898746877494619
1.4920917627019343,1.4920917627019343,6.204480743086622,6.204480743086622,0.20403339680080318,0.20361652882928247,0.20017397725262803,0.19053230928992956
1.5420917627019344,1.5420917627019344,6.254480743086622,6.254480743086622,0.2058854918187631,0.20681507690808454,0.20074944278378054,0.19128574307236945
1.5920917627019344,1.5920917627019344,0.021295435907035264,0.021295435907035264,0.206605696321842,0.21132186163637354,0.20154632832340827,0.19236490332640444
1.6420917627019345,1.6420917627019345,0.07129543590703534,0.07129543590703534,0.21002829105664278,0.2127740508722692,0.20247038693505107,0.1935590796200284
1.6920917627019345,1.6920917627019345,0.12129543590703541,0.12129543590703541,0.21115505765816975,0.22157784491546584,0.20361564228975262,0.19503069184906102
1.7420917627019346,1.7420917627019346,0.17129543590703547,0.17129543590703547,0.215559274714547,0.2210179483554509,0.2050953548552737,0.19689792785918736
1.7920917627019346,1.7920917627019346,0.22129543590703554,0.22129543590703554,0.21596951763238006,0.22511469712398213,0.20652677892048893,0.19861293746795852
1.8420917627019346,1.8420917627019346,0.2712954359070356,0.2712954359070356,0.22377187783580926,0.2360754809140158,0.20846581679896672,0.20097243342093862
1.8920917627019347,1.8920917627019347,0.32129543590703563,0.32129543590703563,0.22396705892479415,0.2352435088457063,0.2110942110441235,0.20404131371715592
1.9420917627019347,1.9420917627019347,0.3712954359070357,0.3712954359070357,0.22592767727546725,0.23614611112504144,0.21295584027533995,0.20622378510493816
1.9920917627019348,1.9920917627019348,0.4212954359070357,0.4212954359070357,0.2363196417173377,0.24647784569923778,0.21541169281240202,0.20893770109453996
2.0420917627019346,2.0420917627019346,0.47129543590703576,0.47129543590703576,0.23721026998842265,0.25923529173735504,0.2192553303589108,0.2131381143131566
2.0920917627019344,2.0920917627019344,0.5212954359070358,0.5212954359070358,0.23535469680854257,0.2590575744556346,0.22264278960811257,0.2172667490481083
2.1420917627019342,2.1420917627019342,0.5712954359070358,0.5712954359070358,0.24353027331821228,0.25572154615894105,0.22518922429743288,0.22030285653386983
2.192091762701934,2.192091762701934,0.6212954359070358,0.6212954359070358,0.25589812255277905,0.25777766960797915,0.22833828599148126,0.2233519508753937
2.242091762701934,2.242091762701934,0.6712954359070359,0.6712954359070359,0.2559823553763312,0.26716728076215174,0.23231962091031746,0.2270221985144401
2.2920917627019337,2.2920917627019337,0.7212954359070359,0.7212954359070359,0.2523687647341934,0.2813196786101017,0.23607598558891585,0.23107193686852717
2.3420917627019335,2.3420917627019335,0.771295435907036,0.771295435907036,0.2553841145216222,0.294941169723533,0.23995291945825542,0.23591261659834598
2.3920917627019334,2.3920917627019334,0.821295435907036,0.821295435907036,0.26518743674912,0.29940205490839444,0.24464976787239856,0.2418504963364204
2.442091762701933,2.442091762701933,0.8712954359070361,0.8712954359070361,0.27667621228041633,0.2937185957257943,0.24937023408498357,0.24701846707543526
2.492091762701933,2.492091762701933,0.9212954359070361,0.9212954359070361,0.28019693174508103,0.28879505711916187,0.25379185141532473,0.2510445647770707
2.542091762701933,2.542091762701933,0.9712954359070362,0.9712954359070362,0.27632109847050895,0.28907459275611597,0.2571232056001534,0.2539031585808848
2.5920917627019326,2.5920917627019326,1.021295435907036,1.021295435907036,0.27417824814045927,0.2933685548642363,0.2598643387966306,0.25649746599764317
2.6420917627019325,2.6420917627019325,1.0712954359070361,1.0712954359070361,0.27785373266464997,0.30044159464928194,0.2625729688479538,0.25932812159395235
2.6920917627019323,2.6920917627019323,1.1212954359070362,1.1212954359070362,0.2857395017400312,0.30837831456443376,0.26572892058879516,0.2627080820851395
2.742091762701932,2.742091762701932,1.1712954359070362,1.1712954359070362,0.29358763041777225,0.31502852505936546,0.2696433612910166,0.26679938816624
2.792091762701932,2.792091762701932,1.2212954359070363,1.2212954359070363,0.2992920656640666,0.3190550807767701,0.27401350892549603,0.271217154563053
2.8420917627019318,2.8420917627019318,1.2712954359070363,1.2712954359070363,0.30180053966672266,0.31964436238170085,0.278293427503176,0.2753962783291128
2.8920917627019316,2.8920917627019316,1.3212954359070364,1.3212954359070364,0.2980473070174817,0.31578433582461063,0.2817530472560434,0.2788131755466577
2.9420917627019314,2.9420917627019314,1.3712954359070364,1.3712954359070364,0.29472842928091497,0.3123101248764093,0.2843684517638427,0.28138318348943014
2.9920917627019312,2.9920917627019312,1.4212954359070364,1.4212954359070364,0.29435563864830205,0.31078827369070083,0.28683167984277214,0.283429603845946
3.042091762701931,3.042091762701931,1.4712954359070365,1.4712954359070365,0.295458863192348,0.3102836741405227,0.28880155912341826,0.2853137637157127
3.092091762701931,3.092091762701931,1.5212954359070365,1.5212954359070365,0.2943988709548798,0.3071820482171076,0.2905057919374257,0.2874698927339852
3.1420917627019307,3.1420917627019307,1.5712954359070366,1.5712954359070366,0.29108721319079445,0.3015428823967764,0.2918958974314232,0.28826271445404644
3.1920917627019305,3.1920917627019305,1.6212954359070366,1.6212954359070366,0.2857267284047536,0.2936121992676518,0.2923734373641301,0.2891505091034782
3.2420917627019303,3.2420917627019303,1.6712954359070367,1.6712954359070367,0.2809513669211907,0.2837083444382284,0.29300310863242973,0.28822505737198145
3.29209176270193,3.29209176270193,1.7212954359070367,1.7212954359070367,0.2809347765330707,0.2736289569630632,0.2918652530562091,0.2877491930461758
3.34209176270193,3.34209176270193,1.7712954359070368,1.7712954359070368,0.27915060051945606,0.2691193781514048,0.2911096346710169,0.28569460103473215
3.39209176270193,3.39209176270193,1.8212954359070368,1.8212954359070368,0.271474124033392,0.27014553687265147,0.29045160956377797,0.2836973611427612
3.4420917627019296,3.4420917627019296,1.8712954359070368,1.8712954359070368,0.2620204909415975,0.2622899622010828,0.28867303051021304,0.2817263486189702
3.4920917627019294,3.4920917627019294,1.9212954359070369,1.9212954359070369,0.25279217118529096,0.2507481896337621,0.2858098266317102,0.278944226717012
3.5420917627019293,3.5420917627019293,1.971295435907037,1.971295435907037,0.25159215169690075,0.23880306348968866,0.2815780454012408,0.2747200559990976
3.592091762701929,3.592091762701929,2.021295435907037,2.021295435907037,0.2448429796945956,0.23125979981364236,0.2785833063404245,0.2714818585864461
3.642091762701929,3.642091762701929,2.071295435907037,2.071295435907037,0.23820978852284386,0.23078052955010034,0.2734280443020717,0.2671867012092603
3.6920917627019287,3.6920917627019287,2.1212954359070366,2.1212954359070366,0.23285194222126626,0.22150591470005124,0.27001322153978585,0.26295781883240593
3.7420917627019286,3.7420917627019286,2.1712954359070364,2.1712954359070364,0.2284804095051298,0.2172073526309179,0.2639776281698207,0.2583314771598172
3.7920917627019284,3.7920917627019284,2.2212954359070363,2.2212954359070363,0.22320650305623133,0.21149857547896586,0.25834913764384915,0.2536582450505269
3.842091762701928,3.842091762701928,2.271295435907036,2.271295435907036,0.2185930105035411,0.20648244051123715,0.2520886386514082,0.2476394059299016
3.892091762701928,3.892091762701928,2.321295435907036,2.321295435907036,0.21510470944532614,0.20206899530028366,0.24568400832131052,0.24360873975313657
3.942091762701928,3.942091762701928,2.3712954359070357,2.3712954359070357,0.21102905446392167,0.19847632444049082,0.24040891194928135,0.23694476485895616
3.9920917627019277,3.9920917627019277,2.4212954359070356,2.4212954359070356,0.20725826183844645,0.1953012814464827,0.23557465570908734,0.2324483823256685
4.0420917627019275,4.0420917627019275,2.4712954359070354,2.4712954359070354,0.2044110851411912,0.19273466684897433,0.23040616636334932,0.22768031687936233
4.092091762701927,4.092091762701927,2.521295435907035,2.521295435907035,0.20192371202122458,0.19078015832147668,0.22662891450689165,0.22287915737045902
4.142091762701927,4.142091762701927,2.571295435907035,2.571295435907035,0.19934792882722005,0.18908835951721356,0.22290996477273298,0.21939135060377526
4.192091762701927,4.192091762701927,2.621295435907035,2.621295435907035,0.1970549083040296,0.18828635876721744,0.21918507695396086,0.21546944663754972
4.242091762701927,4.242091762701927,2.6712954359070347,2.6712954359070347,0.19537351676160827,0.18763855594524717,0.21607119964876503,0.2120247586133429
4.292091762701927,4.292091762701927,2.7212954359070345,2.7212954359070345,0.19410191739554736,0.1874141122068198,0.2136744435145083,0.20920857784471988
4.342091762701926,4.342091762701926,2.7712954359070343,2.7712954359070343,0.19293853384201756,0.18745150228024174,0.21095382415775227,0.20653458713586706
4.392091762701926,4.392091762701926,2.821295435907034,2.821295435907034,0.192480218346354,0.18818469499343346,0.2084627582513262,0.20423599306484938
4.442091762701926,4.442091762701926,2.871295435907034,2.871295435907034,0.19246357475037865,0.18910113312372187,0.20638957898478844,0.2023977465527279
4.492091762701926,4.492091762701926,2.9212954359070338,2.9212954359070338,0.19294852498467344,0.19020973259599605,0.20473259108741346,0.20099722740723458
4.542091762701926,4.542091762701926,2.9712954359070336,2.9712954359070336,0.19389500684080682,0.19116300094225352,0.20335944251074403,0.19987164336927182
4.5920917627019255,4.5920917627019255,3.0212954359070334,3.0212954359070334,0.19487572186451999,0.1919459360648812,0.20220117304710772,0.1989385700102896
4.642091762701925,4.642091762701925,3.0712954359070332,3.0712954359070332,0.19569122758796975,0.19257613896919507,0.20122557311136252,0.19816287295904245
4.692091762701925,4.692091762701925,3.121295435907033,3.121295435907033,0.19635543973551484,0.19307886617676145,0.2003974314010389,0.19751171047325644
4.742091762701925,4.742091762701925,3.171295435907033,3.171295435907033,0.19689305517749014,0.19347549632404928,0.19968851056210044,0.19695939946751323
4.792091762701925,4.792091762701925,3.2212954359070327,3.2212954359070327,0.1973246163102366,0.19378409105382174,0.19908059091273797,0.19649091175912256
4.842091762701925,4.842091762701925,3.2712954359070325,3.2712954359070325,0.19766805546402655,0.1940203350498355,0.19856176036897719,0.1960959618744226
4.8920917627019245,4.8920917627019245,3.3212954359070324,3.3212954359070324,0.19793857032100443,0.19419761959162932,0.19811911968124649,0.19576195348867925
4.942091762701924,4.942091762701924,3.371295435907032,3.371295435907032,0.1981488876697348,0.19432695643170939,0.1977381446466498,0.1954773479021304
4.992091762701924,4.992091762701924,3.421295435907032,3.421295435907032,0.1983094293088217,0.19441725458421333,0.19740825010439028,0.19523301155779396
5.042091762701924,5.042091762701924,3.471295435907032,3.471295435907032,0.19842878730151708,0.19447580713618232,0.1971203099526809,0.19502125606033768
5.092091762701924,5.092091762701924,3.5212954359070316,3.5212954359070316,0.1985141134196214,0.19450870368114945,0.19686706906921556,0.19483597567735728
5.142091762701924,5.142091762701924,3.5712954359070315,3.5712954359070315,0.19857118676833319,0.19452063281675636,0.19664262317263084,0.19467220553227849
5.192091762701923,5.192091762701923,3.6212954359070313,3.6212954359070313,0.1986048051700275,0.19451564026802548,0.1964420547125421,0.19452592128468577
5.242091762701923,5.242091762701923,3.671295435907031,3.671295435907031,0.19861923015560423,0.19449694292343905,0.19626124883455529,0.19439398973115343
5.292091762701923,5.292091762701923,3.721295435907031,3.721295435907031,0.19861748132677257,0.194467170336992,0.196096935852415,0.19427342880029516
5.342091762701923,5.342091762701923,3.7712954359070308,3.7712954359070308,0.19860252280445534,0.1944285446815774,0.1959461923974613,0.1941623132344845
5.392091762701923,5.392091762701923,3.8212954359070306,3.8212954359070306,0.19857651250049488,0.1943827138896025,0.19580684001911516,0.1940586719760852
5.4420917627019225,5.4420917627019225,3.8712954359070304,3.8712954359070304,0.19854145310490884,0.19433119845668054,0.19567730798918884,0.19396124904963621
5.492091762701922,5.492091762701922,3.9212954359070302,3.9212954359070302,0.19849868282238342,0.19427495906366132,0.19555526020734118,0.19386876672410794
5.542091762701922,5.542091762701922,3.97129543590703,3.97129543590703,0.19844979300239257,0.19421533206942196,0.19543991829760726,0.1937802464727553
5.592091762701922,5.592091762701922,4.02129543590703,4.02129543590703,0.19839574136056043,0.19415267979532275,0.1953303026361691,0.19369510483325889
5.642091762701922,5.642091762701922,4.07129543590703,4.07129543590703,0.19833729669725492,0.19408774547109242,0.19522519450249118,0.19361269545425044
5.692091762701922,5.692091762701922,4.1212954359070295,4.1212954359070295,0.19827525182129768,0.19402094281372304,0.19512399761724442,0.19353238671077977
5.7420917627019215,5.7420917627019215,4.171295435907029,4.171295435907029,0.19821043250095383,0.19395290296763418,0.19502633591647497,0.19345392878047799
5.792091762701921,5.792091762701921,4.221295435907029,4.221295435907029,0.1981430387993119,0.193883663131787,0.194931288750474,0.1933766977192568
5.842091762701921,5.842091762701921,4.271295435907029,4.271295435907029,0.1980736686543747,0.19381378624934598,0.19483879305090726,0.1933006274511085
5.892091762701921,5.892091762701921,4.321295435907029,4.321295435907029,0.19800271141835335,0.19374323425012857,0.19474798627994444,0.19322552401156717
5.942091762701921,5.942091762701921,4.371295435907029,4.371295435907029,0.19793031600522054,0.19367220566888232,0.1946591260738462,0.19315128428459907
5.992091762701921,5.992091762701921,4.4212954359070284,4.4212954359070284,0.19785690630606423,0.1936009414727583,0.19457179285309983,0.19307752097486933
6.04209176270192,6.04209176270192,4.471295435907028,4.471295435907028,0.19778260729486308,0.19352958080653396,0.19448568461988255,0.1930044339183892
6.09209176270192,6.09209176270192,4.521295435907028,4.521295435907028,0.19770751838997114,0.19345799283999482,0.19440069561561615,0.19293173372562056
6.14209176270192,6.14209176270192,4.571295435907028,4.571295435907028,0.19763184583541374,0.1933864498289012,0.1943165371778302,0.1928594236246621
6.19209176270192,6.19209176270192,4.621295435907028,4.621295435907028,0.1975557462923745,0.1933149033537327,0.19423341247855383,0.19278739391391156
6.24209176270192,6.24209176270192,4.671295435907028,4.671295435907028,0.19747919417907947,0.19324330146538599,0.19415090598265025,0.19271576409755697
0.008906455522333372,0.008906455522333372,4.721295435907027,4.721295435907027,0.19740239210757207,0.19317187117214268,0.19406892388761657,0.1926441220416365
0.05890645552233348,0.05890645552233348,4.771295435907027,4.771295435907027,0.19732707969446925,0.1931022273125871,0.1939878907814345,0.1925730008091332
0.10890645552233356,0.10890645552233356,4.821295435907027,4.821295435907027,0.19726113693651884,0.1930421149706562,0.19390761136336215,0.19250241727526698
0.15890645552233365,0.15890645552233365,4.871295435907027,4.871295435907027,0.19720712587380268,0.19299424638370619,0.19382954424175272,0.1924338062319809
0.20890645552233375,0.20890645552233375,4.921295435907027,4.921295435907027,0.19716429377054698,0.1929575710718754,0.19375471325789004,0.19236809468150498
0.2589064555223338,0.2589064555223338,4.9712954359070265,4.9712954359070265,0.1971314166153463,0.19293099325158852,0.19368376420284175,0.19230581463847066
0.30890645552233387,0.30890645552233387,5.021295435907026,5.021295435907026,0.1971079297355758,0.1929138456809774,0.19361727764520104,0.19224786684600445
0.3589064555223339,0.3589064555223339,5.071295435907026,5.071295435907026,0.19709306494649076,0.19290555084860864,0.19355553760429195,0.19219453005714196
0.40890645552233396,0.40890645552233396,5.121295435907026,5.121295435907026,0.1970863773180381,0.19290538972421786,0.19349915520752684,0.19214619223794233
0.458906455522334,0.458906455522334,5.171295435907026,5.171295435907026,0.19708732912442056,0.19291305511964268,0.19344820245199018,0.19210315251523344
0.508906455522334,0.508906455522334,5.221295435907026,5.221295435907026,0.1970944949065342,0.19292692936857678,0.19340273656871287,0.1920653770861681
0.5589064555223341,0.5589064555223341,5.271295435907025,5.271295435907025,0.19710626416010618,0.192945353127418,0.1933628831195797,0.19203284932988868
0.6089064555223341,0.6089064555223341,5.321295435907025,5.321295435907025,0.19712388976767303,0.1929696085769655,0.1933282913492642,0.19200587374714884
0.6589064555223342,0.6589064555223342,5.371295435907025,5.371295435907025,0.19714757234543684,0.19300000543757398,0.1932995931042672,0.19198432643974567
0.7089064555223342,0.7089064555223342,5.421295435907025,5.421295435907025,0.1971769663916415,0.19303863313935157,0.19327634165716984,0.19196821686990057
0.7589064555223343,0.7589064555223343,5.471295435907025,5.471295435907025,0.19721855945189692,0.19309667971735212,0.19325916072648427,0.19195805990424666
0.8089064555223343,0.8089064555223343,5.5212954359070245,5.5212954359070245,0.1972813686753236,0.1931785407371877,0.19324902929931076,0.1919554819231594
0.8589064555223344,0.8589064555223344,5.571295435907024,5.571295435907024,0.19736627084184338,0.19328274453715888,0.19324810046172392,0.19196200534104876
0.9089064555223344,0.9089064555223344,5.621295435907024,5.621295435907024,0.19747150114323608,0.19340711926508775,0.19325706540726906,0.19197874988895322
0.9589064555223344,0.9589064555223344,5.671295435907024,5.671295435907024,0.19759535023776092,0.19355005049245494,0.19327726015197058,0.1920067471173891
1.0089064555223344,1.0089064555223344,5.721295435907024,5.721295435907024,0.1977359319578878,0.19370929576433718,0.19330881986048484,0.19204666390382805
1.0589064555223344,1.0589064555223344,5.771295435907024,5.771295435907024,0.1978912379973508,0.19388316850243262,0.1933522056701518,0.19209866098903416
1.1089064555223345,1.1089064555223345,5.8212954359070235,5.8212954359070235,0.19804990390485758,0.19406137847904484,0.19340768729195346,0.1921625858058775
1.1589064555223345,1.1589064555223345,5.871295435907023,5.871295435907023,0.1982048581388098,0.1942881442659638,0.1934732624355318,0.19223694951181508
1.2089064555223346,1.2089064555223346,5.921295435907023,5.921295435907023,0.1987751616229705,0.19466541948214164,0.19356171496702715,0.19233467099318902
1.2589064555223346,1.2589064555223346,5.971295435907023,5.971295435907023,0.19942045622920762,0.195333092066606,0.19370318995964605,0.19247883271279517
1.3089064555223346,1.3089064555223346,6.021295435907023,6.021295435907023,0.20081279408139885,0.1957642586411212,0.1939274251723348,0.1926910730482952
1.3589064555223347,1.3589064555223347,6.071295435907023,6.071295435907023,0.20274879925776873,0.19679368976067818,0.19423505588114964,0.1929711146835879
1.4089064555223347,1.4089064555223347,6.121295435907022,6.121295435907022,0.20329905915966576,0.19863272513563873,0.19468433040380637,0.19337065169089646
1.4589064555223348,1.4589064555223348,6.171295435907022,6.171295435907022,0.2071064682547907,0.20131827649048256,0.19525454871191422,0.19389605085609243
1.5089064555223348,1.5089064555223348,6.221295435907022,6.221295435907022,0.20791641880555184,0.20259733466858074,0.19603717081317332,0.1946319504593602
1.5589064555223349,1.5589064555223349,6.271295435907022,6.271295435907022,0.21316461017183794,0.20591480425478906,0.19703838827569084,0.1955796362829282
1.608906455522335,1.608906455522335,0.038110128727435535,0.038110128727435535,0.21310532984007693,0.2095340801000355,0.19820503766954287,0.19666544962916918
1.658906455522335,1.658906455522335,0.08811012872743561,0.08811012872743561,0.22046460889097616,0.2117529783501137,0.1995978798547469,0.19805030361418668
1.708906455522335,1.708906455522335,0.1381101287274357,0.1381101287274357,0.222067705763834,0.21533719375072383,0.2013443455745986,0.19961870904986023
1.758906455522335,1.758906455522335,0.18811012872743577,0.18811012872743577,0.22412693912553194,0.2195133789130599,0.2031280625609194,0.20139602178281152
1.808906455522335,1.808906455522335,0.2381101287274358,0.2381101287274358,0.23488133520131818,0.21978558502656936,0.20521994416858408,0.20335299380474262
1.8589064555223351,1.8589064555223351,0.28811012872743585,0.28811012872743585,0.23722475125633338,0.22903603894716443,0.20822342959093296,0.20600219273249612
1.9089064555223352,1.9089064555223352,0.3381101287274359,0.3381101287274359,0.2352979252600627,0.23232620801003634,0.21112009522521968,0.20893520612180327
1.9589064555223352,1.9589064555223352,0.38811012872743594,0.38811012872743594,0.24296637324974418,0.23076567397833783,0.21346709835339997,0.2113028881995995
2.008906455522335,2.008906455522335,0.438110128727436,0.438110128727436,0.25636029328267107,0.23801903566734628,0.21671015193968715,0.21418700996383774
2.058906455522335,2.058906455522335,0.48811012872743603,0.48811012872743603,0.26141512115463234,0.24999265925161412,0.22162613163188918,0.21861105075877216
2.1089064555223347,2.1089064555223347,0.538110128727436,0.538110128727436,0.2566675656250641,0.25285573215930474,0.22607131879203837,0.22309686900414707
2.1589064555223345,2.1589064555223345,0.5881101287274361,0.5881101287274361,0.2564236018240045,0.2494647012484945,0.22885755913313088,0.2260593864402757
2.2089064555223343,2.2089064555223343,0.6381101287274361,0.6381101287274361,0.2645429778666521,0.2511473663033171,0.23136260909160342,0.22849817552994223
2.258906455522334,2.258906455522334,0.6881101287274362,0.6881101287274362,0.27807122780829324,0.26066809121803586,0.23506999184978197,0.23190361040366878
2.308906455522334,2.308906455522334,0.7381101287274362,0.7381101287274362,0.2909892376267666,0.2735553004197196,0.24078990008399556,0.2372032232788204
2.358906455522334,2.358906455522334,0.7881101287274362,0.7881101287274362,0.29758678759821544,0.2849461977674326,0.24814196005673506,0.24421783799424276
2.4089064555223336,2.4089064555223336,0.8381101287274363,0.8381101287274363,0.291509345369315,0.28595706946244076,0.2541368616029634,0.25034804953164813
2.4589064555223334,2.4589064555223334,0.8881101287274363,0.8881101287274363,0.2870976335534553,0.2814876412261613,0.2575379293494009,0.2539909235787337
2.5089064555223333,2.5089064555223333,0.9381101287274364,0.9381101287274364,0.28690210850650205,0.27881720506897384,0.2600248501796137,0.2566284959097118
2.558906455522333,2.558906455522333,0.9881101287274364,0.9881101287274364,0.291307953130593,0.28106925353418666,0.26247003092976057,0.25909412305764484
2.608906455522333,2.608906455522333,1.0381101287274364,1.0381101287274364,0.2987328623935927,0.28795925119470445,0.2653326401117461,0.26190899778479276
2.6589064555223327,2.6589064555223327,1.0881101287274364,1.0881101287274364,0.3076484530657737,0.29745474354175105,0.26892093840282943,0.26544192333797767
2.7089064555223326,2.7089064555223326,1.1381101287274364,1.1381101287274364,0.31489824527223537,0.3059935748318129,0.27343738814795565,0.2699521935945123
2.7589064555223324,2.7589064555223324,1.1881101287274365,1.1881101287274365,0.3195731435022271,0.3121318327490642,0.2782965205783491,0.27486860867938184
2.808906455522332,2.808906455522332,1.2381101287274365,1.2381101287274365,0.3210716054056788,0.31601186797628006,0.2829192398709497,0.27962035988439143
2.858906455522332,2.858906455522332,1.2881101287274366,1.2881101287274366,0.3169553419135333,0.31271211458533826,0.2866263622070963,0.28354423291962405
2.908906455522332,2.908906455522332,1.3381101287274366,1.3381101287274366,0.3132479493803068,0.30892301114069853,0.2893976056441706,0.2865048409033017
2.9589064555223317,2.9589064555223317,1.3881101287274367,1.3881101287274367,0.31143640481967777,0.30627692493795494,0.29167018301233294,0.2887145993045028
3.0089064555223315,3.0089064555223315,1.4381101287274367,1.4381101287274367,0.31152856142236335,0.3069811695520607,0.2935201693882836,0.29145129045386503
3.0589064555223313,3.0589064555223313,1.4881101287274368,1.4881101287274368,0.3095939803841397,0.3065985422128775,0.29503974120241533,0.2933650839806888
3.108906455522331,3.108906455522331,1.5381101287274368,1.5381101287274368,0.3050658147947421,0.30367714578001637,0.2962174807987634,0.2950230837563338
3.158906455522331,3.158906455522331,1.5881101287274368,1.5881101287274368,0.29817682673438295,0.29836465352775327,0.29655099136638036,0.295677459880422
3.208906455522331,3.208906455522331,1.6381101287274369,1.6381101287274369,0.2891923881607654,0.2908868455770471,0.2961487606143307,0.29553218241915374
3.2589064555223306,3.2589064555223306,1.688110128727437,1.688110128727437,0.27904790810444385,0.2817750928874757,0.2946270159631707,0.2943667806751849
3.3089064555223304,3.3089064555223304,1.738110128727437,1.738110128727437,0.2740525454694335,0.277257524835966,0.2927878131450189,0.2926971897275847
3.3589064555223302,3.3589064555223302,1.788110128727437,1.788110128727437,0.2743904126262596,0.27756117247861695,0.2909003128406586,0.29121817334704275
3.40890645552233,3.40890645552233,1.838110128727437,1.838110128727437,0.26949568961349313,0.27308714523569977,0.288904605937108,0.28981055631856933
3.45890645552233,3.45890645552233,1.888110128727437,1.888110128727437,0.2581110887686106,0.2625223954286608,0.2863881131691047,0.28811731012431946
3.5089064555223297,3.5089064555223297,1.9381101287274372,1.9381101287274372,0.24628640458438716,0.25133175818351133,0.28329224536016506,0.28431184244944957
3.5589064555223295,3.5589064555223295,1.9881101287274372,1.9881101287274372,0.23604190695666458,0.24176929901977257,0.277963782897448,0.2788736234000939
3.6089064555223294,3.6089064555223294,2.0381101287274372,2.0381101287274372,0.2350445209048542,0.24131994227507028,0.27299339140183965,0.27483463897257454
3.658906455522329,3.658906455522329,2.088110128727437,2.088110128727437,0.23010541797229234,0.23437060255835715,0.26797971051436753,0.27036085369529994
3.708906455522329,3.708906455522329,2.138110128727437,2.138110128727437,0.2217455560744733,0.2260323680378006,0.2644545178668443,0.26603285047971015
3.758906455522329,3.758906455522329,2.1881101287274367,2.1881101287274367,0.21754035348384404,0.2220505368824517,0.25764587156206464,0.25939124342578473
3.8089064555223286,3.8089064555223286,2.2381101287274365,2.2381101287274365,0.21157186768999262,0.21490041202972238,0.2532332837563748,0.25368951951593305
3.8589064555223285,3.8589064555223285,2.2881101287274364,2.2881101287274364,0.20721909900933552,0.21229051976212046,0.24564435361421333,0.24737784518607256
3.9089064555223283,3.9089064555223283,2.338110128727436,2.338110128727436,0.20262452937433437,0.20772766833605533,0.24206007806717042,0.24102060065873235
3.958906455522328,3.958906455522328,2.388110128727436,2.388110128727436,0.19919043767716216,0.20377800971563545,0.23480213171725386,0.2356787761442185
4.008906455522328,4.008906455522328,2.438110128727436,2.438110128727436,0.19626246620729892,0.1996949257137932,0.2315631338673448,0.2310014443709652
4.058906455522328,4.058906455522328,2.4881101287274356,2.4881101287274356,0.19470013656745142,0.1970314844793385,0.22570179435914925,0.22526648409107078
4.108906455522328,4.108906455522328,2.5381101287274355,2.5381101287274355,0.1926972049481926,0.19417383655945766,0.2228956068958694,0.22136720892403214
4.158906455522327,4.158906455522327,2.5881101287274353,2.5881101287274353,0.19089859590112027,0.19179530162518849,0.21932330992160962,0.2178440600417504
4.208906455522327,4.208906455522327,2.638110128727435,2.638110128727435,0.19056854319391392,0.19003338384432789,0.2156742323431344,0.21394230497118688
4.258906455522327,4.258906455522327,2.688110128727435,2.688110128727435,0.18980735879669575,0.18862541375470532,0.21354878533714605,0.21059060397275217
4.308906455522327,4.308906455522327,2.7381101287274348,2.7381101287274348,0.18993529514664603,0.1877446598468662,0.21184658458136632,0.20804933225069233
4.358906455522327,4.358906455522327,2.7881101287274346,2.7881101287274346,0.19007178398112634,0.1872449049669048,0.20934078970295808,0.20529298554762315
4.4089064555223265,4.4089064555223265,2.8381101287274344,2.8381101287274344,0.1906554238388296,0.18709916696431322,0.20756669858804394,0.20284506755911616
4.458906455522326,4.458906455522326,2.8881101287274342,2.8881101287274342,0.1912330189827843,0.18745175652245016,0.2056185600728785,0.20079173954839272
4.508906455522326,4.508906455522326,2.938110128727434,2.938110128727434,0.1922909702279614,0.1883499998938282,0.2040430896580521,0.19921366777235663
4.558906455522326,4.558906455522326,2.988110128727434,2.988110128727434,0.19332473394708433,0.18935570525160467,0.20279061856539163,0.19797995716858477
4.608906455522326,4.608906455522326,3.0381101287274337,3.0381101287274337,0.19419604877497826,0.1902313801710648,0.20174634278049655,0.1969524240479773
4.658906455522326,4.658906455522326,3.0881101287274335,3.0881101287274335,0.19490830264068482,0.1909511800087944,0.20086918380459842,0.1960894118658218
4.7089064555223255,4.7089064555223255,3.1381101287274333,3.1381101287274333,0.19548444170149698,0.1915370028946542,0.20012675288686385,0.19535882243391914
4.758906455522325,4.758906455522325,3.188110128727433,3.188110128727433,0.19594557793319678,0.19200922070860602,0.1994921540111245,0.19473538815332242
4.808906455522325,4.808906455522325,3.238110128727433,3.238110128727433,0.19631036334698923,0.19238639067740623,0.19895162359260835,0.19420669877988245
4.858906455522325,4.858906455522325,3.288110128727433,3.288110128727433,0.19659544611990176,0.19268439169289106,0.19849406935525213,0.19375964874488658
4.908906455522325,4.908906455522325,3.3381101287274326,3.3381101287274326,0.19681496751010077,0.1929173273723236,0.1981049507035787,0.19337966440055568
4.958906455522325,4.958906455522325,3.3881101287274324,3.3881101287274324,0.19698086502041717,0.1930967561392931,0.1977713685729255,0.19305471847408648
5.008906455522324,5.008906455522324,3.4381101287274323,3.4381101287274323,0.19710258019775306,0.1932317641884373,0.19748276211379237,0.19277498126079498
5.058906455522324,5.058906455522324,3.488110128727432,3.488110128727432,0.19718811927472293,0.1933306417126072,0.19723108071056084,0.19253238346679602
5.108906455522324,5.108906455522324,3.538110128727432,3.538110128727432,0.19724392473011365,0.19339944769078557,0.1970099525632327,0.1923203050738819
5.158906455522324,5.158906455522324,3.5881101287274317,3.5881101287274317,0.19727532033785253,0.1934435295777626,0.19681365222049987,0.19213347977923925
5.208906455522324,5.208906455522324,3.6381101287274316,3.6381101287274316,0.19728683191376511,0.19346746094757425,0.1966377329705645,0.19196738253855283
5.2589064555223235,5.2589064555223235,3.6881101287274314,3.6881101287274314,0.19728188524775372,0.19347449470739836,0.19647853284273936,0.19181834581226173
5.308906455522323,5.308906455522323,3.738110128727431,3.738110128727431,0.19726363413812104,0.19346802682109204,0.19633334416311193,0.1916834407774185
5.358906455522323,5.358906455522323,3.788110128727431,3.788110128727431,0.19723439071917717,0.19344994773314847,0.1961995179076238,0.19156022993996477
5.408906455522323,5.408906455522323,3.838110128727431,3.838110128727431,0.197196194846787,0.19342266568786082,0.19607475045412012,0.1914466287536696
5.458906455522323,5.458906455522323,3.8881101287274307,3.8881101287274307,0.19715071025662556,0.19338776735566396,0.1959579075873874,0.19134096436638554
5.508906455522323,5.508906455522323,3.9381101287274305,3.9381101287274305,0.1970993168866542,0.1933465977208377,0.1958473569191132,0.1912419703960745
5.558906455522322,5.558906455522322,3.9881101287274303,3.9881101287274303,0.19704293286753996,0.19330023485470224,0.19574201903720564,0.1911483761528926
5.608906455522322,5.608906455522322,4.03811012872743,4.03811012872743,0.1969827627635448,0.19324974072595802,0.19564082981383055,0.1910593078934622
5.658906455522322,5.658906455522322,4.08811012872743,4.08811012872743,0.19691930131963267,0.19319567914920197,0.1955435994516623,0.1909740630425139
5.708906455522322,5.708906455522322,4.13811012872743,4.13811012872743,0.19685323282266795,0.1931388630997375,0.19544903278978654,0.19089197818414302
5.758906455522322,5.758906455522322,4.18811012872743,4.18811012872743,0.1967851542276607,0.1930797193828245,0.19535724774687674,0.19081265636586692
5.8089064555223215,5.8089064555223215,4.238110128727429,4.238110128727429,0.19671537965855806,0.1930186809560181,0.19526709990450275,0.19073538800899403
5.858906455522321,5.858906455522321,4.288110128727429,4.288110128727429,0.19664426538318427,0.19295612152361566,0.19517885866966003,0.19065990822906143
5.908906455522321,5.908906455522321,4.338110128727429,4.338110128727429,0.19657204253195654,0.19289227542387882,0.19509199751420023,0.19058610879916763
5.958906455522321,5.958906455522321,4.388110128727429,4.388110128727429,0.19649900409692275,0.19282753002105263,0.19500665894215066,0.19051339711163826
6.008906455522321,6.008906455522321,4.438110128727429,4.438110128727429,0.19642525638695027,0.19276193316790555,0.19492187290296362,0.19044198227541664
6.058906455522321,6.058906455522321,4.4881101287274285,4.4881101287274285,0.1963511557861708,0.19269570352393936,0.1948382983409974,0.19037156909574177
6.1089064555223205,6.1089064555223205,4.538110128727428,4.538110128727428,0.19627654591763083,0.19262903836147194,0.19475521614132432,0.19030174762560442
6.15890645552232,6.15890645552232,4.588110128727428,4.588110128727428,0.1962018299388532,0.19256195026343062,0.1946729494845254,0.19023283517888742
6.20890645552232,6.20890645552232,4.638110128727428,4.638110128727428,0.19612673721012622,0.1924945722342511,0.19459128702361145,0.19016442039008752
6.25890645552232,6.25890645552232,4.688110128727428,4.688110128727428,0.19605164480115597,0.19242700985474917,0.19450982771986627,0.19009652004306465
0.02572114834273364,0.02572114834273364,4.738110128727428,4.738110128727428,0.19597644189132307,0.19235924798868606,0.1944291770265862,0.19002911688433113
0.07572114834273375,0.07572114834273375,4.7881101287274275,4.7881101287274275,0.1959058728522346,0.19229599631281696,0.19434883477885517,0.18996236281639936
0.12572114834273382,0.12572114834273382,4.838110128727427,4.838110128727427,0.19584597243625224,0.1922433706418112,0.19426970657689566,0.18989667209067038
0.17572114834273392,0.17572114834273392,4.888110128727427,4.888110128727427,0.19579781154180284,0.19220228687754531,0.19419307692243173,0.18983348210701279
0.22572114834273402,0.22572114834273402,4.938110128727427,4.938110128727427,0.19576046158189098,0.1921718468462771,0.1941198119723316,0.18977340261779463
0.2757211483427341,0.2757211483427341,4.988110128727427,4.988110128727427,0.19573295015977069,0.19215129135992146,0.19405038641239067,0.1897172397827031
0.32572114834273413,0.32572114834273413,5.038110128727427,5.038110128727427,0.19571467886527147,0.19213964755844204,0.19398552057749024,0.18966560545733607
0.3757211483427342,0.3757211483427342,5.088110128727426,5.088110128727426,0.19570481394550043,0.19213662365334574,0.1939257994557048,0.1896187539955188
0.4257211483427342,0.4257211483427342,5.138110128727426,5.138110128727426,0.19570312449003036,0.19214166670465382,0.19387096821243563,0.18957688654338695
0.47572114834273427,0.47572114834273427,5.188110128727426,5.188110128727426,0.19570882298337294,0.19215409681672005,0.19382179536815766,0.1895401677028089
0.5257211483427343,0.5257211483427343,5.238110128727426,5.238110128727426,0.195719685349003,0.19217163535663342,0.19377799576575963,0.1895091298092863
0.5757211483427344,0.5757211483427344,5.288110128727426,5.288110128727426,0.19573560953792823,0.19219420881868785,0.19373989327871627,0.18948319545582046
0.6257211483427344,0.6257211483427344,5.3381101287274255,5.3381101287274255,0.19575759809716603,0.19222268369550108,0.19370713871091128,0.18946257421954754
0.6757211483427344,0.6757211483427344,5.388110128727425,5.388110128727425,0.19578556920417262,0.19225736020294162,0.19367984391831417,0.18944757788248578
0.7257211483427345,0.7257211483427345,5.438110128727425,5.438110128727425,0.19582140798135111,0.19230556179270908,0.1936585555935789,0.18943801955167983
0.7757211483427345,0.7757211483427345,5.488110128727425,5.488110128727425,0.19587569192018656,0.19237623684735244,0.1936435425046314,0.18943502061126177
0.8257211483427346,0.8257211483427346,5.538110128727425,5.538110128727425,0.19595277390874308,0.19247003895378673,0.19363687839888358,0.18944036221145838
0.8757211483427346,0.8757211483427346,5.588110128727425,5.588110128727425,0.19605138735432345,0.19258550766974136,0.19363982153404133,0.18945549879922136
0.9257211483427347,0.9257211483427347,5.6381101287274245,5.6381101287274245,0.19616945719356205,0.1927202957445292,0.1936535582367064,0.1894814411033401
0.9757211483427347,0.9757211483427347,5.688110128727424,5.688110128727424,0.19630545370982394,0.19287298779300682,0.193678593961706,0.18951869095558607
1.0257211483427346,1.0257211483427346,5.738110128727424,5.738110128727424,0.19645731896826107,0.19304127931892287,0.193716015964826,0.18956798948208056
1.0757211483427347,1.0757211483427347,5.788110128727424,5.788110128727424,0.1966224213372581,0.19322166048389028,0.19376524365612624,0.18962931364842098
1.1257211483427347,1.1257211483427347,5.838110128727424,5.838110128727424,0.19680592560434576,0.19339998820712243,0.19382638291717869,0.189702437183025
1.1757211483427348,1.1757211483427348,5.888110128727424,5.888110128727424,0.19708497229184216,0.19373880344539438,0.19390055433139375,0.1897878307522875
1.2257211483427348,1.2257211483427348,5.938110128727423,5.938110128727423,0.19775617298943513,0.19406984742003938,0.19400909062245836,0.1899068616272169
1.2757211483427349,1.2757211483427349,5.988110128727423,5.988110128727423,0.19869078084133693,0.19537139468372539,0.1941755078312477,0.19008185929386343
1.325721148342735,1.325721148342735,6.038110128727423,6.038110128727423,0.1995993098325545,0.19647891108599252,0.19444447945916712,0.19035135800793251
1.375721148342735,1.375721148342735,6.088110128727423,6.088110128727423,0.20184420022723332,0.19836625130625005,0.19485682855574915,0.19077900667142406
1.425721148342735,1.425721148342735,6.138110128727423,6.138110128727423,0.20363367337839283,0.2014865085913302,0.19538454486983586,0.19131902996666555
1.475721148342735,1.475721148342735,6.1881101287274225,6.1881101287274225,0.2050149703882498,0.20253081576922485,0.19614336114163597,0.19210819924661068
1.525721148342735,1.525721148342735,6.238110128727422,6.238110128727422,0.20794395421537368,0.20795522051214266,0.19696593036784163,0.19298734711312726
1.5757211483427351,1.5757211483427351,0.004924821547835978,0.004924821547835978,0.20942717439595823,0.20824382235438532,0.19808406154648106,0.19417713469396397
1.6257211483427352,1.6257211483427352,0.05492482154783605,0.05492482154783605,0.21463392668230136,0.21506144693834467,0.19926238440494065,0.19543352590096624
1.6757211483427352,1.6757211483427352,0.10492482154783613,0.10492482154783613,0.21610061578999018,0.21745582192167714,0.20094953082399541,0.19725332242626195
1.7257211483427353,1.7257211483427353,0.15492482154783618,0.15492482154783618,0.2187195707472529,0.21906029877037153,0.20245909542686738,0.19887518555683278
1.7757211483427353,1.7757211483427353,0.20492482154783626,0.20492482154783626,0.22726521194183572,0.2295763517736544,0.20459997720416245,0.20111446442578876
1.8257211483427354,1.8257211483427354,0.2549248215478363,0.2549248215478363,0.22526047340512254,0.23246609666434942,0.20745907931032184,0.20423027930553372
1.8757211483427354,1.8757211483427354,0.30492482154783634,0.30492482154783634,0.22952975481013693,0.2307509110006988,0.20948864786671476,0.2065201836402652
1.9257211483427354,1.9257211483427354,0.3549248215478364,0.3549248215478364,0.2414017239262496,0.2378599633813772,0.2121089378485404,0.2091042657301462
1.9757211483427355,1.9757211483427355,0.40492482154783643,0.40492482154783643,0.24234966079077327,0.25090058383027575,0.2160633497385439,0.21301409321068174
2.0257211483427353,2.0257211483427353,0.4549248215478365,0.4549248215478365,0.2393336784303973,0.2593307658725826,0.2198685471418687,0.2174202975004093
2.075721148342735,2.075721148342735,0.5049248215478365,0.5049248215478365,0.24553736589007713,0.25553955151851127,0.2229072955973318,0.22110809451200455
2.125721148342735,2.125721148342735,0.5549248215478365,0.5549248215478365,0.25912758280862624,0.2532687219452887,0.22612661630375483,0.22434703621448676
2.175721148342735,2.175721148342735,0.6049248215478366,0.6049248215478366,0.269942444204228,0.2583991873956797,0.23041260544099915,0.22802422187295882
2.2257211483427346,2.2257211483427346,0.6549248215478366,0.6549248215478366,0.2658580706772886,0.27072532872573285,0.23500655811198634,0.23215639252247575
2.2757211483427344,2.2757211483427344,0.7049248215478366,0.7049248215478366,0.2618800833442334,0.28572579069816456,0.23913124955513837,0.23668723761308527
2.3257211483427342,2.3257211483427342,0.7549248215478367,0.7549248215478367,0.2641697429023365,0.2995853546069882,0.24331617098908687,0.24208496572171354
2.375721148342734,2.375721148342734,0.8049248215478367,0.8049248215478367,0.2732587975252237,0.2996104118804833,0.24794834850150496,0.2480941617728702
2.425721148342734,2.425721148342734,0.8549248215478368,0.8549248215478368,0.2862444254847901,0.29391672791394596,0.25246740151051855,0.25301429521398144
2.4757211483427337,2.4757211483427337,0.9049248215478368,0.9049248215478368,0.29863461154710413,0.2895832945750281,0.2571693065576715,0.2571651841294413
2.5257211483427335,2.5257211483427335,0.9549248215478369,0.9549248215478369,0.3045346879826918,0.2896512533131815,0.26211855028377373,0.2609452362307135
2.5757211483427334,2.5757211483427334,1.0049248215478368,1.0049248215478368,0.29984728213379525,0.2938911460138364,0.26636443911529345,0.2642051848905277
2.625721148342733,2.625721148342733,1.0549248215478368,1.0549248215478368,0.2955485983755071,0.3014388403518424,0.26979167817629673,0.2672971470347141
2.675721148342733,2.675721148342733,1.1049248215478369,1.1049248215478369,0.29470626263966404,0.3103183886991231,0.27291101092817494,0.2706306439069488
2.725721148342733,2.725721148342733,1.154924821547837,1.154924821547837,0.2970762108032348,0.31816153726253066,0.27607630490204593,0.2743382511030537
2.7757211483427326,2.7757211483427326,1.204924821547837,1.204924821547837,0.30204503766053,0.32338458459874114,0.27943337911452304,0.2783625700225746
2.8257211483427325,2.8257211483427325,1.254924821547837,1.254924821547837,0.30730075226644843,0.3240406258999541,0.2829626706548289,0.28242647472036453
2.8757211483427323,2.8757211483427323,1.304924821547837,1.304924821547837,0.3106983501798148,0.3198024859584819,0.2863378167968576,0.28598627408619964
2.925721148342732,2.925721148342732,1.354924821547837,1.354924821547837,0.3118548396882844,0.31542685856164293,0.2893689543347259,0.2888736806275818
2.975721148342732,2.975721148342732,1.4049248215478372,1.4049248215478372,0.310513479174538,0.31324889215620844,0.29191514065985796,0.29112747078918416
3.0257211483427318,3.0257211483427318,1.4549248215478372,1.4549248215478372,0.3078505130588489,0.3123833821904243,0.29442006050251135,0.29314501129821763
3.0757211483427316,3.0757211483427316,1.5049248215478372,1.5049248215478372,0.3055222254805065,0.30970276598476953,0.29622582639498046,0.2946295216731077
3.1257211483427314,3.1257211483427314,1.5549248215478373,1.5549248215478373,0.3032487207135865,0.3044200304876347,0.29731624987931293,0.2955857596703472
3.1757211483427312,3.1757211483427312,1.6049248215478373,1.6049248215478373,0.2987940289294795,0.2967259697948994,0.29782172880882213,0.29576334382991853
3.225721148342731,3.225721148342731,1.6549248215478374,1.6549248215478374,0.29209084277754715,0.28694398341091404,0.2974357396305494,0.2952237091753524
3.275721148342731,3.275721148342731,1.7049248215478374,1.7049248215478374,0.28345448749570884,0.27656307230590943,0.29633083828867746,0.2937706912442237
3.3257211483427307,3.3257211483427307,1.7549248215478375,1.7549248215478375,0.2740082342862487,0.2717772152113284,0.29423063474568195,0.2913492294130182
3.3757211483427305,3.3757211483427305,1.8049248215478375,1.8049248215478375,0.26949630153024084,0.2727745644635333,0.29233208174551456,0.28904069259624227
3.4257211483427303,3.4257211483427303,1.8549248215478376,1.8549248215478376,0.2678763076668766,0.26612445857918815,0.2899208151360709,0.2877333377054045
3.47572114834273,3.47572114834273,1.9049248215478376,1.9049248215478376,0.2580324337399766,0.2544182839134775,0.2876389408251601,0.28485377855394867
3.52572114834273,3.52572114834273,1.9549248215478376,1.9549248215478376,0.2475760199423659,0.2425056737723507,0.2835730620639306,0.28102151212344406
3.57572114834273,3.57572114834273,2.0049248215478377,2.0049248215478377,0.24293940103439082,0.2348595721047908,0.27852948547693346,0.276298761338674
3.6257211483427296,3.6257211483427296,2.0549248215478375,2.0549248215478375,0.23693067465432127,0.23469927346131572,0.2739669593435753,0.2708954556181
3.6757211483427294,3.6757211483427294,2.1049248215478373,2.1049248215478373,0.2299619679472272,0.22583414998659848,0.2685788743792229,0.2659380918447748
3.7257211483427293,3.7257211483427293,2.154924821547837,2.154924821547837,0.22418967717406216,0.2204496728075591,0.26333556735952524,0.25968928157373516
3.775721148342729,3.775721148342729,2.204924821547837,2.204924821547837,0.2190057686771837,0.21406774651365176,0.2577739849458149,0.25404066397092867
3.825721148342729,3.825721148342729,2.254924821547837,2.254924821547837,0.21409735989545692,0.20954837624326103,0.25133200037307135,0.2479736794561058
3.8757211483427287,3.8757211483427287,2.3049248215478366,2.3049248215478366,0.20916493811312228,0.20494164680197158,0.2462438921306746,0.24105092047954163
3.9257211483427286,3.9257211483427286,2.3549248215478364,2.3549248215478364,0.20563512740468515,0.20046768188029282,0.23993111175948037,0.2347418841653726
3.9757211483427284,3.9757211483427284,2.4049248215478363,2.4049248215478363,0.20237171826810454,0.19683206756338717,0.23404299508237897,0.2290980688513614
4.025721148342728,4.025721148342728,2.454924821547836,2.454924821547836,0.19891469013212418,0.19343152465546298,0.2294550860182877,0.22480124420709072
4.075721148342728,4.075721148342728,2.504924821547836,2.504924821547836,0.19647968404671184,0.19090903518484803,0.2249472788150378,0.21970490168638537
4.125721148342728,4.125721148342728,2.5549248215478357,2.5549248215478357,0.19512667186370736,0.1887523991046166,0.2206236820564965,0.21500231478037957
4.175721148342728,4.175721148342728,2.6049248215478356,2.6049248215478356,0.1929002583925316,0.1868101101618721,0.21702416144772507,0.2116516294042196
4.2257211483427275,4.2257211483427275,2.6549248215478354,2.6549248215478354,0.19126825390677082,0.18595896122726702,0.21393983605996492,0.20850128862875097
4.275721148342727,4.275721148342727,2.704924821547835,2.704924821547835,0.19033130858631211,0.1857053244690787,0.21075610050898008,0.20541761243266418
4.325721148342727,4.325721148342727,2.754924821547835,2.754924821547835,0.18967939374087844,0.1852397439995534,0.20788348898605494,0.20284277640929335
4.375721148342727,4.375721148342727,2.804924821547835,2.804924821547835,0.18937634570782355,0.18532635227291414,0.2054431095424608,0.20054031274937015
4.425721148342727,4.425721148342727,2.8549248215478347,2.8549248215478347,0.18945549742557324,0.18586390777901196,0.20342721245649675,0.19865805210888143
4.475721148342727,4.475721148342727,2.9049248215478345,2.9049248215478345,0.1901559716120082,0.1868662736198171,0.2018265897566692,0.19720451841888872
4.525721148342726,4.525721148342726,2.9549248215478343,2.9549248215478343,0.19116000904696048,0.18782671107258983,0.20055861549424678,0.19608442195127215
4.575721148342726,4.575721148342726,3.004924821547834,3.004924821547834,0.1920727761250549,0.1886287518050746,0.19949676867645683,0.19515496530410903
4.625721148342726,4.625721148342726,3.054924821547834,3.054924821547834,0.19282553114405013,0.18928395835719208,0.19860201629630794,0.19437712723097855
4.675721148342726,4.675721148342726,3.104924821547834,3.104924821547834,0.19344017514046918,0.1898146721023563,0.19784223937651352,0.19372097081647227
4.725721148342726,4.725721148342726,3.1549248215478336,3.1549248215478336,0.19393826332353473,0.19024039999922474,0.1971919717428811,0.19316213083342884
4.7757211483427255,4.7757211483427255,3.2049248215478334,3.2049248215478334,0.194338453807911,0.190578191305826,0.19663225925259906,0.192684083975658
4.825721148342725,4.825721148342725,3.2549248215478332,3.2549248215478332,0.19465658387432225,0.19084291132442432,0.19615425004083994,0.19227863023005487
4.875721148342725,4.875721148342725,3.304924821547833,3.304924821547833,0.19490681352946093,0.19104740701166162,0.1957459089597997,0.19193509335258346
4.925721148342725,4.925721148342725,3.354924821547833,3.354924821547833,0.19510092537491175,0.19120240507788508,0.19539494957177722,0.19164228094816932
4.975721148342725,4.975721148342725,3.4049248215478327,3.4049248215478327,0.19524868787723337,0.19131692114539917,0.1950912504714722,0.19139100357612804
5.025721148342725,5.025721148342725,3.4549248215478325,3.4549248215478325,0.19535825173518828,0.19139840392936436,0.19482691808901811,0.19117350256192878
5.0757211483427245,5.0757211483427245,3.5049248215478324,3.5049248215478324,0.19543609029164127,0.19145261285762155,0.19459415830259158,0.1909835991527459
5.125721148342724,5.125721148342724,3.554924821547832,3.554924821547832,0.19548791079223654,0.19148456622620444,0.19438847044180435,0.19081667621038867
5.175721148342724,5.175721148342724,3.604924821547832,3.604924821547832,0.19551790137819422,0.1914981908987471,0.19420453187022352,0.19066831908377085
5.225721148342724,5.225721148342724,3.654924821547832,3.654924821547832,0.1955300176869111,0.1914969351230924,0.1940388146786787,0.19053510659030357
5.275721148342724,5.275721148342724,3.7049248215478316,3.7049248215478316,0.19552754036650155,0.1914836044423032,0.19388843002186992,0.1904146088140614
5.325721148342724,5.325721148342724,3.7549248215478315,3.7549248215478315,0.19551268527912957,0.1914602364445782,0.19375038350494628,0.19030429149454117
5.375721148342723,5.375721148342723,3.8049248215478313,3.8049248215478313,0.1954878298436139,0.19142876544072918,0.19362263527533963,0.19020229988944137
5.425721148342723,5.425721148342723,3.854924821547831,3.854924821547831,0.1954545998386349,0.19139081260023827,0.19350379743296464,0.19010738973741012
5.475721148342723,5.475721148342723,3.904924821547831,3.904924821547831,0.19541449294979857,0.19134745896842553,0.1933919712503329,0.19001798634295797
5.525721148342723,5.525721148342723,3.9549248215478308,3.9549248215478308,0.19536873653423995,0.19129962714030352,0.19328610456919407,0.1899334246584803
5.575721148342723,5.575721148342723,4.004924821547831,4.004924821547831,0.19531813654034066,0.19124829803464796,0.19318546734375736,0.1898525447140292
5.6257211483427225,5.6257211483427225,4.05492482154783,4.05492482154783,0.19526391043342176,0.1911942972190863,0.1930888075697259,0.1897749561946213
5.675721148342722,5.675721148342722,4.10492482154783,4.10492482154783,0.1952063119466299,0.1911378616843448,0.19299572106327326,0.1896997749883026
5.725721148342722,5.725721148342722,4.15492482154783,4.15492482154783,0.19514615940779134,0.19107958343214831,0.1929056180045492,0.18962671795447772
5.775721148342722,5.775721148342722,4.20492482154783,4.20492482154783,0.19508386604718467,0.1910199162613263,0.19281779683949224,0.18955550673031157
5.825721148342722,5.825721148342722,4.25492482154783,4.25492482154783,0.1950198311735631,0.1909590347890873,0.19273238216063376,0.18948564815146218
5.875721148342722,5.875721148342722,4.3049248215478295,4.3049248215478295,0.19495428078572136,0.19089727424463887,0.19264856372926933,0.18941725701864223
5.9257211483427215,5.9257211483427215,4.354924821547829,4.354924821547829,0.1948876846628771,0.19083474578314616,0.19256624710369888,0.1893496380564568
5.975721148342721,5.975721148342721,4.404924821547829,4.404924821547829,0.19482000952477452,0.1907717598015851,0.19248512322848496,0.18928287543464345
6.025721148342721,6.025721148342721,4.454924821547829,4.454924821547829,0.19475166431081276,0.19070835433782332,0.19240533779259017,0.18921691267285565
6.075721148342721,6.075721148342721,4.504924821547829,4.504924821547829,0.19468267589251761,0.19064461567332563,0.19232624074887283,0.18915153203619184
6.125721148342721,6.125721148342721,4.554924821547829,4.554924821547829,0.19461310771719723,0.19058058641124645,0.19224815417042895,0.18908663970072154
6.175721148342721,6.175721148342721,4.6049248215478285,4.6049248215478285,0.19454325888016322,0.19051643140141183,0.19217079103931503,0.1890222514525824
6.22572114834272,6.22572114834272,4.654924821547828,4.654924821547828,0.19447308929604204,0.19045230502959146,0.192093825300698,0.18895816577418342
6.27572114834272,6.27572114834272,4.704924821547828,4.704924821547828,0.19440271259724368,0.19038800933412198,0.19201768437407646,0.18889434874040595
0.04253584116313391,0.04253584116313391,4.754924821547828,4.754924821547828,0.19433221117093813,0.19032384791836987,0.19194185721213455,0.18883095188758253
0.09253584116313401,0.09253584116313401,4.804924821547828,4.804924821547828,0.19426921586055648,0.19026726832070298,0.19186677352031287,0.18876786800626202
0.14253584116313409,0.14253584116313409,4.854924821547828,4.854924821547828,0.1942178739365567,0.1902223039847793,0.1917934372530787,0.18870642423096362
0.19253584116313419,0.19253584116313419,4.904924821547827,4.904924821547827,0.19417779105532543,0.19018878012936805,0.19172271135351415,0.18864746392682308
0.24253584116313429,0.24253584116313429,4.954924821547827,4.954924821547827,0.19414812166636256,0.19016553482603737,0.19165564617095934,0.18859201452622265
0.29253584116313436,0.29253584116313436,5.004924821547827,5.004924821547827,0.19412807630026083,0.19015199990739406,0.19159282199357808,0.18854046506871258
0.3425358411631344,0.3425358411631344,5.054924821547827,5.054924821547827,0.1941168083876078,0.19014724755482798,0.19153463742679372,0.1884934062695263
0.39253584116313445,0.39253584116313445,5.104924821547827,5.104924821547827,0.19411381004599837,0.19015081278690585,0.1914814743671378,0.18845110867256176
0.4425358411631345,0.4425358411631345,5.1549248215478265,5.1549248215478265,0.19411866660837726,0.19016226038947018,0.19143360255495268,0.18841388053954364
0.49253584116313454,0.49253584116313454,5.204924821547826,5.204924821547826,0.1941306028195538,0.19018087870555525,0.19139122757615623,0.18838210603600777
0.5425358411631346,0.5425358411631346,5.254924821547826,5.254924821547826,0.19414672688467577,0.19020373145233788,0.19135422968802368,0.18835544348532585
0.5925358411631346,0.5925358411631346,5.304924821547826,5.304924821547826,0.19416839546468712,0.19023201989349292,0.19132254997559034,0.188334072357341
0.6425358411631347,0.6425358411631347,5.354924821547826,5.354924821547826,0.19419619031583862,0.19026654730282963,0.19129676545003346,0.1883180068821045
0.6925358411631347,0.6925358411631347,5.404924821547826,5.404924821547826,0.19422994683436237,0.1903106479483919,0.19127629939152707,0.1883073320595716
0.7425358411631348,0.7425358411631348,5.454924821547825,5.454924821547825,0.19427790300231387,0.19037557677504008,0.19126188289744506,0.188302808514038
0.7925358411631348,0.7925358411631348,5.504924821547825,5.504924821547825,0.19434852067660613,0.1904644185091838,0.19125512783259452,0.18830590950323997
0.8425358411631348,0.8425358411631348,5.554924821547825,5.554924821547825,0.1944416524811317,0.19057579322511634,0.1912574288344943,0.18831818061604724
0.8925358411631349,0.8925358411631349,5.604924821547825,5.604924821547825,0.19455533274709916,0.19070763943328226,0.19127011854110523,0.18834113531039529
0.9425358411631349,0.9425358411631349,5.654924821547825,5.654924821547825,0.19468778133722017,0.19085834388802567,0.19129438144444683,0.18837526300979301
0.992535841163135,0.992535841163135,5.7049248215478245,5.7049248215478245,0.19483721647894756,0.19102573112358767,0.19132996113531023,0.18842143360941926
1.042535841163135,1.042535841163135,5.754924821547824,5.754924821547824,0.1950016631354213,0.19120784119125114,0.19137815745548353,0.18847982916560121
1.092535841163135,1.092535841163135,5.804924821547824,5.804924821547824,0.195175133478605,0.19139866717765705,0.19143839707226926,0.18855028193568915
1.142535841163135,1.142535841163135,5.854924821547824,5.854924821547824,0.1953405060895096,0.1915820864945339,0.19150997023310432,0.18863185105796657
1.192535841163135,1.192535841163135,5.904924821547824,5.904924821547824,0.19574507707972352,0.19192907367444986,0.1915959194353957,0.18872802999570704
1.242535841163135,1.242535841163135,5.954924821547824,5.954924821547824,0.1962914054554447,0.19248924016384836,0.19172113301031501,0.1888637705562813
1.2925358411631351,1.2925358411631351,6.0049248215478235,6.0049248215478235,0.19690610352763926,0.19318772926744904,0.19189647128992335,0.1890493540939211
1.3425358411631352,1.3425358411631352,6.054924821547823,6.054924821547823,0.19829781893189322,0.19473796665803594,0.19214331667720927,0.1893079129326526
1.3925358411631352,1.3925358411631352,6.104924821547823,6.104924821547823,0.1996013425645591,0.19666394293705605,0.19250252048147518,0.18968374930476173
1.4425358411631353,1.4425358411631353,6.154924821547823,6.154924821547823,0.20113548729577677,0.19799432793353983,0.19300852029985557,0.19020310470560625
1.4925358411631353,1.4925358411631353,6.204924821547823,6.204924821547823,0.20396597930385157,0.19988109838001544,0.1936957359193549,0.19089316414536006
1.5425358411631354,1.5425358411631354,6.254924821547823,6.254924821547823,0.20745596429338542,0.20264147351430284,0.19451694119147184,0.1917100012074649
1.5925358411631354,1.5925358411631354,0.021739514368236245,0.021739514368236245,0.20898813345996975,0.20386681107241866,0.1955902418520335,0.19270586078225826
1.6425358411631354,1.6425358411631354,0.07173951436823632,0.07173951436823632,0.21412218918005227,0.20762579432139763,0.1967728541662961,0.19384999095799274
1.6925358411631355,1.6925358411631355,0.12173951436823639,0.12173951436823639,0.21812505166899213,0.20964741975807538,0.19835467394048573,0.19525097863700944
1.7425358411631355,1.7425358411631355,0.17173951436823645,0.17173951436823645,0.2186522199569502,0.2166065554883008,0.20006043572797952,0.19688362484937472
1.7925358411631356,1.7925358411631356,0.22173951436823652,0.22173951436823652,0.228371403879251,0.21553953409879845,0.20205752146284373,0.19882508659000503
1.8425358411631356,1.8425358411631356,0.27173951436823657,0.27173951436823657,0.23248058924851256,0.22258129917061376,0.20479948692104616,0.20119722729535225
1.8925358411631357,1.8925358411631357,0.3217395143682366,0.3217395143682366,0.23017986509901311,0.23032456884806904,0.20766026826515227,0.20402123826053875
1.9425358411631357,1.9425358411631357,0.37173951436823666,0.37173951436823666,0.23704250163510154,0.2280028990512534,0.2101389575323332,0.20660959994866795
1.9925358411631358,1.9925358411631358,0.4217395143682367,0.4217395143682367,0.2503673641959284,0.23197263722091183,0.2132077606320458,0.20934938197414488
2.0425358411631356,2.0425358411631356,0.47173951436823675,0.47173951436823675,0.2575353231242421,0.2436326652349622,0.21788300178646372,0.21342597628933405
2.0925358411631354,2.0925358411631354,0.5217395143682367,0.5217395143682367,0.2527571071267195,0.25192891759303543,0.22257076847586219,0.21804698352722082
2.1425358411631352,2.1425358411631352,0.5717395143682368,0.5717395143682368,0.2508304821808126,0.24848336462122517,0.2256911450041713,0.22143631342173498
2.192535841163135,2.192535841163135,0.6217395143682368,0.6217395143682368,0.2579449702713019,0.24759578209688024,0.22810793924958633,0.22391348483707302
2.242535841163135,2.242535841163135,0.6717395143682369,0.6717395143682369,0.2716100842716122,0.254519059551019,0.2314796071660972,0.22699491670352187
2.2925358411631347,2.2925358411631347,0.7217395143682369,0.7217395143682369,0.2855448916511777,0.2672925021228857,0.23683969597259336,0.23183275949573384
2.3425358411631345,2.3425358411631345,0.771739514368237,0.771739514368237,0.2971899092620154,0.27936764608901804,0.2442321876177037,0.238717102009421
2.3925358411631343,2.3925358411631343,0.821739514368237,0.821739514368237,0.2952639100564887,0.2864917756493592,0.25183059686593723,0.24605920466124595
2.442535841163134,2.442535841163134,0.871739514368237,0.871739514368237,0.28969606062576775,0.28170649255568186,0.25641777573622027,0.25074564431504953
2.492535841163134,2.492535841163134,0.9217395143682371,0.9217395143682371,0.2862730559025943,0.27792770199761707,0.2592127153436012,0.2536266753640748
2.542535841163134,2.542535841163134,0.9717395143682371,0.9717395143682371,0.2877807401687455,0.27787354839777895,0.2615831478311881,0.2560237685204661
2.5925358411631336,2.5925358411631336,1.021739514368237,1.021739514368237,0.29328825556127025,0.2832184738534839,0.26414059373906873,0.2585631074636362
2.6425358411631334,2.6425358411631334,1.0717395143682371,1.0717395143682371,0.3014029187586484,0.2924117536021976,0.26727250011632175,0.2616803147338182
2.6925358411631333,2.6925358411631333,1.1217395143682372,1.1217395143682372,0.3103919311755264,0.30235013306510883,0.271325564356261,0.26577082495029275
2.742535841163133,2.742535841163133,1.1717395143682372,1.1717395143682372,0.31705908265224547,0.30987193355975035,0.2761895148233225,0.27070982421837236
2.792535841163133,2.792535841163133,1.2217395143682372,1.2217395143682372,0.32118873346999016,0.31500540095472407,0.2811455478256662,0.275776485149657
2.8425358411631327,2.8425358411631327,1.2717395143682373,1.2717395143682373,0.32292625167026534,0.3152017587051683,0.28569050547418645,0.28045722040297477
2.8925358411631326,2.8925358411631326,1.3217395143682373,1.3217395143682373,0.3193926955770025,0.31092801467508,0.2892550041451856,0.2840658878326708
2.9425358411631324,2.9425358411631324,1.3717395143682374,1.3717395143682374,0.3157485856708124,0.30729811760556053,0.2919940102748555,0.2867515963367318
2.992535841163132,2.992535841163132,1.4217395143682374,1.4217395143682374,0.31297305281002125,0.30639112608885455,0.2941322216710062,0.28894676428036853
3.042535841163132,3.042535841163132,1.4717395143682375,1.4717395143682375,0.31278101719111184,0.3070539561988981,0.2958582082431946,0.29069182173803415
3.092535841163132,3.092535841163132,1.5217395143682375,1.5217395143682375,0.3102348264532707,0.3054652818489367,0.2973265822140796,0.2932065104868859
3.1425358411631317,3.1425358411631317,1.5717395143682376,1.5717395143682376,0.30507372753378226,0.3013593289197918,0.29831654989881273,0.2945165668188839
3.1925358411631315,3.1925358411631315,1.6217395143682376,1.6217395143682376,0.29755702924008876,0.29495978109035254,0.2984595813219547,0.29532520432388604
3.2425358411631313,3.2425358411631313,1.6717395143682376,1.6717395143682376,0.2879778402650573,0.28651719687368954,0.2975613371633997,0.2948054402730264
3.292535841163131,3.292535841163131,1.7217395143682377,1.7217395143682377,0.2767190725530684,0.27830378909633235,0.29587832168214506,0.29334111066523716
3.342535841163131,3.342535841163131,1.7717395143682377,1.7717395143682377,0.2691193157379281,0.27576171600361127,0.2932971404539661,0.29151923659981643
3.392535841163131,3.392535841163131,1.8217395143682378,1.8217395143682378,0.2681468762009806,0.27723719446243966,0.290704439283799,0.2899900669504369
3.4425358411631306,3.4425358411631306,1.8717395143682378,1.8717395143682378,0.26672529716405385,0.26946075773085376,0.28930477281851996,0.28821863778625345
3.4925358411631304,3.4925358411631304,1.9217395143682379,1.9217395143682379,0.2554257324324844,0.258387868543942,0.2866921290918396,0.2870097114815671
3.5425358411631303,3.5425358411631303,1.971739514368238,1.971739514368238,0.24380153821495998,0.24713136201724517,0.28246658465573793,0.2826595495248018
3.59253584116313,3.59253584116313,2.021739514368238,2.021739514368238,0.23365924335095178,0.23892732259112406,0.27728211285346666,0.27804643687043895
3.64253584116313,3.64253584116313,2.0717395143682378,2.0717395143682378,0.23191279385180977,0.2399406205468494,0.270602470771472,0.2719344051573648
3.6925358411631297,3.6925358411631297,2.1217395143682376,2.1217395143682376,0.22707556833170753,0.23153391055340303,0.26640621295102795,0.2671369282515042
3.7425358411631295,3.7425358411631295,2.1717395143682374,2.1717395143682374,0.21873042667788614,0.22477835548887448,0.26139016702157364,0.2627438035502809
3.7925358411631294,3.7925358411631294,2.2217395143682372,2.2217395143682372,0.21460846164571887,0.21951752450104942,0.2552207154564189,0.25710584754796206
3.842535841163129,3.842535841163129,2.271739514368237,2.271739514368237,0.20914471649506777,0.21366734752054276,0.2500794370620505,0.2504378270066814
3.892535841163129,3.892535841163129,2.321739514368237,2.321739514368237,0.20461229345914475,0.20921701306003673,0.2427153656328361,0.24492418399576427
3.942535841163129,3.942535841163129,2.3717395143682367,2.3717395143682367,0.20035403078600258,0.2050458335040916,0.23777729516261645,0.23885733946960563
3.9925358411631287,3.9925358411631287,2.4217395143682365,2.4217395143682365,0.19714788201642114,0.20115510171412623,0.2315646564021469,0.23264427877136123
4.0425358411631285,4.0425358411631285,2.4717395143682364,2.4717395143682364,0.19438988518709654,0.19797432688441532,0.22652490656607047,0.2270098872200926
4.092535841163128,4.092535841163128,2.521739514368236,2.521739514368236,0.19216403433886345,0.19477184800320632,0.2223706422924338,0.22219779613043128
4.142535841163128,4.142535841163128,2.571739514368236,2.571739514368236,0.1904293001348671,0.19186770330474248,0.2172442172183416,0.2176792436043796
4.192535841163128,4.192535841163128,2.621739514368236,2.621739514368236,0.18900439861626525,0.1894834890739947,0.21400263642060546,0.21383871702340923
4.242535841163128,4.242535841163128,2.6717395143682356,2.6717395143682356,0.18839868435920892,0.18738926551735569,0.21105394760817744,0.20982672352278386
4.292535841163128,4.292535841163128,2.7217395143682355,2.7217395143682355,0.18785611672961763,0.1859845536136852,0.2079584052523771,0.2064425387883299
4.342535841163127,4.342535841163127,2.7717395143682353,2.7717395143682353,0.18733031832609723,0.18506415746076946,0.2057070229858455,0.20335932632653825
4.392535841163127,4.392535841163127,2.821739514368235,2.821739514368235,0.18740709995058052,0.18457455827428224,0.2032985762931076,0.20078097052848554
4.442535841163127,4.442535841163127,2.871739514368235,2.871739514368235,0.18805006474380645,0.1845241616405974,0.2012687641750385,0.1986797827731387
4.492535841163127,4.492535841163127,2.9217395143682348,2.9217395143682348,0.18912433439443996,0.18520731628950574,0.19968949295660518,0.19705147800770312
4.542535841163127,4.542535841163127,2.9717395143682346,2.9717395143682346,0.19012792362208372,0.18617879404331947,0.19848797540989618,0.19581138074000956
4.5925358411631265,4.5925358411631265,3.0217395143682344,3.0217395143682344,0.1909653966333094,0.18706249638528327,0.19749726451142768,0.19478784706013422
4.642535841163126,4.642535841163126,3.0717395143682342,3.0717395143682342,0.19165398116668114,0.187796495274249,0.19666465792581572,0.1939251765051825
4.692535841163126,4.692535841163126,3.121739514368234,3.121739514368234,0.19221387515623847,0.18839855972090577,0.1959595358142116,0.19319332301485306
4.742535841163126,4.742535841163126,3.171739514368234,3.171739514368234,0.19266437068607947,0.188888446611216,0.19535737313403292,0.19256737552339578
4.792535841163126,4.792535841163126,3.2217395143682337,3.2217395143682337,0.193022777410412,0.18928377607603386,0.19484380359370312,0.19203291145994458
4.842535841163126,4.842535841163126,3.2717395143682335,3.2717395143682335,0.19330452603443973,0.18959977356805258,0.19440756805524456,0.19157918898419463
4.8925358411631255,4.8925358411631255,3.3217395143682333,3.3217395143682333,0.19352313648574823,0.18985032996562876,0.1940366116960315,0.1911932323505739
4.942535841163125,4.942535841163125,3.371739514368233,3.371739514368233,0.19368966276110158,0.19004643543461924,0.19371937391134653,0.19086312545317968
4.992535841163125,4.992535841163125,3.421739514368233,3.421739514368233,0.19381358100213625,0.19019781365057864,0.1934454872095953,0.19057905613784065
5.042535841163125,5.042535841163125,3.471739514368233,3.471739514368233,0.19390236013118678,0.19031216583603905,0.19320759176196373,0.1903329827127789
5.092535841163125,5.092535841163125,3.5217395143682326,3.5217395143682326,0.1939621193643175,0.1903955501664223,0.1929992672067715,0.19011817460188268
5.142535841163125,5.142535841163125,3.5717395143682324,3.5717395143682324,0.19399812142809997,0.19045357167678317,0.19281515176721176,0.1899293108378461
5.192535841163124,5.192535841163124,3.6217395143682323,3.6217395143682323,0.1940147910019036,0.19049068038112016,0.19265089203945346,0.18976196874323337
5.242535841163124,5.242535841163124,3.671739514368232,3.671739514368232,0.19401547619655576,0.19051032458556771,0.19250309561363085,0.18961232348437265
5.292535841163124,5.292535841163124,3.721739514368232,3.721739514368232,0.19400309393732773,0.19051568902521127,0.19236877583470743,0.18947753672858522
5.342535841163124,5.342535841163124,3.7717395143682317,3.7717395143682317,0.19397997746799997,0.19050896035245374,0.19224549926017978,0.18935485725713566
5.392535841163124,5.392535841163124,3.8217395143682316,3.8217395143682316,0.19394813804552552,0.19049256715034407,0.1921312913523549,0.189242345845136
5.4425358411631235,5.4425358411631235,3.8717395143682314,3.8717395143682314,0.19390904853501983,0.19046795670953323,0.19202449030797544,0.189138026246879
5.492535841163123,5.492535841163123,3.921739514368231,3.921739514368231,0.19386424687483983,0.1904368054907115,0.19192405787124397,0.18904105284777997
5.542535841163123,5.542535841163123,3.971739514368231,3.971739514368231,0.1938146351831452,0.19039997564153757,0.19182870140516056,0.188949741192202
5.592535841163123,5.592535841163123,4.021739514368231,4.021739514368231,0.19376118810325085,0.19035859239968378,0.19173752900972846,0.1888632318136307
5.642535841163123,5.642535841163123,4.071739514368231,4.071739514368231,0.19370460782492702,0.19031346573714175,0.1916496605012026,0.18878092745914127
5.692535841163123,5.692535841163123,4.1217395143682305,4.1217395143682305,0.1936454760811999,0.19026520675458108,0.19156483446900766,0.18870205697039263
5.742535841163122,5.742535841163122,4.17173951436823,4.17173951436823,0.19358426996428077,0.19021436352480722,0.19148235305060282,0.18862592234484338
5.792535841163122,5.792535841163122,4.22173951436823,4.22173951436823,0.19352145397563617,0.19016136849052842,0.19140183727910065,0.1885521497546657
5.842535841163122,5.842535841163122,4.27173951436823,4.27173951436823,0.1934573521273801,0.19010670342861657,0.19132296812399033,0.18848033577583947
5.892535841163122,5.892535841163122,4.32173951436823,4.32173951436823,0.19339220847110936,0.19005065229874352,0.19124558004119863,0.18841050662071385
5.942535841163122,5.942535841163122,4.37173951436823,4.37173951436823,0.19332624208388066,0.18999334479774985,0.1911691542346987,0.18834184595631406
5.9925358411631215,5.9925358411631215,4.421739514368229,4.421739514368229,0.19325964567556475,0.18993524654167726,0.19109383262968674,0.18827458246215936
6.042535841163121,6.042535841163121,4.471739514368229,4.471739514368229,0.19319256089134929,0.18987625720430396,0.19101939869272944,0.18820829679253248
6.092535841163121,6.092535841163121,4.521739514368229,4.521739514368229,0.19312512695070871,0.18981671088646992,0.1909454306641427,0.18814280603900735
6.142535841163121,6.142535841163121,4.571739514368229,4.571739514368229,0.19305738603529593,0.18975674393372077,0.19087219548028692,0.18807811537833408
6.192535841163121,6.192535841163121,4.621739514368229,4.621739514368229,0.19298948402563,0.1896962857272642,0.190799546935893,0.18801412849298915
6.242535841163121,6.242535841163121,4.6717395143682285,4.6717395143682285,0.19292143436035178,0.18963545997225206,0.19072718540224803,0.18795064855281007
0.009350533983534352,0.009350533983534352,4.721739514368228,4.721739514368228,0.19285334306929966,0.18957458657872497,0.19065513773755738,0.18788776466123905
0.05935053398353446,0.05935053398353446,4.771739514368228,4.771739514368228,0.1927868615862127,0.1895150452398716,0.19058381164174448,0.1878253859864318
0.10935053398353455,0.10935053398353455,4.821739514368228,4.821739514368228,0.19272999703475582,0.18946501115918649,0.1905129161447516,0.18776376972080275
0.15935053398353463,0.15935053398353463,4.871739514368228,4.871739514368228,0.1926852401341992,0.18942677101813304,0.190444221516549,0.18770430355310844
0.20935053398353473,0.20935053398353473,4.921739514368228,4.921739514368228,0.1926513170064863,0.1893993609994737,0.19037853372053568,0.18764785804077216
0.2593505339835348,0.2593505339835348,4.9717395143682275,4.9717395143682275,0.19262760046641048,0.18938200417509657,0.1903164848197336,0.1875948891856734
0.30935053398353485,0.30935053398353485,5.021739514368227,5.021739514368227,0.19261321389722397,0.18937389343211303,0.19025875106531004,0.1875462185672508
0.3593505339835349,0.3593505339835349,5.071739514368227,5.071739514368227,0.1926074564842779,0.18937432127918374,0.19020562301710486,0.1875022184051127
0.40935053398353494,0.40935053398353494,5.121739514368227,5.121739514368227,0.19260995574976572,0.18938291905871876,0.1901576054849403,0.187463087684866
0.459350533983535,0.459350533983535,5.171739514368227,5.171739514368227,0.19262006258389122,0.18939915567571639,0.19011475956755367,0.1874291985531315
0.509350533983535,0.509350533983535,5.221739514368227,5.221739514368227,0.19263627533100652,0.18942143765646016,0.19007760600476983,0.18740063309879174
0.5593505339835351,0.5593505339835351,5.271739514368226,5.271739514368226,0.19265695773102334,0.18944814747703673,0.19004556486871335,0.18737727744774157
0.6093505339835351,0.6093505339835351,5.321739514368226,5.321739514368226,0.19268345974158335,0.18948059779115847,0.19001916076903907,0.1873592966141522
0.6593505339835352,0.6593505339835352,5.371739514368226,5.371739514368226,0.19271597208200048,0.1895191377325742,0.18999808695681028,0.18734650362320698
0.7093505339835352,0.7093505339835352,5.421739514368226,5.421739514368226,0.1927584954675864,0.18957259035512802,0.1899827808992719,0.18733931820754984
0.7593505339835352,0.7593505339835352,5.471739514368226,5.471739514368226,0.19282124256927552,0.18964987136982234,0.18997424786366307,0.18733901472123088
0.8093505339835353,0.8093505339835353,5.5217395143682255,5.5217395143682255,0.19290725415177395,0.18975096070562555,0.18997401735404212,0.18734711257121603
0.8593505339835353,0.8593505339835353,5.571739514368225,5.571739514368225,0.19301485500029283,0.18987347462013435,0.18998384864419385,0.18736518149719925
0.9093505339835354,0.9093505339835354,5.621739514368225,5.621739514368225,0.19314218249043943,0.19001584519364526,0.19000451824282463,0.18739420048169766
0.9593505339835354,0.9593505339835354,5.671739514368225,5.671739514368225,0.19328759123864656,0.1901761745573973,0.19003702771207806,0.18743486499181636
1.0093505339835354,1.0093505339835354,5.721739514368225,5.721739514368225,0.1934489342763651,0.19035244347221014,0.19008151202109444,0.1874876323699566
1.0593505339835354,1.0593505339835354,5.771739514368225,5.771739514368225,0.19362454148135638,0.19054269278960023,0.19013857079167934,0.18755258206154646
1.1093505339835354,1.1093505339835354,5.8217395143682245,5.8217395143682245,0.19380301947195752,0.19073605456795348,0.1902078196314944,0.18762973615264955
1.1593505339835355,1.1593505339835355,5.871739514368224,5.871739514368224,0.19408177175555688,0.190977672410134,0.19028828761484165,0.1877177529431877
1.2093505339835355,1.2093505339835355,5.921739514368224,5.921739514368224,0.19446094107335918,0.1913497627138232,0.19039784988969582,0.18783249474722066
1.2593505339835356,1.2593505339835356,5.971739514368224,5.971739514368224,0.1950223084041379,0.19197769963493944,0.19054410321806925,0.18798564813450125
1.3093505339835356,1.3093505339835356,6.021739514368224,6.021739514368224,0.19609808834245387,0.19320440418649953,0.190752502897732,0.18820109195331616
1.3593505339835357,1.3593505339835357,6.071739514368224,6.071739514368224,0.1974227793773317,0.19516206710877101,0.19107596966674986,0.1885317683888382
1.4093505339835357,1.4093505339835357,6.121739514368223,6.121739514368223,0.198961296794028,0.1969392023020898,0.19153721438788993,0.18899765930692516
1.4593505339835358,1.4593505339835358,6.171739514368223,6.171739514368223,0.2018523409507771,0.19917391427205405,0.19219205557656754,0.18967829539273445
1.5093505339835358,1.5093505339835358,6.221739514368223,6.221739514368223,0.20429102916805408,0.20296892640215608,0.1929684437839438,0.1904700556336891
1.5593505339835358,1.5593505339835358,6.271739514368223,6.271739514368223,0.2058765460250712,0.20432486444563563,0.19402999844200672,0.1915656924917333
1.609350533983536,1.609350533983536,0.038554207188636516,0.038554207188636516,0.21073984654553599,0.20935050980234204,0.19516224592094975,0.19271336980397452
1.659350533983536,1.659350533983536,0.08855420718863659,0.08855420718863659,0.21125788060133394,0.21231161198771195,0.19665548693073248,0.1942826301586805
1.709350533983536,1.709350533983536,0.13855420718863667,0.13855420718863667,0.2178491629116285,0.21374013862829166,0.19817290635506993,0.19582969375430392
1.759350533983536,1.759350533983536,0.18855420718863675,0.18855420718863675,0.2174026584363367,0.22347528543628553,0.2001270366671235,0.1978294131938331
1.809350533983536,1.809350533983536,0.2385542071886368,0.2385542071886368,0.22389277659699286,0.2253898327937833,0.2024402593339949,0.20044242373487062
1.8593505339835361,1.8593505339835361,0.28855420718863684,0.28855420718863684,0.22677442293911132,0.22474598688082922,0.20491138527494085,0.20290653268188416
1.9093505339835362,1.9093505339835362,0.3385542071886369,0.3385542071886369,0.22714543199787915,0.23457341978657845,0.20713106217144228,0.20519217460803565
1.9593505339835362,1.9593505339835362,0.3885542071886369,0.3885542071886369,0.23617956785531607,0.24751730757772472,0.2102834024042858,0.20872395166414837
2.009350533983536,2.009350533983536,0.43855420718863697,0.43855420718863697,0.23740704787495837,0.2466941295678829,0.21428694847081708,0.21316851426273173
2.059350533983536,2.059350533983536,0.488554207188637,0.488554207188637,0.23650331632088636,0.2437635663281732,0.21688837827536053,0.21603265673016184
2.1093505339835357,2.1093505339835357,0.538554207188637,0.538554207188637,0.24524643230598836,0.24801219708706942,0.21922538287789176,0.21845472380672626
2.1593505339835355,2.1593505339835355,0.588554207188637,0.588554207188637,0.25203330359551546,0.26020671147211794,0.22294397491665624,0.22212242580480684
2.2093505339835353,2.2093505339835353,0.6385542071886371,0.6385542071886371,0.24816254817994227,0.2751019533751738,0.22712520880896517,0.2267630635356408
2.259350533983535,2.259350533983535,0.6885542071886371,0.6885542071886371,0.25036952352337366,0.2887426041203178,0.231264544575313,0.2321603110731335
2.309350533983535,2.309350533983535,0.7385542071886372,0.7385542071886372,0.2603558185176554,0.28711128984504736,0.2357572547463742,0.23797302695188796
2.359350533983535,2.359350533983535,0.7885542071886372,0.7885542071886372,0.2703348596039592,0.2816999138467631,0.24010485111486626,0.24263168995135168
2.4093505339835346,2.4093505339835346,0.8385542071886373,0.8385542071886373,0.26728942321140015,0.2787900738737004,0.2437218775930764,0.24601186532805353
2.4593505339835344,2.4593505339835344,0.8885542071886373,0.8885542071886373,0.264941929098182,0.2817453189513158,0.24641695772635672,0.2486284672939556
2.5093505339835342,2.5093505339835342,0.9385542071886374,0.9385542071886374,0.2688283954660798,0.28940199789625987,0.2490819383616658,0.25143725488569885
2.559350533983534,2.559350533983534,0.9885542071886374,0.9885542071886374,0.2781739355375715,0.2998310699922021,0.25245778852787926,0.25505718310546005
2.609350533983534,2.609350533983534,1.0385542071886373,1.0385542071886373,0.28762346219044593,0.31027812709267916,0.257118561874413,0.2599597957865176
2.6593505339835337,2.6593505339835337,1.0885542071886374,1.0885542071886374,0.2949273278849282,0.3185721705053985,0.26254099098416644,0.26560435490852785
2.7093505339835335,2.7093505339835335,1.1385542071886374,1.1385542071886374,0.29101364743723707,0.3247156721075979,0.2677039172064682,0.271098189617901
2.7593505339835334,2.7593505339835334,1.1885542071886375,1.1885542071886375,0.286505424099217,0.3240250389177197,0.2715231877321906,0.275594478068648
2.809350533983533,2.809350533983533,1.2385542071886375,1.2385542071886375,0.28496306684304484,0.3196944978242667,0.27424488307597183,0.2789368260520978
2.859350533983533,2.859350533983533,1.2885542071886376,1.2885542071886376,0.28854594222574753,0.315374664165336,0.27665714196648516,0.2816206927564615
2.909350533983533,2.909350533983533,1.3385542071886376,1.3385542071886376,0.2932480292961285,0.3138954974759596,0.27907174517427963,0.2839521093123125
2.9593505339835326,2.9593505339835326,1.3885542071886376,1.3885542071886376,0.29583334222065455,0.3130023362570277,0.2817497048102592,0.28629449262883566
3.0093505339835325,3.0093505339835325,1.4385542071886377,1.4385542071886377,0.29617095807491023,0.31206661620916054,0.28400040259418863,0.2881577626747917
3.0593505339835323,3.0593505339835323,1.4885542071886377,1.4885542071886377,0.29438837653408667,0.3092147227501706,0.28596565475766234,0.29017523529661626
3.109350533983532,3.109350533983532,1.5385542071886378,1.5385542071886378,0.2925544896047652,0.303877295414899,0.2875019210824888,0.2911472849483706
3.159350533983532,3.159350533983532,1.5885542071886378,1.5885542071886378,0.2912250169322305,0.2961450307461653,0.2884272024682343,0.29142414096081287
3.2093505339835318,3.2093505339835318,1.6385542071886379,1.6385542071886379,0.2884032811423962,0.28663015725095636,0.2888716754063406,0.29166928123364616
3.2593505339835316,3.2593505339835316,1.688554207188638,1.688554207188638,0.2831695486306888,0.2815395791334617,0.2892561332394517,0.2906343182772582
3.3093505339835314,3.3093505339835314,1.738554207188638,1.738554207188638,0.2759157298216398,0.2811543796073551,0.28877880480811186,0.28945637616552883
3.3593505339835312,3.3593505339835312,1.788554207188638,1.788554207188638,0.2674977442862437,0.27783964481084716,0.2872839202017096,0.28923590534786275
3.409350533983531,3.409350533983531,1.838554207188638,1.838554207188638,0.2648086002892506,0.2673424847542019,0.2853963569631251,0.28827750248250605
3.459350533983531,3.459350533983531,1.888554207188638,1.888554207188638,0.260180471620042,0.2553818803340642,0.28317494174941404,0.2856525644927536
3.5093505339835307,3.5093505339835307,1.9385542071886381,1.9385542071886381,0.2518201390591639,0.24286030200940567,0.2805280231590067,0.2818184521998387
3.5593505339835305,3.5593505339835305,1.9885542071886382,1.9885542071886382,0.24705288066771972,0.23643733880367165,0.27659456618658446,0.27684244892561655
3.6093505339835303,3.6093505339835303,2.0385542071886382,2.0385542071886382,0.24022585890103007,0.23650193201596198,0.272107449082687,0.2733246464224759
3.65935053398353,3.65935053398353,2.088554207188638,2.088554207188638,0.23388091666619404,0.22680542537670517,0.2694773975654646,0.26797511032178
3.70935053398353,3.70935053398353,2.138554207188638,2.138554207188638,0.22946388007528615,0.2217132383946136,0.2636895649093615,0.26417828772626945
3.75935053398353,3.75935053398353,2.1885542071886377,2.1885542071886377,0.22479870943132055,0.21471467891272625,0.2581862111214701,0.25752811354019306
3.8093505339835296,3.8093505339835296,2.2385542071886375,2.2385542071886375,0.2202423479538084,0.20984872200675242,0.2536824925515928,0.2542052805094709
3.8593505339835295,3.8593505339835295,2.2885542071886373,2.2885542071886373,0.21675649444983333,0.20499762764444698,0.24763620770708694,0.24705483290295185
3.9093505339835293,3.9093505339835293,2.338554207188637,2.338554207188637,0.21310909640643436,0.20087428146493622,0.24267622529083152,0.24255187674047393
3.959350533983529,3.959350533983529,2.388554207188637,2.388554207188637,0.21022639798102344,0.19793580374451902,0.23821717211481733,0.23782047724568917
4.009350533983529,4.009350533983529,2.438554207188637,2.438554207188637,0.2073907582664734,0.194836032989252,0.2329172325526848,0.23343205857078034
4.059350533983529,4.059350533983529,2.4885542071886366,2.4885542071886366,0.205204720533877,0.192913588555952,0.22912652086325094,0.23019782940979436
4.109350533983529,4.109350533983529,2.5385542071886364,2.5385542071886364,0.20330575676443294,0.19077934236394953,0.22532211741840896,0.225965318705512
4.159350533983528,4.159350533983528,2.5885542071886363,2.5885542071886363,0.2016142787911651,0.18958661730381215,0.22111524474798006,0.22422294007204208
4.209350533983528,4.209350533983528,2.638554207188636,2.638554207188636,0.19994567346753112,0.18878960324996347,0.21823389980669752,0.2206483032663735
4.259350533983528,4.259350533983528,2.688554207188636,2.688554207188636,0.19872427031797812,0.1886573796854779,0.21550852308465077,0.21963992831021859
4.309350533983528,4.309350533983528,2.7385542071886357,2.7385542071886357,0.19791241662659553,0.1887095078038972,0.21253254958254478,0.21731497700949237
4.359350533983528,4.359350533983528,2.7885542071886356,2.7885542071886356,0.1974989235014532,0.1892776900560905,0.20999090015676755,0.21571705308352246
4.4093505339835275,4.4093505339835275,2.8385542071886354,2.8385542071886354,0.1973261656856274,0.190067497636589,0.207571496776572,0.2145348567390367
4.459350533983527,4.459350533983527,2.888554207188635,2.888554207188635,0.1975639736503563,0.1913921209025182,0.2055442619325248,0.21271022261949776
4.509350533983527,4.509350533983527,2.938554207188635,2.938554207188635,0.19804765959454557,0.19276348832942178,0.20395859087203894,0.21114215871898537
4.559350533983527,4.559350533983527,2.988554207188635,2.988554207188635,0.19892985167035931,0.19394381425112875,0.20265088727021563,0.2097309408418787
4.609350533983527,4.609350533983527,3.0385542071886347,3.0385542071886347,0.19983541581536482,0.19492262956825568,0.20155685581090058,0.208545380940257
4.659350533983527,4.659350533983527,3.0885542071886345,3.0885542071886345,0.20058672997583474,0.19571878783942018,0.20064312281626615,0.20755634837890366
4.709350533983526,4.709350533983526,3.1385542071886343,3.1385542071886343,0.201186580962496,0.19636065960542146,0.19987429518210753,0.2067229353122623
4.759350533983526,4.759350533983526,3.188554207188634,3.188554207188634,0.20166062347369673,0.19687327326126236,0.19922109945895847,0.20600076771598533
4.809350533983526,4.809350533983526,3.238554207188634,3.238554207188634,0.20202977155609775,0.19727739461274807,0.19866900875560048,0.20537615958662736
4.859350533983526,4.859350533983526,3.288554207188634,3.288554207188634,0.20231274640576263,0.19759139173173593,0.1982044412155015,0.20484480401315694
4.909350533983526,4.909350533983526,3.3385542071886336,3.3385542071886336,0.20252548201279716,0.1978319603796123,0.1978111420143244,0.204393208508589
4.9593505339835255,4.9593505339835255,3.3885542071886334,3.3885542071886334,0.202680578866717,0.19801256435586276,0.1974751915828428,0.20400596683544578
5.009350533983525,5.009350533983525,3.4385542071886332,3.4385542071886332,0.2027886598183381,0.19814417209019147,0.19718592948089717,0.20367165788160096
5.059350533983525,5.059350533983525,3.488554207188633,3.488554207188633,0.2028587474985154,0.19823592896723138,0.1969346035123724,0.2033800087209667
5.109350533983525,5.109350533983525,3.538554207188633,3.538554207188633,0.20289779545540682,0.19829494997434252,0.1967140483488251,0.20312375034082697
5.159350533983525,5.159350533983525,3.5885542071886327,3.5885542071886327,0.20291175906448622,0.19832737625890662,0.1965187610118289,0.20289639125035225
5.209350533983525,5.209350533983525,3.6385542071886325,3.6385542071886325,0.20290546747436813,0.19833810829534934,0.19634418116631025,0.2026925861246089
5.2593505339835245,5.2593505339835245,3.6885542071886324,3.6885542071886324,0.20288266558761864,0.1983311403428982,0.19618602822143846,0.20250808652685326
5.309350533983524,5.309350533983524,3.738554207188632,3.738554207188632,0.20284657136650933,0.19830977930468893,0.1960417659203075,0.20233983306676534
5.359350533983524,5.359350533983524,3.788554207188632,3.788554207188632,0.20279980832804523,0.19827669904852877,0.19590869510820313,0.2021844549378642
5.409350533983524,5.409350533983524,3.838554207188632,3.838554207188632,0.202744394937979,0.1982340328765953,0.1957848378453925,0.20204040270924983
5.459350533983524,5.459350533983524,3.8885542071886317,3.8885542071886317,0.2026821413847562,0.19818366403621296,0.1956684415623217,0.2019050115127758
5.509350533983524,5.509350533983524,3.9385542071886315,3.9385542071886315,0.2026143872339064,0.19812708615799793,0.19555832112001947,0.2017774439617798
5.559350533983523,5.559350533983523,3.9885542071886313,3.9885542071886313,0.2025421849670533,0.1980653236741394,0.195453294395051,0.20165595373475373
5.609350533983523,5.609350533983523,4.038554207188631,4.038554207188631,0.20246658766437006,0.19799958117426458,0.19535235653764513,0.20153966087197434
5.659350533983523,5.659350533983523,4.088554207188631,4.088554207188631,0.20238836043039599,0.19793046254275612,0.1952550718386584,0.2014276664469601
5.709350533983523,5.709350533983523,4.138554207188631,4.138554207188631,0.20230794324970436,0.19785867326258313,0.19516067982203306,0.20131955922756206
5.759350533983523,5.759350533983523,4.188554207188631,4.188554207188631,0.20222588419982573,0.19778494635339022,0.19506843623114953,0.20121457562882122
5.8093505339835225,5.8093505339835225,4.23855420718863,4.23855420718863,0.20214280130158743,0.19770945689127803,0.19497866539022338,0.2011120802791984
5.859350533983522,5.859350533983522,4.28855420718863,4.28855420718863,0.20205850039099935,0.19763268266123543,0.19489023485682896,0.20101199611783377
5.909350533983522,5.909350533983522,4.33855420718863,4.33855420718863,0.2019735533160635,0.19755497245371856,0.19480326767752917,0.2009139151324945
5.959350533983522,5.959350533983522,4.38855420718863,4.38855420718863,0.20188764846272506,0.19747650321486884,0.1947176825151853,0.20081745964701006
6.009350533983522,6.009350533983522,4.43855420718863,4.43855420718863,0.2018013436907845,0.19739748423887246,0.19463296568043684,0.20072207877214304
6.059350533983522,6.059350533983522,4.4885542071886295,4.4885542071886295,0.2017147502547833,0.19731802781279667,0.19454913051296707,0.20062799829263242
6.1093505339835215,6.1093505339835215,4.538554207188629,4.538554207188629,0.2016277401446697,0.197238235008685,0.19446628733806876,0.20053482691001517
6.159350533983521,6.159350533983521,4.588554207188629,4.588554207188629,0.20154076827935458,0.19715840048620553,0.19438370298064422,0.20044255892004476
6.209350533983521,6.209350533983521,4.638554207188629,4.638554207188629,0.20145364087432283,0.1970784482576078,0.19430171228611187,0.20035120744784787
6.259350533983521,6.259350533983521,4.688554207188629,4.688554207188629,0.2013665799105291,0.1969984566499067,0.19422054894477894,0.20026014016339194
0.02616522680393462,0.02616522680393462,4.738554207188629,4.738554207188629,0.20127949860596742,0.19691846109429087,0.1941396518982183,0.20016989006948852
0.07616522680393473,0.07616522680393473,4.7885542071886285,4.7885542071886285,0.20119723129945816,0.19684322575965527,0.1940593692939647,0.20007984406723528
0.1261652268039348,0.1261652268039348,4.838554207188628,4.838554207188628,0.20112583246862345,0.19677879358837147,0.1939803830864312,0.19999141585279084
0.1761652268039349,0.1761652268039349,4.888554207188628,4.888554207188628,0.20106638472951344,0.19672612849093923,0.1939037985667451,0.19990497153852066
0.226165226803935,0.226165226803935,4.938554207188628,4.938554207188628,0.20101763303633152,0.19668427257074536,0.19383055430729304,0.19982263761836372
0.27616522680393507,0.27616522680393507,4.988554207188628,4.988554207188628,0.20097904205783468,0.19665220732385089,0.19376133163602544,0.1997439447871456
0.3261652268039351,0.3261652268039351,5.038554207188628,5.038554207188628,0.2009498735385433,0.19662936840771478,0.19369646798999796,0.19967005327404716
0.37616522680393516,0.37616522680393516,5.088554207188627,5.088554207188627,0.2009292471908027,0.19661504603527416,0.19363651761841622,0.19960122990079762
0.4261652268039352,0.4261652268039352,5.138554207188627,5.138554207188627,0.2009167735549069,0.1966086539936711,0.19358190781587947,0.19953766783136892
0.47616522680393525,0.47616522680393525,5.188554207188627,5.188554207188627,0.20091205910236146,0.19660978362148543,0.19353248815083404,0.19947976300494152
0.5261652268039353,0.5261652268039353,5.238554207188627,5.238554207188627,0.20091250060570473,0.1966158547636204,0.19348856428803077,0.19942749678554636
0.5761652268039353,0.5761652268039353,5.288554207188627,5.288554207188627,0.20091836443739092,0.19662705807939976,0.1934501084123876,0.1993809620747433
0.6261652268039354,0.6261652268039354,5.3385542071886265,5.3385542071886265,0.20093053452064183,0.19664420431742888,0.1934173356562122,0.19933992606764334
0.6761652268039354,0.6761652268039354,5.388554207188626,5.388554207188626,0.20094888398369226,0.19666736749928537,0.19338958878198467,0.19930449896710103
0.7261652268039355,0.7261652268039355,5.438554207188626,5.438554207188626,0.2009727255790763,0.19669703053069787,0.19336762917832223,0.1992749931829557
0.7761652268039355,0.7761652268039355,5.488554207188626,5.488554207188626,0.2010053839593517,0.1967424147320389,0.19335145592396583,0.19925159054571523
0.8261652268039356,0.8261652268039356,5.538554207188626,5.538554207188626,0.2010569067424397,0.19681070593632544,0.19334178335334865,0.19923488230199043
0.8761652268039356,0.8761652268039356,5.588554207188626,5.588554207188626,0.20113017467642214,0.1969010555158605,0.19334043963892625,0.199227328624683
0.9261652268039356,0.9261652268039356,5.638554207188625,5.638554207188625,0.20122400631524937,0.19701147575963507,0.19334834536595236,0.1992299243680107
0.9761652268039357,0.9761652268039357,5.688554207188625,5.688554207188625,0.20133639684001386,0.1971399403770476,0.1933667246198694,0.1992434647339126
1.0261652268039356,1.0261652268039356,5.738554207188625,5.738554207188625,0.20146552636783574,0.19728460336379539,0.19339603976173267,0.19926897829114648
1.0761652268039357,1.0761652268039357,5.788554207188625,5.788554207188625,0.20160815720066053,0.19743896084286663,0.1934367809412382,0.19930617543662976
1.1261652268039357,1.1261652268039357,5.838554207188625,5.838554207188625,0.20176187050310626,0.19759013026014716,0.19348811737911562,0.1993546709784112
1.1761652268039358,1.1761652268039358,5.8885542071886245,5.8885542071886245,0.2020857934677247,0.19795192214212498,0.19355323384912793,0.1994158507761898
1.2261652268039358,1.2261652268039358,5.938554207188624,5.938554207188624,0.20225032298113935,0.19833941748160688,0.19364913467861836,0.19950924951824436
1.2761652268039358,1.2761652268039358,5.988554207188624,5.988554207188624,0.20324366057503818,0.19871468944039247,0.19378500302325827,0.19963836810437308
1.326165226803936,1.326165226803936,6.038554207188624,6.038554207188624,0.2045473127381707,0.19927093846391186,0.19397894946157346,0.19981276594603406
1.376165226803936,1.376165226803936,6.088554207188624,6.088554207188624,0.20564056103843567,0.19986413106443554,0.19427234159149442,0.20006693963097655
1.426165226803936,1.426165226803936,6.138554207188624,6.138554207188624,0.20756472220100305,0.20193095322239954,0.19471248182458334,0.20044681342180715
1.476165226803936,1.476165226803936,6.1885542071886235,6.1885542071886235,0.21065948623548914,0.2039107451398164,0.1952917468065347,0.20095553858955525
1.526165226803936,1.526165226803936,6.238554207188623,6.238554207188623,0.21261766967730797,0.20537958719634627,0.19606282495500532,0.2016727062118888
1.5761652268039361,1.5761652268039361,0.005368900009036959,0.005368900009036959,0.21565599155436177,0.20925040348294704,0.19704772092762693,0.20254300089232374
1.6261652268039362,1.6261652268039362,0.055368900009037034,0.055368900009037034,0.2183550946052942,0.21068460028098293,0.19817929967053868,0.20364846866996753
1.6761652268039362,1.6761652268039362,0.1053689000090371,0.1053689000090371,0.22397492518476658,0.21430713621547803,0.1995862568750239,0.20491325579095943
1.7261652268039362,1.7261652268039362,0.15536890000903716,0.15536890000903716,0.2234050976407344,0.2188430286657861,0.20123648485262496,0.20652755583167837
1.7761652268039363,1.7761652268039363,0.20536890000903724,0.20536890000903724,0.2311241559115599,0.21888921301521605,0.2028972539922695,0.208161965878712
1.8261652268039363,1.8261652268039363,0.2553689000090373,0.2553689000090373,0.23515290681255896,0.22768727377543962,0.20520577033971768,0.21027006299079645
1.8761652268039364,1.8761652268039364,0.3053689000090373,0.3053689000090373,0.23390381345255384,0.23075348177466143,0.20766145621901178,0.21284324956627598
1.9261652268039364,1.9261652268039364,0.35536890000903737,0.35536890000903737,0.2419501570460487,0.22964316289397774,0.209782668370462,0.2150197064893469
1.9761652268039365,1.9761652268039365,0.4053689000090374,0.4053689000090374,0.2508552676117592,0.23754417251054208,0.21278338389182574,0.21775197743039004
2.0261652268039363,2.0261652268039363,0.45536890000903746,0.45536890000903746,0.24761264018823384,0.2499871492791392,0.21635658080379308,0.22133904525909548
2.076165226803936,2.076165226803936,0.5053689000090374,0.5053689000090374,0.24852166666561643,0.2531040019721564,0.21956629816979895,0.22514791228598402
2.126165226803936,2.126165226803936,0.5553689000090375,0.5553689000090375,0.2585612215073836,0.2494853207942356,0.22247482955792613,0.22841364353635368
2.1761652268039358,2.1761652268039358,0.6053689000090375,0.6053689000090375,0.27189713098884943,0.2499485259553577,0.22600768769518306,0.23162347285735915
2.2261652268039356,2.2261652268039356,0.6553689000090376,0.6553689000090376,0.2735242864534432,0.25868025598794125,0.23037125403725636,0.2353729837212433
2.2761652268039354,2.2761652268039354,0.7053689000090376,0.7053689000090376,0.2690078094504343,0.2725753667158395,0.23441987940050812,0.2394336881158726
2.3261652268039352,2.3261652268039352,0.7553689000090377,0.7553689000090377,0.26832226295837375,0.28621392185842937,0.23818764163739276,0.24403816459235328
2.376165226803935,2.376165226803935,0.8053689000090377,0.8053689000090377,0.27382939905681214,0.2931912726054327,0.24232103311410427,0.24952250545680585
2.426165226803935,2.426165226803935,0.8553689000090378,0.8553689000090378,0.28472137977833717,0.2879618227514477,0.24646937754268222,0.2545109036929369
2.4761652268039347,2.4761652268039347,0.9053689000090378,0.9053689000090378,0.2963066260642373,0.2830451068514384,0.25069918941474867,0.25867225246005016
2.5261652268039345,2.5261652268039345,0.9553689000090378,0.9553689000090378,0.30497594452053267,0.2819309612135985,0.2551502053467454,0.2623359254435563
2.5761652268039343,2.5761652268039343,1.0053689000090378,1.0053689000090378,0.3013679098195521,0.28610030608398235,0.25929767581729424,0.2656430203912399
2.626165226803934,2.626165226803934,1.0553689000090378,1.0553689000090378,0.2971633193739799,0.29450366236919745,0.2626977341839433,0.26878566390492753
2.676165226803934,2.676165226803934,1.1053689000090379,1.1053689000090379,0.29558802778814547,0.3044464910178595,0.26579413991265616,0.27220694328525086
2.726165226803934,2.726165226803934,1.155368900009038,1.155368900009038,0.29730519248084847,0.3125531023296815,0.26890134254639414,0.27602038880706353
2.7761652268039336,2.7761652268039336,1.205368900009038,1.205368900009038,0.30151870044527435,0.31812915780726975,0.27216870652115543,0.2801313055473252
2.8261652268039335,2.8261652268039335,1.255368900009038,1.255368900009038,0.3058815906382622,0.3200474399384954,0.2755961515058278,0.2842802676200049
2.8761652268039333,2.8761652268039333,1.305368900009038,1.305368900009038,0.30821890518782535,0.3159635428377541,0.27887042461657,0.2879474433237111
2.926165226803933,2.926165226803933,1.355368900009038,1.355368900009038,0.3084539683732443,0.3120802649973382,0.2819409350904858,0.2909103358117579
2.976165226803933,2.976165226803933,1.4053689000090381,1.4053689000090381,0.3065507500988768,0.310079852696871,0.28441681339000735,0.2933066171305469
3.0261652268039327,3.0261652268039327,1.4553689000090382,1.4553689000090382,0.3040813523587656,0.31009170638442557,0.2865663408853223,0.2953321756566648
3.0761652268039326,3.0761652268039326,1.5053689000090382,1.5053689000090382,0.3019064085511545,0.30822906544175643,0.2880357438460856,0.2968683517218909
3.1261652268039324,3.1261652268039324,1.5553689000090383,1.5553689000090383,0.29891566178248324,0.303756502833271,0.28909516104466476,0.2979843053618771
3.176165226803932,3.176165226803932,1.6053689000090383,1.6053689000090383,0.29364607536741355,0.2968694385173717,0.28961333068043554,0.2983522365290341
3.226165226803932,3.226165226803932,1.6553689000090384,1.6553689000090384,0.28629943902339144,0.28787694177627815,0.2893633897145787,0.29770067013371465
3.276165226803932,3.276165226803932,1.7053689000090384,1.7053689000090384,0.2771990984316293,0.27773471035082326,0.2881549787420261,0.29657113017241893
3.3261652268039317,3.3261652268039317,1.7553689000090384,1.7553689000090384,0.27031021881427053,0.27279318126831287,0.2860714770551395,0.2942098813921861
3.3761652268039315,3.3761652268039315,1.8053689000090385,1.8053689000090385,0.26945886590388196,0.273320087513907,0.28373223296907096,0.2916898666138562
3.4261652268039313,3.4261652268039313,1.8553689000090385,1.8553689000090385,0.26186528987861113,0.26811813418666935,0.28215937593821083,0.28947180122273636
3.476165226803931,3.476165226803931,1.9053689000090386,1.9053689000090386,0.2513571554330196,0.2568921387597323,0.27992072802301204,0.28661795557425435
3.526165226803931,3.526165226803931,1.9553689000090386,1.9553689000090386,0.24290098677350827,0.24531576136105743,0.2764301176048731,0.2823065508568496
3.576165226803931,3.576165226803931,2.0053689000090387,2.0053689000090387,0.23962731285272112,0.23570167401987888,0.2717368720760585,0.278252183295201
3.6261652268039306,3.6261652268039306,2.0553689000090385,2.0553689000090385,0.23181987623738667,0.2357055997147822,0.2667078338012493,0.2727368240787961
3.6761652268039304,3.6761652268039304,2.1053689000090383,2.1053689000090383,0.2260518963151047,0.22841117205509873,0.2619728082784261,0.2676506209595892
3.7261652268039303,3.7261652268039303,2.155368900009038,2.155368900009038,0.22119708723382772,0.2213130071077859,0.25849080530910695,0.2619099688252229
3.77616522680393,3.77616522680393,2.205368900009038,2.205368900009038,0.2159986750846455,0.21592184096142067,0.2520708565352837,0.2572771886771362
3.82616522680393,3.82616522680393,2.255368900009038,2.255368900009038,0.21295950639258376,0.21123648350484994,0.24827180298283025,0.2507438968629589
3.8761652268039297,3.8761652268039297,2.3053689000090376,2.3053689000090376,0.20935119653909628,0.20638393829475268,0.24167979908629086,0.2450290116496166
3.9261652268039295,3.9261652268039295,2.3553689000090374,2.3553689000090374,0.20593133223509252,0.20147651457573457,0.23774892989136448,0.24000050206926218
3.9761652268039294,3.9761652268039294,2.4053689000090372,2.4053689000090372,0.20302982724387436,0.19838943433462758,0.23245551538930995,0.2342566410615249
4.026165226803929,4.026165226803929,2.455368900009037,2.455368900009037,0.20098340607341994,0.19537812743707622,0.22822597922030724,0.22933873077638867
4.076165226803929,4.076165226803929,2.505368900009037,2.505368900009037,0.19886578110475112,0.1929530393550121,0.22525075665632166,0.22601540598637862
4.126165226803929,4.126165226803929,2.5553689000090367,2.5553689000090367,0.19745110934069324,0.19092618541478668,0.2206053187983168,0.2212816570229061
4.176165226803929,4.176165226803929,2.6053689000090365,2.6053689000090365,0.19612721219568063,0.1894464049757193,0.21881968115213055,0.21907481908611276
4.2261652268039285,4.2261652268039285,2.6553689000090364,2.6553689000090364,0.19569382997870338,0.1882400081746932,0.2156380871261321,0.21560792190212524
4.276165226803928,4.276165226803928,2.705368900009036,2.705368900009036,0.19512422504469087,0.1878298324606552,0.21387863343765062,0.21346457812315164
4.326165226803928,4.326165226803928,2.755368900009036,2.755368900009036,0.19505025876481655,0.18753713228979632,0.21152647776355338,0.2114298674628763
4.376165226803928,4.376165226803928,2.805368900009036,2.805368900009036,0.19544625097339413,0.18778941598382784,0.20929393315720862,0.20924700857417552
4.426165226803928,4.426165226803928,2.8553689000090356,2.8553689000090356,0.19586386116319382,0.18834594862208257,0.20727927753464107,0.20729974583416816
4.476165226803928,4.476165226803928,2.9053689000090355,2.9053689000090355,0.19659144059670589,0.18938908549432504,0.20557928346690818,0.2055189019469582
4.526165226803927,4.526165226803927,2.9553689000090353,2.9553689000090353,0.19758993400158298,0.19052694652151198,0.20422515888882245,0.2041047530664662
4.576165226803927,4.576165226803927,3.005368900009035,3.005368900009035,0.1985331991569682,0.19151544299433257,0.20309975266798053,0.20293356530559065
4.626165226803927,4.626165226803927,3.055368900009035,3.055368900009035,0.1993085684977128,0.19232938031061497,0.2021596662638544,0.2019555185999421
4.676165226803927,4.676165226803927,3.1053689000090348,3.1053689000090348,0.1999323466044671,0.1929922610701918,0.20136840519066412,0.20113244115266268
4.726165226803927,4.726165226803927,3.1553689000090346,3.1553689000090346,0.20042927558454146,0.19352737182608235,0.2006969113660338,0.2004332900757593
4.7761652268039265,4.7761652268039265,3.2053689000090344,3.2053689000090344,0.20082053395171917,0.1939554443074225,0.20012105763612512,0.19983647594983053
4.826165226803926,4.826165226803926,3.2553689000090342,3.2553689000090342,0.20112362609766857,0.19429387667065523,0.19962870170268632,0.1993296820095902
4.876165226803926,4.876165226803926,3.305368900009034,3.305368900009034,0.20135459375133966,0.19455852544836735,0.19921178293980676,0.1988997198338754
4.926165226803926,4.926165226803926,3.355368900009034,3.355368900009034,0.20152643992484054,0.19476261777671858,0.19885734284993817,0.19853233620380117
4.976165226803926,4.976165226803926,3.4053689000090337,3.4053689000090337,0.20165006155711038,0.19491703044826664,0.19855383987838893,0.1982159923405041
5.026165226803926,5.026165226803926,3.4553689000090335,3.4553689000090335,0.20173439131945994,0.1950306110940721,0.1982907157183036,0.1979415125792366
5.0761652268039255,5.0761652268039255,3.5053689000090333,3.5053689000090333,0.2017865622228984,0.19511079077455634,0.19806021720554245,0.1977013685085258
5.126165226803925,5.126165226803925,3.555368900009033,3.555368900009033,0.20181258802521124,0.19516326645464485,0.1978563323888794,0.1974894452825228
5.176165226803925,5.176165226803925,3.605368900009033,3.605368900009033,0.2018172252702103,0.1951931573464426,0.1976741459804632,0.1973008821083327
5.226165226803925,5.226165226803925,3.655368900009033,3.655368900009033,0.20180451998400994,0.1952044503752912,0.1975096827728788,0.19713136636189835
5.276165226803925,5.276165226803925,3.7053689000090326,3.7053689000090326,0.20177761841539035,0.19520047527747708,0.19735977214156317,0.1969774176779516
5.326165226803925,5.326165226803925,3.7553689000090325,3.7553689000090325,0.20173912842625813,0.19518386274748706,0.19722184418790134,0.19683648336870993
5.376165226803924,5.376165226803924,3.8053689000090323,3.8053689000090323,0.2016913349664744,0.1951570044671034,0.19709359662257564,0.19670634819192095
5.426165226803924,5.426165226803924,3.855368900009032,3.855368900009032,0.20163585242226129,0.19512160263338016,0.1969734518247132,0.1965849393340544
5.476165226803924,5.476165226803924,3.905368900009032,3.905368900009032,0.20157441932972087,0.19507935024716513,0.19685974170208412,0.19647097901841817
5.526165226803924,5.526165226803924,3.9553689000090317,3.9553689000090317,0.20150791540151683,0.19503139056829566,0.19675145325565985,0.19636297085471158
5.576165226803924,5.576165226803924,4.005368900009032,4.005368900009032,0.20143732561314137,0.19497868623554718,0.19664770887414776,0.196260343472205
5.6261652268039235,5.6261652268039235,4.055368900009031,4.055368900009031,0.20136364782787972,0.1949222148959536,0.19654764503930347,0.19616156552273534
5.676165226803923,5.676165226803923,4.105368900009031,4.105368900009031,0.20128745600730769,0.19486256485546577,0.19645062884992462,0.19606637509582808
5.726165226803923,5.726165226803923,4.155368900009031,4.155368900009031,0.20120915779995432,0.19480042289236427,0.19635609221149558,0.19597407279206217
5.776165226803923,5.776165226803923,4.205368900009031,4.205368900009031,0.20112914419792496,0.19473621488394027,0.19626373002136555,0.19588415983194896
5.826165226803923,5.826165226803923,4.255368900009031,4.255368900009031,0.20104784298994283,0.1946702913423786,0.19617295457050427,0.19579633802440732
5.876165226803923,5.876165226803923,4.3053689000090305,4.3053689000090305,0.2009654447343417,0.19460305817660045,0.19608366863384366,0.19571021617790044
5.926165226803922,5.926165226803922,4.35536890000903,4.35536890000903,0.20088229200790805,0.19453465792910205,0.19599578437382734,0.19562548661630194
5.976165226803922,5.976165226803922,4.40536890000903,4.40536890000903,0.20079846695865336,0.19446543640396075,0.19590868902107558,0.19554196443702615
6.026165226803922,6.026165226803922,4.45536890000903,4.45536890000903,0.20071411644080825,0.19439547160364495,0.195822814192976,0.19545965092306183
6.076165226803922,6.076165226803922,4.50536890000903,4.50536890000903,0.20062945899265328,0.19432502913271102,0.19573721773048605,0.19537814293232142
6.126165226803922,6.126165226803922,4.55536890000903,4.55536890000903,0.2005446320373746,0.19425408721857282,0.19565243510317912,0.19529735046439495
6.1761652268039215,6.1761652268039215,4.605368900009029,4.605368900009029,0.20045952738306339,0.1941828405954025,0.19556824005316237,0.19521746056236705
6.226165226803921,6.226165226803921,4.655368900009029,4.655368900009029,0.20037440780265586,0.19411131124549855,0.19548458860381465,0.1951380991940859
6.276165226803921,6.276165226803921,4.705368900009029,4.705368900009029,0.20028928571483376,0.19403968996487175,0.19540122489347672,0.19505901690353417
0.04297991962433489,0.04297991962433489,4.755368900009029,4.755368900009029,0.20020406645979263,0.19396787981493901,0.19531838147130248,0.19498056574120556
0.092979919624335,0.092979919624335,4.805368900009029,4.805368900009029,0.20012668356766752,0.1939037604879219,0.19523607137417204,0.1949027545029224
0.14297991962433507,0.14297991962433507,4.8553689000090285,4.8553689000090285,0.20006135444869946,0.19385137052749127,0.1951554302002648,0.19482658902156616
0.19297991962433517,0.19297991962433517,4.905368900009028,4.905368900009028,0.20000757707824773,0.19381038192892916,0.19507750195286302,0.19475325432941298
0.24297991962433527,0.24297991962433527,4.955368900009028,4.955368900009028,0.19996443368254763,0.19377954769960234,0.19500305057591855,0.19468346919362797
0.29297991962433534,0.29297991962433534,5.005368900009028,5.005368900009028,0.1999308217913993,0.19375831484569592,0.1949328470820008,0.19461805579806357
0.3429799196243354,0.3429799196243354,5.055368900009028,5.055368900009028,0.19990649971156577,0.1937459636400774,0.19486743528175454,0.19455726840652254
0.3929799196243354,0.3929799196243354,5.105368900009028,5.105368900009028,0.19989054505195086,0.19374184279861167,0.19480674966079736,0.19450152642662077
0.44297991962433547,0.44297991962433547,5.1553689000090275,5.1553689000090275,0.19988265705421399,0.19374560266810167,0.1947516337521815,0.19445122496355322
0.4929799196243355,0.4929799196243355,5.205368900009027,5.205368900009027,0.19988195880162835,0.19375636826877765,0.19470169931394407,0.19440633177953953
0.5429799196243356,0.5429799196243356,5.255368900009027,5.255368900009027,0.19988581640915806,0.19377128503754437,0.19465751101407147,0.19436713134390832
0.5929799196243356,0.5929799196243356,5.305368900009027,5.305368900009027,0.19989545644677026,0.19379176409059287,0.19461858076729802,0.1943331951419031
0.6429799196243356,0.6429799196243356,5.355368900009027,5.355368900009027,0.19991133846172918,0.19381839916434476,0.1945851575050707,0.1943049320460052
0.6929799196243357,0.6929799196243357,5.405368900009027,5.405368900009027,0.1999332511105457,0.1938508026411039,0.19455741905513652,0.1942822464808709
0.7429799196243357,0.7429799196243357,5.455368900009026,5.455368900009026,0.199960955194827,0.19389720469296334,0.19453517200525486,0.19426521729468793
0.7929799196243358,0.7929799196243358,5.505368900009026,5.505368900009026,0.20000261215167764,0.19396683080796848,0.19451923628265003,0.19425511929491202
0.8429799196243358,0.8429799196243358,5.555368900009026,5.555368900009026,0.2000659250516193,0.1940595550966606,0.1945110466184907,0.19425315203026486
0.8929799196243359,0.8929799196243359,5.605368900009026,5.605368900009026,0.20015057313902865,0.1941734280014349,0.19451194561517748,0.19426092788263752
0.9429799196243359,0.9429799196243359,5.655368900009026,5.655368900009026,0.20025473534649701,0.19430646341179905,0.19452306249579343,0.19427970809040646
0.992979919624336,0.992979919624336,5.7053689000090255,5.7053689000090255,0.20037669096383093,0.19445666099272046,0.19454496257693113,0.194310170848015
1.042979919624336,1.042979919624336,5.755368900009025,5.755368900009025,0.20051441565090183,0.1946221054020793,0.1945784567370614,0.19435249143165814
1.092979919624336,1.092979919624336,5.805368900009025,5.805368900009025,0.20066128972192154,0.19479614814273422,0.19462357271829922,0.19440712846802966
1.142979919624336,1.142979919624336,5.855368900009025,5.855368900009025,0.20081070392783185,0.1949721151758338,0.19467898490669105,0.19447240453362669
1.192979919624336,1.192979919624336,5.905368900009025,5.905368900009025,0.20119887445946988,0.1952458606625606,0.19475259658249927,0.19455438368589367
1.242979919624336,1.242979919624336,5.955368900009025,5.955368900009025,0.20154831182855595,0.19583456706721622,0.1948576292798729,0.1946661803188858
1.2929799196243361,1.2929799196243361,6.0053689000090245,6.0053689000090245,0.20233152670301358,0.19615065431558898,0.19499437903797992,0.19481220525385612
1.3429799196243362,1.3429799196243362,6.055368900009024,6.055368900009024,0.2030415332694181,0.19709728659647408,0.1952003698243948,0.19502552352624475
1.3929799196243362,1.3929799196243362,6.105368900009024,6.105368900009024,0.2038479042679242,0.1991311050759774,0.19548964624000137,0.19533088245990876
1.4429799196243362,1.4429799196243362,6.155368900009024,6.155368900009024,0.20641365499147854,0.20080466840479336,0.19591585275858645,0.1957731643008662
1.4929799196243363,1.4929799196243363,6.205368900009024,6.205368900009024,0.2088395397721959,0.2024813191565796,0.19650945250651825,0.19640348863222518
1.5429799196243363,1.5429799196243363,6.255368900009024,6.255368900009024,0.21022667702189277,0.20604181399600466,0.19730081132903432,0.19719849329513145
1.5929799196243364,1.5929799196243364,0.022183592829437226,0.022183592829437226,0.2151647740189953,0.20692992669984964,0.19825895673840246,0.19818554482188125
1.6429799196243364,1.6429799196243364,0.0721835928294373,0.0721835928294373,0.21523932504257592,0.21080163547802802,0.19942645916779525,0.19933725067718608
1.6929799196243365,1.6929799196243365,0.12218359282943737,0.12218359282943737,0.2220707488963203,0.21298679795977485,0.2006951894894352,0.20060502585114237
1.7429799196243365,1.7429799196243365,0.17218359282943743,0.17218359282943743,0.22376918442421664,0.21675865504455402,0.20245725406438678,0.20230034994572146
1.7929799196243366,1.7929799196243366,0.2221835928294375,0.2221835928294375,0.22582448630958382,0.21849570238747015,0.20408219937462535,0.2039013957229601
1.8429799196243366,1.8429799196243366,0.27218359282943755,0.27218359282943755,0.23562478412783186,0.22714133734726583,0.20623312133729324,0.2060296256945897
1.8929799196243366,1.8929799196243366,0.3221835928294376,0.3221835928294376,0.23515730645003852,0.22572433222186628,0.2089997780871815,0.2087230968536583
1.9429799196243367,1.9429799196243367,0.37218359282943764,0.37218359282943764,0.23686328031077375,0.2292615037587558,0.21103255565576837,0.21068544056503183
1.9929799196243367,1.9929799196243367,0.4221835928294377,0.4221835928294377,0.2474776650033363,0.2405255504574847,0.21378802709084038,0.21346517380729682
2.0429799196243366,2.0429799196243366,0.4721835928294377,0.4721835928294377,0.2546480328472392,0.24326250354790205,0.21798118016483672,0.2176517700773734
2.0929799196243364,2.0929799196243364,0.5221835928294377,0.5221835928294377,0.2512349455683411,0.24023655660805215,0.22129730222144706,0.22082546611427584
2.142979919624336,2.142979919624336,0.5721835928294378,0.5721835928294378,0.25262110594329523,0.24537615326314874,0.22363835342261384,0.22309574713203723
2.192979919624336,2.192979919624336,0.6221835928294378,0.6221835928294378,0.26209109171179285,0.2579307068541799,0.22674794137806586,0.22632303333136994
2.242979919624336,2.242979919624336,0.6721835928294378,0.6721835928294378,0.274299848388633,0.2695533944199554,0.23163458109431856,0.23145562620305002
2.2929799196243357,2.2929799196243357,0.7221835928294379,0.7221835928294379,0.28029814420046417,0.26656943567936875,0.2374418448052448,0.23727796514940624
2.3429799196243355,2.3429799196243355,0.7721835928294379,0.7721835928294379,0.27605997463077614,0.26240419157389283,0.24131405627555597,0.24088596307675708
2.3929799196243353,2.3929799196243353,0.822183592829438,0.822183592829438,0.27364797121262435,0.26428570006711277,0.243952652731905,0.24336309168954753
2.442979919624335,2.442979919624335,0.872183592829438,0.872183592829438,0.27679652280710726,0.2731824143332333,0.24655957022289596,0.2460333170924338
2.492979919624335,2.492979919624335,0.9221835928294381,0.9221835928294381,0.2847257026593839,0.2856266827564227,0.24990838181805883,0.249713450333626
2.542979919624335,2.542979919624335,0.9721835928294381,0.9721835928294381,0.2948029899325242,0.29638054393480445,0.2545491708951971,0.254800123436163
2.5929799196243346,2.5929799196243346,1.022183592829438,1.022183592829438,0.30333291648015986,0.3021551169670548,0.2600831500458753,0.26081064435642026
2.6429799196243344,2.6429799196243344,1.072183592829438,1.072183592829438,0.30959119657576467,0.29681772684223967,0.26529783121484163,0.2660674744258537
2.6929799196243343,2.6929799196243343,1.1221835928294381,1.1221835928294381,0.3057914160998913,0.2923237603182999,0.26929033792517576,0.2697051613493708
2.742979919624334,2.742979919624334,1.1721835928294382,1.1721835928294382,0.3019781588197469,0.2916021265115705,0.27222942908939646,0.2723526384807488
2.792979919624334,2.792979919624334,1.2221835928294382,1.2221835928294382,0.30025245350985297,0.29493442723811714,0.27465778824266646,0.27472129032823067
2.8429799196243337,2.8429799196243337,1.2721835928294383,1.2721835928294383,0.3017305757845881,0.30055971781081786,0.2770005397444506,0.2772301739240406
2.8929799196243335,2.8929799196243335,1.3221835928294383,1.3221835928294383,0.30460416474464075,0.3046664874348081,0.27951546987342535,0.28001961833192307
2.9429799196243334,2.9429799196243334,1.3721835928294384,1.3721835928294384,0.30603789084009725,0.3062548797279866,0.2820768050750684,0.2830408685954254
2.992979919624333,2.992979919624333,1.4221835928294384,1.4221835928294384,0.3050724529138073,0.30544037975806804,0.2844392999690552,0.2856510623339828
3.042979919624333,3.042979919624333,1.4721835928294384,1.4721835928294384,0.301858521334757,0.3031038618873577,0.2865923105939304,0.28843493918754876
3.092979919624333,3.092979919624333,1.5221835928294385,1.5221835928294385,0.29753547328150326,0.30110152123285994,0.287827411206072,0.289989843044655
3.1429799196243327,3.1429799196243327,1.5721835928294385,1.5721835928294385,0.29615746301375384,0.29914074376328265,0.2895138777904532,0.2913967658072889
3.1929799196243325,3.1929799196243325,1.6221835928294386,1.6221835928294386,0.2951865424606743,0.2948057619302012,0.2907058649148879,0.2927382387001782
3.2429799196243323,3.2429799196243323,1.6721835928294386,1.6721835928294386,0.2897484674489662,0.2880779326741094,0.290827589922605,0.29271283676281934
3.292979919624332,3.292979919624332,1.7221835928294387,1.7221835928294387,0.2817635385321694,0.2794392904652146,0.29143597726614573,0.29207461222664605
3.342979919624332,3.342979919624332,1.7721835928294387,1.7721835928294387,0.27223606572746434,0.2702785203391616,0.28997059715185064,0.2919331300074836
3.3929799196243318,3.3929799196243318,1.8221835928294388,1.8221835928294388,0.2614598980037634,0.2671678577137838,0.28789474147910726,0.28902521598128544
3.4429799196243316,3.4429799196243316,1.8721835928294388,1.8721835928294388,0.2557569536905851,0.2629708330072844,0.28467419414314504,0.288569636736588
3.4929799196243314,3.4929799196243314,1.9221835928294388,1.9221835928294388,0.2546862496118383,0.2533467624457666,0.2825836084859476,0.2860868753305455
3.5429799196243312,3.5429799196243312,1.972183592829439,1.972183592829439,0.2456167398063134,0.2457600369975022,0.2793729893850845,0.28331400381650457
3.592979919624331,3.592979919624331,2.022183592829439,2.022183592829439,0.23764733886583245,0.24010815092333002,0.2752389981819053,0.2791035606180957
3.642979919624331,3.642979919624331,2.0721835928294388,2.0721835928294388,0.2326641845472562,0.23348256804582473,0.2705547272783836,0.2745555627025995
3.6929799196243307,3.6929799196243307,2.1221835928294386,2.1221835928294386,0.2270220888604033,0.22771783879625035,0.2646940872335085,0.26827326032172133
3.7429799196243305,3.7429799196243305,2.1721835928294384,2.1721835928294384,0.22117629230458113,0.2219188045232154,0.2606493350435326,0.26434232307269856
3.7929799196243303,3.7929799196243303,2.2221835928294382,2.2221835928294382,0.21625344253430287,0.21724646006799472,0.25367475812203477,0.2573818558963343
3.84297991962433,3.84297991962433,2.272183592829438,2.272183592829438,0.21190912496221875,0.2128902363876213,0.24934227548115942,0.2527986173621883
3.89297991962433,3.89297991962433,2.322183592829438,2.322183592829438,0.20795183142042784,0.20906346622209665,0.24252262459474883,0.24634820054971995
3.94297991962433,3.94297991962433,2.3721835928294377,2.3721835928294377,0.20458734542323084,0.2055822023465391,0.2382468825106374,0.24068109425602185
3.9929799196243296,3.9929799196243296,2.4221835928294375,2.4221835928294375,0.20149217827082141,0.2028466278856566,0.23219185608848097,0.23645503469500573
4.0429799196243295,4.0429799196243295,2.4721835928294373,2.4721835928294373,0.19878192788184562,0.19954886786960188,0.22868312107555092,0.23165480333836833
4.092979919624329,4.092979919624329,2.522183592829437,2.522183592829437,0.19673961338192378,0.1976437432977493,0.22438823514339745,0.2274427309343421
4.142979919624329,4.142979919624329,2.572183592829437,2.572183592829437,0.19491403079699215,0.19602526903830297,0.2203238632591515,0.22465532465519386
4.192979919624329,4.192979919624329,2.622183592829437,2.622183592829437,0.19361575662724104,0.1943121235682731,0.21739570317913623,0.22065299082839895
4.242979919624329,4.242979919624329,2.6721835928294366,2.6721835928294366,0.19249152186679383,0.19308805327143166,0.21441785418921785,0.21818748967532564
4.292979919624329,4.292979919624329,2.7221835928294364,2.7221835928294364,0.19192104037475838,0.19256089542226185,0.21159910757007686,0.2153221446095865
4.342979919624328,4.342979919624328,2.7721835928294363,2.7721835928294363,0.19168952166338135,0.19211823919741253,0.2093747946942929,0.21276318185052817
4.392979919624328,4.392979919624328,2.822183592829436,2.822183592829436,0.1920495284647337,0.19217663206931823,0.20693058324138375,0.21035903352576915
4.442979919624328,4.442979919624328,2.872183592829436,2.872183592829436,0.1926180431951099,0.19260911734966155,0.20494652942323904,0.20833948433878696
4.492979919624328,4.492979919624328,2.9221835928294357,2.9221835928294357,0.19363340892709802,0.19344704049178812,0.20339791140491603,0.20674611776343504
4.542979919624328,4.542979919624328,2.9721835928294356,2.9721835928294356,0.1946842040060608,0.1944946615071451,0.20213971404778733,0.2054426125528588
4.5929799196243275,4.5929799196243275,3.0221835928294354,3.0221835928294354,0.19556877500270342,0.1954107062773219,0.20109342444692824,0.2043551004717793
4.642979919624327,4.642979919624327,3.072183592829435,3.072183592829435,0.196286941229086,0.19615663530449895,0.2002183115941792,0.20344372021229262
4.692979919624327,4.692979919624327,3.122183592829435,3.122183592829435,0.19686477605605068,0.19675814518435195,0.19947998406333348,0.20267345864684555
4.742979919624327,4.742979919624327,3.172183592829435,3.172183592829435,0.19732555746194078,0.19723921537375885,0.19885112167558364,0.2020166921768343
4.792979919624327,4.792979919624327,3.2221835928294347,3.2221835928294347,0.19768851221668837,0.19761961626702088,0.19831594795495083,0.20145394859636426
4.842979919624327,4.842979919624327,3.2721835928294345,3.2721835928294345,0.19797057795887377,0.19791637704289824,0.19786222244314183,0.2009739621719108
4.892979919624326,4.892979919624326,3.3221835928294343,3.3221835928294343,0.19818635360533865,0.198144607033669,0.19747650658881133,0.20056649919037647
4.942979919624326,4.942979919624326,3.372183592829434,3.372183592829434,0.19834801945504238,0.19831679638738617,0.19714602605322487,0.20021839117263499
4.992979919624326,4.992979919624326,3.422183592829434,3.422183592829434,0.19846528191874663,0.1984429908219564,0.19686090982874418,0.1999179771409638
5.042979919624326,5.042979919624326,3.472183592829434,3.472183592829434,0.1985462783570162,0.1985314345116422,0.19661282022976867,0.19965660264066526
5.092979919624326,5.092979919624326,3.5221835928294336,3.5221835928294336,0.19859773228995609,0.19858919275024947,0.19639473924691286,0.1994266829412757
5.1429799196243255,5.1429799196243255,3.5721835928294334,3.5721835928294334,0.19862484005398703,0.1986215362805251,0.19620159465488257,0.19922291929257477
5.192979919624325,5.192979919624325,3.6221835928294333,3.6221835928294333,0.19863202963129903,0.1986330731462818,0.19602863407800494,0.19904039989408803
5.242979919624325,5.242979919624325,3.672183592829433,3.672183592829433,0.19862304792602214,0.1986276299291032,0.1958720599895653,0.19887532716889395
5.292979919624325,5.292979919624325,3.722183592829433,3.722183592829433,0.19860072424286104,0.1986081577849851,0.19572943659673192,0.19872468159417553
5.342979919624325,5.342979919624325,3.7721835928294327,3.7721835928294327,0.19856762465022634,0.19857740293570375,0.19559786770558735,0.19858589724038367
5.392979919624325,5.392979919624325,3.8221835928294325,3.8221835928294325,0.19852577089162746,0.1985373072073218,0.19547547995688475,0.19845689189412755
5.4429799196243245,5.4429799196243245,3.8721835928294324,3.8721835928294324,0.19847668672848331,0.19848953855248244,0.19536059193277305,0.19833583924818807
5.492979919624324,5.492979919624324,3.922183592829432,3.922183592829432,0.19842160166480396,0.1984354570889694,0.1952522365015238,0.1982216859435386
5.542979919624324,5.542979919624324,3.972183592829432,3.972183592829432,0.19836202505796005,0.19837644185369796,0.19514859365985426,0.19811268340889268
5.592979919624324,5.592979919624324,4.022183592829432,4.022183592829432,0.19829840681591815,0.1983132106392533,0.19504921063320704,0.19800850298618472
5.642979919624324,5.642979919624324,4.072183592829432,4.072183592829432,0.19823169782030886,0.1982465374441336,0.19495357992815748,0.1979079927901229
5.692979919624324,5.692979919624324,4.1221835928294315,4.1221835928294315,0.198162457692604,0.19817713554122138,0.19486085128563904,0.19781059738041862
5.742979919624323,5.742979919624323,4.172183592829431,4.172183592829431,0.19809131231582533,0.19810559772366834,0.19477036869606693,0.19771589901198652
5.792979919624323,5.792979919624323,4.222183592829431,4.222183592829431,0.19801843326793006,0.19803219290321367,0.19468164863549103,0.19762328905769153
5.842979919624323,5.842979919624323,4.272183592829431,4.272183592829431,0.19794430549426748,0.19795729498374584,0.19459495953763692,0.19753239609757592
5.892979919624323,5.892979919624323,4.322183592829431,4.322183592829431,0.19786911732375956,0.19788126660645058,0.1945094532760795,0.19744332602374592
5.942979919624323,5.942979919624323,4.372183592829431,4.372183592829431,0.19779313559130884,0.19780447872178916,0.19442534570877437,0.19735556131856238
5.9929799196243225,5.9929799196243225,4.42218359282943,4.42218359282943,0.19771657195945658,0.197726751386269,0.1943419242395204,0.19726869560567772
6.042979919624322,6.042979919624322,4.47218359282943,4.47218359282943,0.19763950318405551,0.1976486597422279,0.19425972085278215,0.19718285698342156
6.092979919624322,6.092979919624322,4.52218359282943,4.52218359282943,0.1975620698046359,0.19757005327568686,0.19417802361658357,0.19709772609644824
6.142979919624322,6.142979919624322,4.57218359282943,4.57218359282943,0.19748447903357208,0.19749120290391156,0.19409692642889217,0.19701350950494462
6.192979919624322,6.192979919624322,4.62218359282943,4.62218359282943,0.19740655068141155,0.19741193567157456,0.19401634881207944,0.19692981973660428
6.242979919624322,6.242979919624322,4.6721835928294295,4.6721835928294295,0.19732858926728342,0.1973326316186655,0.19393627059059626,0.19684654670084334
0.009794612444735333,0.009794612444735333,4.722183592829429,4.722183592829429,0.19725064047992064,0.1972532377446882,0.19385661198194273,0.19676377157701375
0.05979461244473544,0.05979461244473544,4.772183592829429,4.772183592829429,0.19717441888198436,0.19717557867845717,0.19377747201205922,0.1966816326343557
0.10979461244473553,0.10979461244473553,4.822183592829429,4.822183592829429,0.19710777671770618,0.1971075775865586,0.19369930993711745,0.19660026098773695
0.1597946124447356,0.1597946124447356,4.872183592829429,4.872183592829429,0.19705327117315335,0.19705155643997643,0.19362280289525996,0.19652120587029068
0.2097946124447357,0.2097946124447357,4.922183592829429,4.922183592829429,0.1970100166254246,0.1970068054705609,0.19354955733806595,0.1964449849651662
0.2597946124447358,0.2597946124447358,4.9721835928294285,4.9721835928294285,0.19697691675096468,0.196972161736047,0.19348017822939273,0.1963726409464044
0.30979461244473583,0.30979461244473583,5.022183592829428,5.022183592829428,0.19695319917313509,0.1969469365777016,0.19341502887406115,0.19630466082999534
0.3597946124447359,0.3597946124447359,5.072183592829428,5.072183592829428,0.1969382768036088,0.19693042153468218,0.1933547277182698,0.1962415561666744
0.4097946124447359,0.4097946124447359,5.122183592829428,5.122183592829428,0.19693152509604575,0.1969221231072575,0.19329946865985076,0.1961837131807775
0.45979461244473596,0.45979461244473596,5.172183592829428,5.172183592829428,0.19693250707877996,0.1969215566363463,0.1932496271120041,0.19613132537615074
0.509794612444736,0.509794612444736,5.222183592829428,5.222183592829428,0.19693970246822382,0.19692708910427445,0.19320550042587928,0.19608436123358472
0.559794612444736,0.559794612444736,5.272183592829427,5.272183592829427,0.19695164588805802,0.196937443266394,0.19316643264043404,0.1960428952511325
0.6097946124447361,0.6097946124447361,5.322183592829427,5.322183592829427,0.19696941824848435,0.19695368557772097,0.19313305320349033,0.19600692823372898
